Name,smiles,cgsmiles,OCO,HD,CLF,error
HEaSC00037,FC(F)(Cl)Cl,{[#X1]}.{#X1=FC(F)(Cl)Cl},1.197183609008789,1.4458335638046265,1.379124402999878,
HEaSC00038,ClC(Cl)Cl,{[#X2]}.{#X2=ClC(Cl)Cl},1.2208446264266968,1.446411371231079,1.3529917001724243,
HEaSC00040,FC(Cl)(Cl)Cl,{[#X1]}.{#X1=FC(Cl)(Cl)Cl},1.208819031715393,1.4461301565170288,1.366289496421814,
HEaSC00041,O=[N+]([O-])C(Cl)(Cl)Cl,"{[#SN3a][#X2]}.{#SN3a=O=[N+]([O-])[$],#X2=ClC(Cl)(Cl)[$]}",0.8157909512519836,1.1558150053024292,1.4419223070144653,
HEaSC00042,ClC(Cl)(Cl)Cl,{[#X1]}.{#X1=ClC(Cl)(Cl)Cl},1.2203857898712158,1.4464235305786133,1.3535282611846924,
HEaSC00043,FC(F)F,{[#SX4e]}.{#SX4e=FC(F)F},1.14736807346344,1.443660020828247,1.4329214096069336,
HEaSC00050,ClCBr,{[#SX2]}.{#SX2=ClCBr},1.195023775100708,1.4458671808242798,1.381619930267334,
HEaSC00052,ClCCl,{[#SX3h]}.{#SX3h=ClCCl},1.2031586170196533,1.4461208581924438,1.3727058172225952,
HEaSC00053,FCF,{[#TX4]}.{#TX4=FCF},1.168121099472046,1.4446532726287842,1.4106218814849854,
HEaSC00054,ICI,{[#X2]}.{#X2=ICI},1.2254533767700195,1.4464447498321533,1.347800612449646,
HEaSC00055,c1nnn[nH]1,"{[#TN6a]1[#TN1a][#TN6d]1}.{#TN1a=N(=N[$])[$],#TN6a=C(=N[$])[$],#TN6d=N[$][$]}",-0.2733253836631775,-1.7059749364852905,-0.9754788279533386,
HEaSC00057,O=CO,{[#SP2]}.{#SP2=O=CO},-0.6782139539718628,-1.9536468982696533,-0.831924557685852,
HEaSC00058,CBr,{[#SX2]}.{#SX2=CBr},1.1996181011199951,1.4459716081619263,1.3765360116958618,
HEaSC00059,CCl,{[#TX3]}.{#TX3=CCl},1.1902265548706055,1.4457900524139404,1.3869693279266357,
HEaSC00061,CF,{[#TX4e]}.{#TX4e=CF},1.1845511198043823,1.4453775882720947,1.392888069152832,
HEaSC00063,CI,{[#SX1]}.{#SX1=CI},1.2105023860931396,1.446265697479248,1.3645508289337158,
HEaSC00064,NC=O,{[#SP5]}.{#SP5=NC=O},-0.6719012260437012,-1.953725814819336,-0.8391940593719482,
HEaSC00074,CO,{[#TP1]}.{#TP1=CO},-0.6658697724342346,-1.9537886381149292,-0.8461238741874695,
HEaSC00078,CN,{[#TN6d]}.{#TN6d=CN},-0.6252671480178833,-1.9527465105056763,-0.8909035921096802,
HEaSC00080,CNN,{[#P5d]}.{#P5d=CNN},-0.66203373670578,-1.9537819623947144,-0.8504716753959656,
HEaSC00083,N#CC(Cl)(Cl)Cl,"{[#TN4a][#X2]}.{#TN4a=N#C[$],#X2=ClC(Cl)(Cl)[$]}",1.2118593454360962,1.446195125579834,1.3629196882247925,
HEaSC00084,ClC(Cl)=C(Cl)Cl,{[#SX3h]=[#SX3h]}.{#SX3h=ClC(Cl)[$]},1.2231903076171875,1.4464524984359741,1.3503801822662354,
HEaSC00085,ClC(Cl)(Cl)C(Cl)(Cl)Cl,{[#X2][#X2]}.{#X2=ClC(Cl)(Cl)[$]},1.229456901550293,1.4464991092681885,1.3433234691619873,
HEaSC00086,FC(F)(F)C(F)(F)F,{[#SX4e][#SX4e]}.{#SX4e=FC(F)(F)[$]},1.1999266147613525,1.446073055267334,1.3763151168823242,
HEaSC00087,N#CC#N,{[#TN4a][#TN4a]}.{#TN4a=N#C[$]},-0.5889432430267334,-1.9513280391693115,-0.9303430318832397,
HEaSC00089,FC(F)(F)[C@@H](Cl)Br,"{[#SX4e][#SX2]}.{#SX2=ClC(Br)[$],#SX4e=FC(F)(F)[$]}",1.2082219123840332,1.4462162256240845,1.367077350616455,
HEaSC00092,ClC=C(Cl)Cl,{[#X3h]}.{#X3h=ClC=C(Cl)Cl},1.2350130081176758,1.4465080499649048,1.3370251655578613,
HEaSC00093,O=C(O)C(Cl)(Cl)Cl,"{[#SP2][#X2]}.{#SP2=O=C(O)[$],#X2=ClC(Cl)(Cl)[$]}",1.1973239183425903,1.44581139087677,1.378936767578125,
HEaSC00094,ClC(Cl)C(Cl)(Cl)Cl,"{[#SX3h][#X2]}.{#SX3h=ClC(Cl)[$],#X2=ClC(Cl)(Cl)[$]}",1.2269147634506226,1.4464844465255737,1.34619140625,
HEaSC00095,C#C,{[#TC6r]}.{#TC6r=C#C},1.211199402809143,1.4462931156158447,1.3637943267822266,
HEaSC00096,N#CCCl,"{[#TN4a][#TX3]}.{#TN4a=N#C[$],#TX3=ClC[$]}",0.5210201144218445,0.31992581486701965,0.7093217968940735,
HEaSC00098,ClC=CCl,{[#TX3]=[#TX3]}.{#TX3=ClC[$]},1.1881589889526367,1.445740818977356,1.3892546892166138,
HEaSC00099,ClC=CCl,{[#TX3]=[#TX3]}.{#TX3=ClC[$]},1.1881589889526367,1.445740818977356,1.3892546892166138,
HEaSC00100,O=C(O)C(Cl)Cl,"{[#SP2][#SX3h]}.{#SP2=O=C(O)[$],#SX3h=ClC(Cl)[$]}",0.2709740996360779,0.10691465437412262,0.7212885618209839,
HEaSC00101,NC(=O)C(Cl)(Cl)Cl,"{[#SP5][#X2]}.{#SP5=NC(=O)[$],#X2=ClC(Cl)(Cl)[$]}",1.09489905834198,1.4383463859558105,1.4857226610183716,
HEaSC00102,ClC(Cl)C(Cl)Cl,{[#SX3h][#SX3h]}.{#SX3h=ClC(Cl)[$]},1.2231903076171875,1.4464524984359741,1.3503801822662354,
HEaSC00104,NC(=O)C(F)(F)F,"{[#SP5][#SX4e]}.{#SP5=NC(=O)[$],#SX4e=FC(F)(F)[$]}",0.11282985657453537,-0.0181545689702034,0.7411816120147705,
HEaSC00105,c1cnon1,"{[#TN6a]1[#TN6a][#TN2a]1}.{#TN2a=O[$][$],#TN6a=C(=N[$])[$]}",0.127831369638443,-1.1084355115890503,-0.6680447459220886,
HEaSC00106,O=[N+]([O-])c1nc[nH]n1,"{[#SN3a][#TN6aB]1[#TN6aA][#TN6d]1}.{#SN3a=O=[N+]([O-])[$],#TN6aA=C(=N[$])[$],#TN6aB=N(=C[$][$])[$],#TN6d=N[$][$]}",-0.5283157229423523,-1.6017717123031616,-0.5528424382209778,
HEaSC00107,C=CBr,{[#SX1]}.{#SX1=C=CBr},1.20472252368927,1.4460989236831665,1.3709017038345337,
HEaSC00112,NC(=O)C(Cl)Cl,"{[#SP5][#SX3h]}.{#SP5=NC(=O)[$],#SX3h=ClC(Cl)[$]}",-0.5591926574707031,-0.9420401453971863,0.32464078068733215,
HEaSC00113,CC(Cl)(Cl)Cl,{[#X1]}.{#X1=CC(Cl)(Cl)Cl},1.2350342273712158,1.4464727640151978,1.3369557857513428,
HEaSC00115,OCC(Cl)(Cl)Cl,"{[#TP1][#X2]}.{#TP1=OC[$],#X2=ClC(Cl)(Cl)[$]}",0.33014222979545593,-0.06272944062948227,0.4374745786190033,
HEaSC00116,OC(O)C(Cl)(Cl)Cl,"{[#P4][#X2]}.{#P4=OC(O)[$],#X2=ClC(Cl)(Cl)[$]}",0.07223708927631378,-1.0203473567962646,-0.4924291670322418,
HEaSC00118,OCC(F)(F)F,"{[#TP1d][#SX4e]}.{#SX4e=FC(F)(F)[$],#TP1d=OC[$]}",1.1021558046340942,1.4369233846664429,1.4756643772125244,
HEaSC00119,CC#N,{[#SN2a]}.{#SN2a=CC#N},0.3642054498195648,-0.2607175409793854,0.1459779143333435,
HEaSC00121,c1nc[nH]n1,"{[#TN6a]1[#TN6a][#TN6d]1}.{#TN6a=C(=N[$])[$],#TN6d=N[$][$]}",-0.08691884577274323,-1.119102120399475,-0.4377859830856323,
HEaSC00122,c1cn[nH]n1,"{[#TN6a]1[#TN6a][#TN6d]1}.{#TN6a=C(=N[$])[$],#TN6d=N[$][$]}",-0.08691884577274323,-1.119102120399475,-0.4377859830856323,
HEaSC00126,C=C,{[#TC5]}.{#TC5=C=C},1.2270079851150513,1.4464894533157349,1.346091866493225,
HEaSC00128,BrCCBr,{[#SX2][#SX2]}.{#SX2=BrC[$]},1.220433235168457,1.4464128017425537,1.353460669517517,
HEaSC00130,C[C@H](Cl)[N+](=O)[O-],"{[#SX3][#SN3a]}.{#SN3a=O=[N+]([O-])[$],#SX3=CC(Cl)[$]}",0.7531561851501465,0.7537359595298767,0.9996347427368164,
HEaSC00131,CC(Cl)Cl,{[#SX3h]}.{#SX3h=CC(Cl)Cl},1.2093505859375,1.4462323188781738,1.365816354751587,
HEaSC00132,ClCCCl,{[#X3h]}.{#X3h=ClCCCl},1.247972011566162,1.446466326713562,1.3222546577453613,
HEaSC00136,NCC(F)(F)F,"{[#TN6d][#SX4e]}.{#SX4e=FC(F)(F)[$],#TN6d=NC[$]}",0.9451683759689331,1.10518479347229,1.2303457260131836,
HEaSC00138,ICCI,{[#SX1][#SX1]}.{#SX1=IC[$]},1.2297321557998657,1.4464987516403198,1.3430100679397583,
HEaSC00139,N#CCN,"{[#TN4a][#TN6d]}.{#TN4a=N#C[$],#TN6d=NC[$]}",-0.05866508185863495,-1.121791124343872,-0.47330567240715027,
HEaSC00146,C1CO1,{[#P4]}.{#P4=C1CO1},-0.6833156943321228,-1.953656554222107,-0.8261429071426392,
HEaSC00147,CC(=O)O,{[#SP2]}.{#SP2=CC(=O)O},-0.6764658093452454,-1.953650712966919,-0.8339146971702576,
HEaSC00148,COC=O,{[#N4a]}.{#N4a=COC=O},0.33204761147499084,-0.2581285238265991,0.1858036071062088,
HEaSC00151,CCBr,{[#X2]}.{#X2=CCBr},1.2334880828857422,1.4464240074157715,1.3386495113372803,
HEaSC00152,OCCBr,"{[#TP1d][#SX2]}.{#SX2=BrC[$],#TP1d=OC[$]}",1.178998351097107,1.444674015045166,1.3982958793640137,
HEaSC00153,CCCl,{[#SX3]}.{#SX3=CCCl},1.1958656311035156,1.445943832397461,1.3807621002197266,
HEaSC00154,OCCCl,"{[#TP1d][#TX3]}.{#TP1d=OC[$],#TX3=ClC[$]}",0.09404753148555756,-0.44508233666419983,0.21736350655555725,
HEaSC00156,OCCF,"{[#TP1d][#TX4e]}.{#TP1d=OC[$],#TX4e=FC[$]}",0.07540987432003021,-0.44480907917022705,0.23887817561626434,
HEaSC00157,CCI,{[#X1]}.{#X1=CCI},1.2429463863372803,1.4464915990829468,1.3279942274093628,
HEaSC00159,CC(N)=O,{[#SP5]}.{#SP5=CC(N)=O},-0.6708719730377197,-1.9537252187728882,-0.8403621315956116,
HEaSC00160,CNC=O,{[#P3]}.{#P3=CNC=O},-0.6911828517913818,-1.9534138441085815,-0.8168990612030029,
HEaSC00162,NCC(=O)O,{[#P6]}.{#P6=NCC(=O)O},-0.6742369532585144,-1.953710913658142,-0.8365222811698914,
HEaSC00165,O=[N+]([O-])CCO,"{[#SN3a][#SP1]}.{#SN3a=O=[N+]([O-])[$],#SP1=OCC[$]}",-0.7501535415649414,-1.9245250225067139,-0.7130404114723206,
HEaSC00179,COC,{[#SN3r]}.{#SN3r=COC},0.7945791482925415,0.2893019914627075,0.35955265164375305,
HEaSC00181,CCO,{[#SP1]}.{#SP1=CCO},-0.6658928990364075,-1.9537882804870605,-0.8460971117019653,
HEaSC00183,CS(C)=O,{[#P4]}.{#P4=CS(C)=O},-0.6847913265228271,-1.953574776649475,-0.8243623971939087,
HEaSC00184,OCCO,{[#P4]}.{#P4=OCCO},-0.6770703792572021,-1.9537814855575562,-0.8333945274353027,
HEaSC00186,CSSC,{[#TC6][#TC6]}.{#TC6=CS[$]},1.1421058177947998,1.443627119064331,1.4388554096221924,
HEaSC00187,CNC,{[#SN1]}.{#SN1=CNC},0.633358895778656,0.06934778392314911,0.26177966594696045,
HEaSC00188,CCN,{[#SN6d]}.{#SN6d=CCN},-0.549191951751709,-1.9457769393920898,-0.9683976173400879,
HEaSC00189,NCCO,"{[#TN6d][#TP1d]}.{#TN6d=NC[$],#TP1d=OC[$]}",-0.571078360080719,-1.9335051774978638,-0.9278730750083923,
HEaSC00193,NCCN,{[#TN6d][#TN6d]}.{#TN6d=NC[$]},0.05109904333949089,-0.8253119587898254,-0.21938109397888184,
HEaSC00196,O=C(C(F)(F)F)C(F)(F)F,"{[#TN4a][#SX4e]([#SX4e])}.{#SX4e=FC(F)(F)[$],#TN4a=O=C[$][$]}",1.1831740140914917,1.4453128576278687,1.3943692445755005,
HEaSC00202,O=[N+]([O-])c1nc[nH]c1Br,"{[#SN3a][#SX2]1[#TN6a][#TN6d]1}.{#SN3a=O=[N+]([O-])[$],#SX2=BrC(=C[$][$])[$],#TN6a=C(=N[$])[$],#TN6d=N[$][$]}",0.01331659872084856,-0.7210365533828735,-0.04332372173666954,
HEaSC00206,O=[N+]([O-])c1nc[nH]c1Cl,"{[#SN3a][#SX3]1[#TN6a][#TN6d]1}.{#SN3a=O=[N+]([O-])[$],#SX3=ClC(=C[$][$])[$],#TN6a=C(=N[$])[$],#TN6d=N[$][$]}",-0.1681637316942215,-0.7573623061180115,0.11638867110013962,
HEaSC00207,OC(C(F)(F)F)C(F)(F)F,"{[#TP1d][#SX4e]([#SX4e])}.{#SX4e=FC(F)(F)[$],#TP1d=OC[$][$]}",1.0452649593353271,1.202310562133789,1.2406927347183228,
HEaSC00209,N#CCC#N,"{[#SN2a][#TN4a]}.{#SN2a=N#CC[$],#TN4a=N#C[$]}",-0.00959634780883789,-0.9795169830322266,-0.3473588526248932,
HEaSC00210,O=[N+]([O-])c1c[nH]c([N+](=O)[O-])n1,"{[#SN3a][#TC5]1[#TN6d][#TN6a]1[#SN3a]}.{#SN3a=O=[N+]([O-])[$],#TC5=C(=C[$][$])[$],#TN6a=N(=C[$][$])[$],#TN6d=N[$][$]}",-0.6334264278411865,-1.6713858842849731,-0.5223647356033325,
HEaSC00211,O=[N+]([O-])c1nc[nH]c1[N+](=O)[O-],"{[#SN3a][#TC5]1[#TN6a][#TN6d]1([#SN3a])}.{#SN3a=O=[N+]([O-])[$],#TC5=C(=C[$][$])[$][$],#TN6a=C(=N[$])[$],#TN6d=N[$][$]}",-0.39995554089546204,-1.241295576095581,-0.23831796646118164,
HEaSC00214,COC(=O)C(Cl)(Cl)Cl,"{[#N4a][#X2]}.{#N4a=COC(=O)[$],#X2=ClC(Cl)(Cl)[$]}",1.2812939882278442,1.4432107210159302,1.280255913734436,
HEaSC00216,COC(=O)C(F)(F)F,"{[#N4a][#SX4e]}.{#N4a=COC(=O)[$],#SX4e=FC(F)(F)[$]}",1.2299216985702515,1.44573175907135,1.341815710067749,
HEaSC00218,Ic1cn[nH]c1,"{[#X1]1[#TN6a][#TN6d]1}.{#TN6a=C(=N[$])[$],#TN6d=N[$][$],#X1=IC(=C[$])[$]}",0.24843829870224,-0.44560378789901733,0.04136496037244797,
HEaSC00219,C=CC#N,"{[#TC5][#TN4a]}.{#TC5=C=C[$],#TN4a=N#C[$]}",0.5425465703010559,-0.0627470389008522,0.19623665511608124,
HEaSC00220,c1cnoc1,"{[#TC5]1[#TN6a][#TN2a]1}.{#TC5=C(=C[$])[$],#TN2a=O[$][$],#TN6a=C(=N[$])[$]}",-0.14573156833648682,-1.1038286685943604,-0.35149264335632324,
HEaSC00221,c1cocn1,"{[#TC5]1[#TN2a][#TN6a]1}.{#TC5=C(=C[$])[$],#TN2a=O[$][$],#TN6a=C(=N[$])[$]}",-0.1457316130399704,-1.1038285493850708,-0.35149264335632324,
HEaSC00222,N#CCC(=O)O,"{[#SN2a][#SP2]}.{#SN2a=N#CC[$],#SP2=O=C(O)[$]}",-0.24638277292251587,-1.197317123413086,-0.35656532645225525,
HEaSC00223,c1cscn1,"{[#TC5]1[#TC6][#TN6a]1}.{#TC5=C(=C[$])[$],#TC6=S[$][$],#TN6a=C(=N[$])[$]}",0.03449741005897522,-0.6783545613288879,-0.012876555323600769,
HEaSC00228,O=[N+]([O-])c1ncc[nH]1,"{[#SN3a][#TN6a]1[#TC5][#TN6d]1}.{#SN3a=O=[N+]([O-])[$],#TC5=C(=C[$])[$],#TN6a=N(=C[$][$])[$],#TN6d=N[$][$]}",-0.38836756348609924,-1.3206160068511963,-0.35276296734809875,
HEaSC00229,O=[N+]([O-])c1c[nH]cn1,"{[#SN3a][#TC5]1[#TN6d][#TN6a]1}.{#SN3a=O=[N+]([O-])[$],#TC5=C(=C[$][$])[$],#TN6a=C(=N[$])[$],#TN6d=N[$][$]}",-0.5307725667953491,-1.6352320909500122,-0.5927777886390686,
HEaSC00230,O=[N+]([O-])c1cn[nH]c1,"{[#SN3a][#TC5]1[#TN6a][#TN6d]1}.{#SN3a=O=[N+]([O-])[$],#TC5=C(=C[$][$])[$],#TN6a=C(=N[$])[$],#TN6d=N[$][$]}",-0.5307726263999939,-1.6352320909500122,-0.592777669429779,
HEaSC00231,O=c1nc[nH]c(=O)[nH]1,"{[#TN6aB]1[#TN6aA][#TN6d][#TN6aB][#TN6d]1}.{#TN6aA=C(=N[$])[$],#TN6aB=O=C[$][$],#TN6d=N[$][$]}",-0.4657011926174164,-1.649572730064392,-0.684987485408783,
HEaSC00233,O=[N+]([O-])c1cnc[nH]1,"{[#SN3a][#TC5]1[#TN6a][#TN6d]1}.{#SN3a=O=[N+]([O-])[$],#TC5=C(=C[$][$])[$],#TN6a=C(=N[$])[$],#TN6d=N[$][$]}",-0.5307726263999939,-1.6352320909500122,-0.592777669429779,
HEaSC00235,O=c1cn[nH]c(=O)[nH]1,"{[#SN6a]=[#TC5]1[#TN6aA][#TN6d](=[#TN6aB])([#TN6d]1)}.{#SN6a=O[$],#TC5=C(C[$][$])[$],#TN6aA=C[$][$][$].N[$][$],#TN6aB=O[$],#TN6d=N[$][$]}",-0.35602089762687683,-1.4688243865966797,-0.5787457227706909,
HEaSC00237,Cc1nonc1[N+](=O)[O-],"{[#SN6a]1[#TN2a][#TN6a]1[#SN3a]}.{#SN3a=O=[N+]([O-])[$],#SN6a=CC(=N[$])[$],#TN2a=O[$][$],#TN6a=N(=C[$][$])[$]}",-0.1370353251695633,-1.081748366355896,-0.3331739008426666,
HEaSC00240,C#CC,{[#SC6r]}.{#SC6r=C#CC},1.2066923379898071,1.446199655532837,1.3687933683395386,
HEaSC00241,N#CCCCl,"{[#SN2a][#TX3]}.{#SN2a=N#CC[$],#TX3=ClC[$]}",0.6311929225921631,0.6958184838294983,1.0641858577728271,
HEaSC00244,c1c[nH]cn1,"{[#TC5]1[#TN6d][#TN6a]1}.{#TC5=C(=C[$])[$],#TN6a=C(=N[$])[$],#TN6d=N[$][$]}",-0.21219941973686218,-1.1994057893753052,-0.3980526030063629,
HEaSC00245,c1cn[nH]c1,"{[#TC5]1[#TN6a][#TN6d]1}.{#TC5=C(=C[$])[$],#TN6a=C(=N[$])[$],#TN6d=N[$][$]}",-0.21219944953918457,-1.1994059085845947,-0.3980526030063629,
HEaSC00249,Cn1cnc([N+](=O)[O-])n1,"{[#TN1]1[#TN6aA][#TN6aB]1[#SN3a]}.{#SN3a=O=[N+]([O-])[$],#TN1=CN[$][$],#TN6aA=C(=N[$])[$],#TN6aB=N(=C[$][$])[$]}",-0.11223196238279343,-1.090972900390625,-0.3731209635734558,
HEaSC00250,C#CCO,"{[#TC6r][#TP1d]}.{#TC6r=C#C[$],#TP1d=OC[$]}",-0.5432583093643188,-1.5140565633773804,-0.4238685965538025,
HEaSC00251,C=CC=O,"{[#TC5][#TN4a]}.{#TC5=C=C[$],#TN4a=O=C[$]}",0.5409088730812073,0.17893126606941223,0.506697952747345,
HEaSC00252,C=CC(=O)O,{[#P2]}.{#P2=C=CC(=O)O},-0.674274742603302,-1.9534459114074707,-0.8361413478851318,
HEaSC00253,O=C(O)CC(=O)O,"{[#SP2B][#SP2A]}.{#SP2A=O=C(O)C[$],#SP2B=O=C(O)[$]}",-0.4663219749927521,-1.319126009941101,-0.26233190298080444,
HEaSC00254,C=CCBr,"{[#TC5][#SX2]}.{#SX2=BrC[$],#TC5=C=C[$]}",1.2103523015975952,1.4460358619689941,1.3644275665283203,
HEaSC00255,BrC[C@H]1CO1,"{[#SX2][#P4]}.{#P4=C1OC1[$],#SX2=BrC[$]}",0.12015870958566666,-0.5918304324150085,0.0003264665720053017,
HEaSC00256,C[C@@H](Br)C(=O)O,"{[#X2][#SP2]}.{#SP2=O=C(O)[$],#X2=CC(Br)[$]}",1.0339887142181396,1.1373647451400757,1.170568585395813,
HEaSC00258,ClC[C@H]1CO1,"{[#TX3][#P4]}.{#P4=C1OC1[$],#TX3=ClC[$]}",-0.7523192167282104,-1.9500722885131836,-0.7432023286819458,
HEaSC00259,O=C(O)CCCl,"{[#SP2][#SX3]}.{#SP2=O=C(O)[$],#SX3=ClCC[$]}",0.06914979964494705,-0.13949476182460785,0.6358463168144226,
HEaSC00260,FC[C@H]1CO1,"{[#TX4e][#P4]}.{#P4=C1OC1[$],#TX4e=FC[$]}",-0.746507465839386,-1.9506886005401611,-0.7505897283554077,
HEaSC00262,C[C@@H](O)C(F)(F)F,"{[#SP1][#SX4e]}.{#SP1=CC(O)[$],#SX4e=FC(F)(F)[$]}",1.185689926147461,1.4452810287475586,1.3914713859558105,
HEaSC00263,OCCC(F)(F)F,"{[#SP1][#SX4e]}.{#SP1=OCC[$],#SX4e=FC(F)(F)[$]}",1.1851279735565186,1.445263385772705,1.3920869827270508,
HEaSC00264,C#CCN,"{[#TC6r][#TN6d]}.{#TC6r=C#C[$],#TN6d=NC[$]}",-0.420053631067276,-1.5762840509414673,-0.6432440280914307,
HEaSC00265,CCC#N,"{[#TC3][#TN4a]}.{#TC3=CC[$],#TN4a=N#C[$]}",0.4224003851413727,-0.06558927148580551,0.3290505111217499,
HEaSC00266,N#CCCO,"{[#SN2a][#TP1]}.{#SN2a=N#CC[$],#TP1=OC[$]}",-0.6589103937149048,-1.953019380569458,-0.8530452847480774,
HEaSC00267,C=CC(N)=O,{[#P5]}.{#P5=C=CC(N)=O},-0.668422520160675,-1.9537248611450195,-0.8431433439254761,
HEaSC00271,CS(=O)(=O)CC#N,"{[#P4][#SN2a]}.{#P4=CS(=O)(=O)[$],#SN2a=N#CC[$]}",-0.6586387157440186,-1.9516959190368652,-0.8516635298728943,
HEaSC00273,Cc1nc[nH]n1,"{[#SN6a]1[#TN6a][#TN6d]1}.{#SN6a=CC(=N[$])[$],#TN6a=C(=N[$])[$],#TN6d=N[$][$]}",0.12692111730575562,-0.7277621626853943,-0.18092557787895203,
HEaSC00274,Nc1cn[nH]c1,"{[#SN6d]1[#TN6a][#TN6d]1}.{#SN6d=NC(=C[$])[$],#TN6a=C(=N[$])[$],#TN6d=N[$][$]}",-0.2533460855484009,-1.3385564088821411,-0.5290073156356812,
HEaSC00281,C1CC1,{[#SC3]}.{#SC3=C1CC1},1.2741446495056152,1.446141004562378,1.2921168804168701,
HEaSC00282,C=CC,{[#SC4]}.{#SC4=C=CC},1.2536267042160034,1.4464590549468994,1.315824031829834,
HEaSC00284,BrCCCBr,"{[#X2][#SX2]}.{#SX2=BrC[$],#X2=BrCC[$]}",1.2299484014511108,1.4464812278747559,1.3427419662475586,
HEaSC00286,ClCCCCl,"{[#SX3][#TX3]}.{#SX3=ClCC[$],#TX3=ClC[$]}",1.2006194591522217,1.446060061454773,1.375511646270752,
HEaSC00287,CNC(=O)CF,"{[#P3][#TX4e]}.{#P3=CNC(=O)[$],#TX4e=FC[$]}",-0.5324522852897644,-1.3606209754943848,-0.24021637439727783,
HEaSC00288,OC(CF)CF,"{[#TP1d][#TX4e]([#TX4e])}.{#TP1d=OC[$][$],#TX4e=FC[$]}",0.5214519500732422,0.231363907456398,0.5957456827163696,
HEaSC00289,CNCC(F)(F)F,"{[#SN1][#SX4e]}.{#SN1=CNC[$],#SX4e=FC(F)(F)[$]}",1.2332191467285156,1.4462891817092896,1.3387824296951294,
HEaSC00290,ICCCI,"{[#X1][#SX1]}.{#SX1=IC[$],#X1=ICC[$]}",1.2367597818374634,1.4465155601501465,1.3350509405136108,
HEaSC00292,S=C1NCCN1,"{[#TC6]1[#TN6d][#TN6d]1}.{#TC6=S=C[$][$],#TN6d=C(N[$])[$]}",-0.48154735565185547,-1.6690446138381958,-0.6918557286262512,
HEaSC00293,CNC(N)=NC#N,"{[#TN6dA][#TN6dB]=[#P4d]}.{#P4d=N#CN[$],#TN6dA=CN[$],#TN6dB=NC[$][$]}",-0.12342696636915207,-1.0502861738204956,-0.3084539473056793,
HEaSC00294,Nc1nc(N)nc(N)n1,"{[#TN6d][#TN6a]1[#TN6a][#TN6d]([#TN6a]1[#TN6d])}.{#TN6a=N(=C[$][$])[$],#TN6d=N[$]}",-0.3856125473976135,-1.562111258506775,-0.6642592549324036,
HEaSC00296,CC(C)=O,{[#SN5a]}.{#SN5a=CC(C)=O},0.8895491361618042,-0.06094496324658394,-0.1955331712961197,
HEaSC00297,C=CCO,"{[#TC5][#TP1d]}.{#TC5=C=C[$],#TP1d=OC[$]}",0.08114387840032578,-0.3278629779815674,0.38169631361961365,
HEaSC00298,CCC=O,{[#N6a]}.{#N6a=CCC=O},0.6422358751296997,0.06613252311944962,0.24759288132190704,
HEaSC00301,C1COCO1,"{[#TC3][#SN5a]}.{#SN5a=C(O[$])O[$],#TC3=C(C[$])[$]}",0.10541586577892303,-0.6462246179580688,-0.052387356758117676,
HEaSC00302,COC(C)=O,{[#N4a]}.{#N4a=COC(C)=O},0.44383394718170166,-0.10550916194915771,0.25373533368110657,
HEaSC00303,OC[C@H]1CO1,"{[#TP1][#P4]}.{#P4=C1OC1[$],#TP1=OC[$]}",-0.6908271908760071,-1.953630805015564,-0.8175796866416931,
HEaSC00304,CCC(=O)O,{[#P2]}.{#P2=CCC(=O)O},-0.6686453223228455,-1.953400731086731,-0.8424766063690186,
HEaSC00305,O=C(O)CCS,"{[#SP2][#SC6]}.{#SC6=SCC[$],#SP2=O=C(O)[$]}",0.2600894868373871,-0.2567995488643646,0.26921942830085754,
HEaSC00306,C[C@@H](O)C(=O)O,"{[#SP1][#SP2]}.{#SP1=CC(O)[$],#SP2=O=C(O)[$]}",-0.12748105823993683,-0.8189359307289124,-0.008436620235443115,
HEaSC00307,C1OCOCO1,"{[#SC3A][#SC3B]}.{#SC3A=C(OC[$])[$],#SC3B=C(O[$])O[$]}",1.2592267990112305,1.4462569952011108,1.3092060089111328,
HEaSC00308,CCCBr,{[#X2]}.{#X2=CCCBr},1.239647388458252,1.4464294910430908,1.3316614627838135,
HEaSC00311,CCCCl,{[#X3]}.{#X3=CCCCl},1.2415752410888672,1.4465022087097168,1.3295650482177734,
HEaSC00313,OCCCCl,"{[#SP1][#TX3]}.{#SP1=OCC[$],#TX3=ClC[$]}",-0.07470101118087769,-0.8199231624603271,-0.06963638216257095,
HEaSC00314,OCCCF,"{[#SP1][#TX4e]}.{#SP1=OCC[$],#TX4e=FC[$]}",-0.09175743907690048,-0.8193352222442627,-0.04951578378677368,
HEaSC00316,C=CCN,"{[#TC5][#TN6d]}.{#TC5=C=C[$],#TN6d=NC[$]}",-0.10357730090618134,-1.027479648590088,-0.3018742799758911,
HEaSC00319,CN(C)C=O,{[#P3a]}.{#P3a=CN(C)C=O},-0.7043295502662659,-1.952994704246521,-0.8014336228370667,
HEaSC00320,CNC(C)=O,{[#P3]}.{#P3=CNC(C)=O},-0.6877023577690125,-1.9534393548965454,-0.8208836913108826,
HEaSC00321,CCC(N)=O,{[#P5]}.{#P5=CCC(N)=O},-0.6687150001525879,-1.953728199005127,-0.8428158760070801,
HEaSC00322,CCC[N+](=O)[O-],"{[#SC2][#SN3a]}.{#SC2=CCC[$],#SN3a=O=[N+]([O-])[$]}",0.7098747491836548,0.7299376130104065,1.0183985233306885,
HEaSC00323,CC(C)[N+](=O)[O-],"{[#SC2][#SN3a]}.{#SC2=CC(C)[$],#SN3a=O=[N+]([O-])[$]}",0.712800920009613,0.7299174666404724,1.0150494575500488,
HEaSC00324,NCCC(=O)O,"{[#SN6d][#SP2]}.{#SN6d=NCC[$],#SP2=O=C(O)[$]}",-0.08026967942714691,-0.9063908457756042,-0.17372378706932068,
HEaSC00325,C[C@H](N)C(=O)O,"{[#SN6d][#SP2]}.{#SN6d=CC(N)[$],#SP2=O=C(O)[$]}",-0.07959172129631042,-0.9063841104507446,-0.17448511719703674,
HEaSC00327,CNC(=O)OC,"{[#P3][#TN3r]}.{#P3=CNC(=O)[$],#TN3r=CO[$]}",-0.37361037731170654,-1.1757773160934448,-0.1845754235982895,
HEaSC00329,CCOC(N)=O,"{[#SN3r][#SP5]}.{#SN3r=CCO[$],#SP5=NC(=O)[$]}",-0.7973674535751343,-1.9437108039855957,-0.6839210987091064,
HEaSC00331,CNCC(=O)O,"{[#SN1][#SP2]}.{#SN1=CNC[$],#SP2=O=C(O)[$]}",0.10684298723936081,-0.6478793621063232,-0.05612111836671829,
HEaSC00332,N[C@@H](CS)C(=O)O,"{[#TN6d][#TC6]([#SP2])}.{#SP2=O=C(O)[$],#TC6=SC[$],#TN6d=NC[$][$]}",-0.4304921329021454,-1.5286715030670166,-0.5705923438072205,
HEaSC00334,N[C@@H](CO)C(=O)O,"{[#TN6d][#TP1d]([#SP2])}.{#SP2=O=C(O)[$],#TN6d=NC[$][$],#TP1d=OC[$]}",-0.4333561658859253,-1.5292415618896484,-0.5680679082870483,
HEaSC00336,CCC,{[#SC2]}.{#SC2=CCC},1.2599122524261475,1.4463887214660645,1.308596134185791,
HEaSC00338,CNC(=O)NC,"{[#P3][#TN5]}.{#P3=CNC(=O)[$],#TN5=CN[$]}",-0.31757858395576477,-1.1007453203201294,-0.15239998698234558,
HEaSC00339,CCNC(N)=O,"{[#SN5][#SP5]}.{#SN5=CCN[$],#SP5=NC(=O)[$]}",-0.7227434515953064,-1.9519917964935303,-0.779241681098938,
HEaSC00346,CNC(=N[N+](=O)[O-])NC,"{[#TN6d][#TN2][#SN3a]([#TN5])}.{#SN3a=O=[N+]([O-])[$],#TN2=N(=C[$][$])[$],#TN5=CN[$],#TN6d=CN[$]}",0.07448966056108475,-1.054823398590088,-0.5390098690986633,
HEaSC00347,CC(C)O,{[#P1]}.{#P1=CC(C)O},-0.6225072741508484,-1.9525166749954224,-0.8937440514564514,
HEaSC00348,CCCO,{[#P1]}.{#P1=CCCO},-0.6225396394729614,-1.952517032623291,-0.8937075734138489,
HEaSC00350,OCCCO,"{[#SP1][#TP1]}.{#SP1=OCC[$],#TP1=OC[$]}",-0.7526009678840637,-1.943369746208191,-0.73432457447052,
HEaSC00351,COCOC,"{[#SN3r][#TN3r]}.{#SN3r=COC[$],#TN3r=CO[$]}",0.6210333704948425,-0.7106926441192627,-0.7202666401863098,
HEaSC00352,COCCO,"{[#SN3r][#TP1]}.{#SN3r=COC[$],#TP1=OC[$]}",-0.7007938027381897,-1.95327627658844,-0.8058086037635803,
HEaSC00354,OCC(O)CO,"{[#P4][#TP1]}.{#P4=OCC(O)[$],#TP1=OC[$]}",-0.6872699856758118,-1.953696370124817,-0.821703314781189,
HEaSC00355,CCSC,"{[#TC3][#TC6]}.{#TC3=CC[$],#TC6=CS[$]}",1.191668152809143,1.445805549621582,1.3853521347045898,
HEaSC00356,CCCS,"{[#TC3][#TC6]}.{#TC3=CC[$],#TC6=SC[$]}",1.193399429321289,1.4458831548690796,1.3834853172302246,
HEaSC00358,CC(C)N,{[#SN6d]}.{#SN6d=CC(C)N},-0.48957571387290955,-1.9372823238372803,-1.025253415107727,
HEaSC00359,CCNC,{[#N5]}.{#N5=CCNC},0.7327419519424438,0.10548321157693863,0.19505728781223297,
HEaSC00360,CCCN,{[#N6d]}.{#N6d=CCCN},0.565779983997345,-0.15319181978702545,0.05436209589242935,
HEaSC00361,CN(C)C,{[#SN3a]}.{#SN3a=CN(C)C},0.7745912075042725,0.3913753926753998,0.5125901699066162,
HEaSC00363,CNCCO,"{[#SN1][#TP1]}.{#SN1=CNC[$],#TP1=OC[$]}",-0.6538388133049011,-1.952911615371704,-0.8586667776107788,
HEaSC00364,NCCCO,"{[#SN6d][#TP1]}.{#SN6d=NCC[$],#TP1=OC[$]}",-0.3492209017276764,-1.4760711193084717,-0.5957216620445251,
HEaSC00373,NCCCN,"{[#SN6d][#TN6d]}.{#SN6d=NCC[$],#TN6d=NC[$]}",0.18276819586753845,-0.5977147221565247,-0.07828926295042038,
HEaSC00374,ClC(Cl)=C(Cl)C(Cl)=C(Cl)Cl,"{[#SX3h]=[#X3h]=[#SX3h]}.{#SX3h=ClC(Cl)[$],#X3h=ClC(C(Cl)[$])[$]}",1.2336827516555786,1.4465078115463257,1.3385353088378906,
HEaSC00375,Brc1ccsc1Br,"{[#TX2]1[#TC5][#TC6][#TX2]1}.{#TC5=C(=C[$])[$],#TC6=S[$][$],#TX2=BrC[$][$]}",1.2025693655014038,1.4460800886154175,1.3733229637145996,
HEaSC00376,Fc1cncc(Cl)n1,"{[#SX4e][#TC5]1[#TN6aA][#TN6aB]1[#SX3]}.{#SX3=Cl[$],#SX4e=F[$],#TC5=C(=C[$][$])[$],#TN6aA=C(=N[$])[$],#TN6aB=N(=C[$][$])[$]}",0.044597327709198,-0.5954703092575073,0.08148942142724991,
HEaSC00377,Clc1cnc(Cl)cn1,"{[#TX3]1[#TN6aB][#TX3][#TN6aA]1}.{#TN6aA=C(=N[$])[$],#TN6aB=C(N[$])[$],#TX3=ClC[$][$]}",0.18593880534172058,-0.5011648535728455,0.0413961336016655,
HEaSC00378,Clc1cncc(Cl)n1,"{[#SX3][#TC5]1[#TN6aA][#TN6aB]1[#SX3]}.{#SX3=Cl[$],#TC5=C(=C[$][$])[$],#TN6aA=C(=N[$])[$],#TN6aB=N(=C[$][$])[$]}",0.06330104917287827,-0.5940778851509094,0.06202660873532295,
HEaSC00379,Fc1cncc(F)n1,"{[#SX4e][#TC5]1[#TN6aA][#TN6aB]1[#SX4e]}.{#SX4e=F[$],#TC5=C(=C[$][$])[$],#TN6aA=C(=N[$])[$],#TN6aB=N(=C[$][$])[$]}",0.003832900431007147,-0.600368857383728,0.12152814865112305,
HEaSC00380,N#CC=CC#N,{[#SN2a]=[#SN2a]}.{#SN2a=N#CC[$]},0.6376639604568481,-0.3621058166027069,-0.2940370440483093,
HEaSC00382,Brc1cncnc1,"{[#SX2]1[#TN6a][#TN6a]1}.{#SX2=BrC(=C[$])[$],#TN6a=C(=N[$])[$]}",-0.5521172881126404,-1.9319137334823608,-0.9473736882209778,
HEaSC00383,Brc1cnccn1,"{[#SX2]1[#TN6a][#TN6a]1}.{#SX2=BrC(=C[$])[$],#TN6a=C(=N[$])[$]}",-0.5521172881126404,-1.9319137334823608,-0.9473736882209778,
HEaSC00384,Brc1ncccn1,"{[#TX2][#TN6aB]1[#TC5][#TN6aA]1}.{#TC5=C(=C[$])[$],#TN6aA=C(=N[$])[$],#TN6aB=N(=C[$][$])[$],#TX2=Br[$]}",-0.2859000265598297,-1.2735925912857056,-0.4090847074985504,
HEaSC00385,O=c1[nH]cc(Br)c(=O)[nH]1,"{[#TN6a]1[#TN6d][#SX2][#TN6a][#TN6d]1}.{#SX2=BrC(=C[$])[$],#TN6a=O=C[$][$],#TN6d=N[$][$]}",-0.36555299162864685,-1.384994626045227,-0.460877925157547,
HEaSC00386,Brc1ccoc1,"{[#SX2]1[#TC5][#TN2a]1}.{#SX2=BrC(=C[$])[$],#TC5=C(=C[$])[$],#TN2a=O[$][$]}",1.20987069606781,1.4461358785629272,1.3651022911071777,
HEaSC00387,Brc1cccs1,"{[#SX2]1[#TC5][#TC6]1}.{#SX2=BrC(=C[$])[$],#TC5=C(=C[$])[$],#TC6=S[$][$]}",1.198282241821289,1.4458346366882324,1.377878189086914,
HEaSC00388,Brc1ccsc1,"{[#SX2]1[#TC5][#TC6]1}.{#SX2=BrC(=C[$])[$],#TC5=C(=C[$])[$],#TC6=S[$][$]}",1.198282241821289,1.4458346366882324,1.377878189086914,
HEaSC00389,Clc1ncccn1,"{[#TX3][#TN6aB]1[#TC5][#TN6aA]1}.{#TC5=C(=C[$])[$],#TN6aA=C(=N[$])[$],#TN6aB=N(=C[$][$])[$],#TX3=Cl[$]}",-0.2721571922302246,-1.274521827697754,-0.42587810754776,
HEaSC00390,Clc1cnccn1,"{[#SX3]1[#TN6a][#TN6a]1}.{#SX3=ClC(=C[$])[$],#TN6a=C(=N[$])[$]}",-0.5736821889877319,-1.9408801794052124,-0.9343330264091492,
HEaSC00391,Clc1cccnn1,"{[#SX3]1[#TC5][#TN1a]1}.{#SX3=ClC(=C[$])[$],#TC5=C(=C[$])[$],#TN1a=N(=N[$])[$]}",1.1856335401535034,1.445174217224121,1.3913991451263428,
HEaSC00392,Clc1ccncn1,"{[#SX3]1[#TN6a][#TN6a]1}.{#SX3=ClC(=C[$])[$],#TN6a=C(=N[$])[$]}",-0.5736821889877319,-1.9408801794052124,-0.9343330264091492,
HEaSC00393,Clc1cncnc1,"{[#SX3]1[#TN6a][#TN6a]1}.{#SX3=ClC(=C[$])[$],#TN6a=C(=N[$])[$]}",-0.5736821889877319,-1.9408801794052124,-0.9343330264091492,
HEaSC00394,O=c1[nH]cc(Cl)c(=O)[nH]1,"{[#TN6a]1[#TN6d][#SX3][#TN6a][#TN6d]1}.{#SX3=ClC(=C[$])[$],#TN6a=O=C[$][$],#TN6d=N[$][$]}",-0.3655260503292084,-1.3854602575302124,-0.4615028202533722,
HEaSC00395,Clc1cccs1,"{[#SX3]1[#TC5][#TC6]1}.{#SX3=ClC(=C[$])[$],#TC5=C(=C[$])[$],#TC6=S[$][$]}",1.1882412433624268,1.4456243515014648,1.3890122175216675,
HEaSC00396,Fc1cnccn1,"{[#SX4e]1[#TN6a][#TN6a]1}.{#SX4e=FC(=C[$])[$],#TN6a=C(=N[$])[$]}",-0.6027964949607849,-1.9432618618011475,-0.9043108820915222,
HEaSC00397,Fc1ncccn1,"{[#TX4e][#TN6aB]1[#TC5][#TN6aA]1}.{#TC5=C(=C[$])[$],#TN6aA=C(=N[$])[$],#TN6aB=N(=C[$][$])[$],#TX4e=F[$]}",-0.28562426567077637,-1.273573398590088,-0.4093734622001648,
HEaSC00398,Fc1cncnc1,"{[#SX4e]1[#TN6a][#TN6a]1}.{#SX4e=FC(=C[$])[$],#TN6a=C(=N[$])[$]}",-0.6027964949607849,-1.9432618618011475,-0.9043108820915222,
HEaSC00401,O=c1[nH]cc(F)c(=O)[nH]1,"{[#TN6a]1[#TN6d][#SX4e][#TN6a][#TN6d]1}.{#SX4e=FC(=C[$])[$],#TN6a=O=C[$][$],#TN6d=N[$][$]}",-0.39441990852355957,-1.387022614479065,-0.430684894323349,
HEaSC00404,O=c1[nH]cc(I)c(=O)[nH]1,"{[#TN6a]1[#TN6d][#X1][#TN6a][#TN6d]1}.{#TN6a=O=C[$][$],#TN6d=N[$][$],#X1=IC(=C[$])[$]}",-0.3371236026287079,-1.385339617729187,-0.4936039447784424,
HEaSC00406,O=[N+]([O-])c1cccs1,"{[#SN3a][#TC5B]1[#TC5A][#TC6]1}.{#SN3a=O=[N+]([O-])[$],#TC5A=C(=C[$])[$],#TC5B=C(=C[$][$])[$],#TC6=S[$][$]}",0.6223379373550415,0.5288345813751221,0.861018717288971,
HEaSC00407,O=[N+]([O-])c1ccsc1,"{[#SN3a][#TC5B]1[#TC5A][#TC6]1}.{#SN3a=O=[N+]([O-])[$],#TC5A=C(=C[$])[$],#TC5B=C(=C[$][$])[$],#TC6=S[$][$]}",0.6223379373550415,0.5288345813751221,0.861018717288971,
HEaSC00408,O=[N+]([O-])c1ccco1,"{[#SN3a][#TC5B]1[#TC5A][#TN2a]1}.{#SN3a=O=[N+]([O-])[$],#TC5A=C(=C[$])[$],#TC5B=C(=C[$][$])[$],#TN2a=O[$][$]}",0.6506285071372986,0.5290094614028931,0.8291139006614685,
HEaSC00409,N#Cc1cn[nH]c1,"{[#TN4a][#TC5]1[#TN6a][#TN6d]1}.{#TC5=C(=C[$][$])[$],#TN4a=N#C[$],#TN6a=C(=N[$])[$],#TN6d=N[$][$]}",-0.45784831047058105,-1.6132681369781494,-0.6475480794906616,
HEaSC00410,O=c1nc[nH]c2nn[nH]c12,"{[#TN6aB]1[#TN6aA][#TN6d][#TC5]12[#TN1a][#TN6d]2}.{#TC5=C(=C[$][$])[$][$],#TN1a=N(=N[$])[$],#TN6aA=C(=N[$])[$],#TN6aB=O=C[$][$],#TN6d=N[$][$]}",-0.484731525182724,-1.695608377456665,-0.7221593856811523,
HEaSC00412,Cn1cnc(Br)c1[N+](=O)[O-],"{[#TN1]1[#TN6a][#SX2]1[#SN3a]}.{#SN3a=O=[N+]([O-])[$],#SX2=BrC(=C[$][$])[$],#TN1=CN[$][$],#TN6a=C(=N[$])[$]}",0.5113658308982849,-0.005597020965069532,0.3046223521232605,
HEaSC00413,Cn1cnc([N+](=O)[O-])c1Br,"{[#TN1]1[#TN6a][#SX2]1[#SN3a]}.{#SN3a=O=[N+]([O-])[$],#SX2=BrC(=C[$][$])[$],#TN1=CN[$][$],#TN6a=C(=N[$])[$]}",0.5113658308982849,-0.005597020965069532,0.3046223521232605,
HEaSC00415,Cc1nc([N+](=O)[O-])c(Br)[nH]1,"{[#SN6a]1[#SX2][#SN3a]([#TN6d]1)}.{#SN3a=O=[N+]([O-])[$],#SN6a=CC(=N[$])[$],#SX2=BrC(=C[$][$])[$],#TN6d=N[$][$]}",0.06251198053359985,-0.5575569868087769,0.10955663025379181,
HEaSC00416,Nc1ccc(Cl)nn1,"{[#TN6d]1[#TC5][#TX3][#TN1a]1}.{#TC5=C(C[$])[$],#TN1a=N(=N[$])[$],#TN6d=NC[$][$],#TX3=ClC[$][$]}",0.551633358001709,0.17632141709327698,0.4911862015724182,
HEaSC00417,Nc1cnc(Cl)cn1,"{[#TN6d]1[#TN6aB][#TX3][#TN6aA]1}.{#TN6aA=C(=N[$])[$],#TN6aB=C(N[$])[$],#TN6d=NC[$][$],#TX3=ClC[$][$]}",0.03076021559536457,-1.1261210441589355,-0.5803918838500977,
HEaSC00418,Nc1cncc(Cl)n1,"{[#SN6d][#TC5]1[#TN6aA][#TN6aB]1[#SX3]}.{#SN6d=N[$],#SX3=Cl[$],#TC5=C(=C[$][$])[$],#TN6aA=C(=N[$])[$],#TN6aB=N(=C[$][$])[$]}",-0.328840047121048,-1.3878453969955444,-0.5062107443809509,
HEaSC00419,Cn1cnc([N+](=O)[O-])c1Cl,"{[#TN1]1[#TN6a][#SX3]1[#SN3a]}.{#SN3a=O=[N+]([O-])[$],#SX3=ClC(=C[$][$])[$],#TN1=CN[$][$],#TN6a=C(=N[$])[$]}",0.05250915512442589,-0.6538999676704407,-0.0021047252230346203,
HEaSC00422,Cn1cnc(Cl)c1[N+](=O)[O-],"{[#TN1]1[#TN6a][#SX3]1[#SN3a]}.{#SN3a=O=[N+]([O-])[$],#SX3=ClC(=C[$][$])[$],#TN1=CN[$][$],#TN6a=C(=N[$])[$]}",0.05250915512442589,-0.6538999676704407,-0.0021047252230346203,
HEaSC00423,Cc1nc([N+](=O)[O-])c(Cl)[nH]1,"{[#SN6a]1[#SX3][#SN3a]([#TN6d]1)}.{#SN3a=O=[N+]([O-])[$],#SN6a=CC(=N[$])[$],#SX3=ClC(=C[$][$])[$],#TN6d=N[$][$]}",0.03280079364776611,-0.665773332118988,0.0051153674721717834,
HEaSC00424,ClCC#CCCl,{[#SX3]#[#SX3]}.{#SX3=ClCC[$]},1.2147674560546875,1.44635009765625,1.3598148822784424,
HEaSC00426,Cn1cnc([N+](=O)[O-])c1I,"{[#TN1]1[#TN6a][#X1]1[#SN3a]}.{#SN3a=O=[N+]([O-])[$],#TN1=CN[$][$],#TN6a=C(=N[$])[$],#X1=IC(=C[$][$])[$]}",0.998594343662262,0.678314208984375,0.6245978474617004,
HEaSC00427,Cn1cnc(I)c1[N+](=O)[O-],"{[#TN1]1[#TN6a][#X1]1[#SN3a]}.{#SN3a=O=[N+]([O-])[$],#TN1=CN[$][$],#TN6a=C(=N[$])[$],#X1=IC(=C[$][$])[$]}",0.998594343662262,0.678314208984375,0.6245978474617004,
HEaSC00428,c1cnccn1,"{[#TC5]1[#TN6a][#TN6a]1}.{#TC5=C(=C[$])[$],#TN6a=C(=N[$])[$]}",-0.4845461845397949,-1.9144395589828491,-1.0017974376678467,
HEaSC00429,c1ccnnc1,"{[#TC5]1[#TC5][#TN1a]1}.{#TC5=C(C[$])[$],#TN1a=N(N[$])[$]}",0.7207689881324768,0.5994421243667603,0.8393952250480652,
HEaSC00430,c1cncnc1,"{[#TC5]1[#TN6a][#TN6a]1}.{#TC5=C(=C[$])[$],#TN6a=C(=N[$])[$]}",-0.4845461845397949,-1.9144395589828491,-1.0017974376678467,
HEaSC00431,N#CCCC#N,{[#SN2a][#SN2a]}.{#SN2a=N#CC[$]},0.6376639604568481,-0.3621058166027069,-0.2940370440483093,
HEaSC00432,O=c1nccc[nH]1,"{[#TN6aB]1[#TN6aA][#TC5][#TN6d]1}.{#TC5=C(=C[$])[$],#TN6aA=C(=N[$])[$],#TN6aB=O=C[$][$],#TN6d=N[$][$]}",-0.3048843741416931,-1.3360520601272583,-0.46728017926216125,
HEaSC00433,O=c1nccc[nH]1,"{[#TN6aB]1[#TN6aA][#TC5][#TN6d]1}.{#TC5=C(=C[$])[$],#TN6aA=C(=N[$])[$],#TN6aB=O=C[$][$],#TN6d=N[$][$]}",-0.3048843741416931,-1.3360520601272583,-0.46728017926216125,
HEaSC00436,O=CNc1nccs1,"{[#SP3][#TN6a]1[#TC5][#TC6]1}.{#SP3=O=CN[$],#TC5=C(=C[$])[$],#TC6=S[$][$],#TN6a=N(=C[$][$])[$]}",-0.09153998643159866,-0.8184480667114258,-0.048629749566316605,
HEaSC00437,O=c1cc[nH]c(=S)[nH]1,"{[#SN6a]=[#TC5A]1[#TC5B][#TN6d](=[#TC6])([#TN6d]1)}.{#SN6a=O[$],#TC5A=C(C[$][$])[$],#TC5B=C[$][$].C[$][$][$],#TC6=S[$],#TN6d=N[$][$]}",0.3178867995738983,-0.25263264775276184,0.2089029848575592,
HEaSC00438,O=c1ccc(=O)[nH][nH]1,"{[#SN6a]1[#SN6a][#TN6d][#TN6d]1}.{#SN6a=O=C(C[$])[$],#TN6d=N[$][$]}",-0.0811774879693985,-0.982020378112793,-0.26926496624946594,
HEaSC00439,O=c1cc[nH]c(=O)[nH]1,"{[#SN6a]=[#TC5A]1[#TC5B][#TN6d](=[#TN6a])([#TN6d]1)}.{#SN6a=O[$],#TC5A=C(C[$][$])[$],#TC5B=C[$][$].C[$][$][$],#TN6a=O[$],#TN6d=N[$][$]}",0.2198343127965927,-0.4086746275424957,0.12100399285554886,
HEaSC00441,O=C1CC(=O)NC(=O)N1,"{[#TN6a]=[#SC3A]=[#SN6a]([#SC3B]=[#TN6a])}.{#SC3A=C(C[$][$])C[$][$],#SC3B=N(C(N[$])[$])[$],#SN6a=O[$],#TN6a=O[$]}",0.04185277968645096,-0.7726930379867554,-0.14169108867645264,
HEaSC00445,S=c1nccc[nH]1,"{[#TC6]1[#TN6a][#TC5][#TN6d]1}.{#TC5=C(=C[$])[$],#TC6=S=C[$][$],#TN6a=C(=N[$])[$],#TN6d=N[$][$]}",-0.12242352962493896,-1.0275626182556152,-0.28057754039764404,
HEaSC00446,S=c1nccc[nH]1,"{[#TC6]1[#TN6a][#TC5][#TN6d]1}.{#TC5=C(=C[$])[$],#TC6=S=C[$][$],#TN6a=C(=N[$])[$],#TN6d=N[$][$]}",-0.12242352962493896,-1.0275626182556152,-0.28057754039764404,
HEaSC00447,Sc1ncccn1,"{[#TC6][#TN6aB]1[#TC5][#TN6aA]1}.{#TC5=C(=C[$])[$],#TC6=S[$],#TN6aA=C(=N[$])[$],#TN6aB=N(=C[$][$])[$]}",-0.37991416454315186,-1.3117116689682007,-0.3509928584098816,
HEaSC00449,Cn1cc([N+](=O)[O-])nc1[N+](=O)[O-],"{[#TN1]1[#TC5][#SN3a]([#TN6a]1[#SN3a])}.{#SN3a=O=[N+]([O-])[$],#TC5=C(=C[$][$])[$],#TN1=CN[$][$],#TN6a=N(=C[$][$])[$]}",0.04166522994637489,-0.6167827248573303,0.057605162262916565,
HEaSC00450,Cn1cnc([N+](=O)[O-])c1[N+](=O)[O-],"{[#TN1]1[#TN6a][#TC5]1[#SN3a]([#SN3a])}.{#SN3a=O=[N+]([O-])[$],#TC5=C(=C[$][$])[$][$],#TN1=CN[$][$],#TN6a=C(=N[$])[$]}",-0.22586604952812195,-0.9753593802452087,-0.09644494950771332,
HEaSC00451,Cc1nc([N+](=O)[O-])c([N+](=O)[O-])[nH]1,"{[#SN6a]1[#TC5][#SN3a]([#SN3a])([#TN6d]1)}.{#SN3a=O=[N+]([O-])[$],#SN6a=CC(=N[$])[$],#TC5=C(=C[$][$])[$][$],#TN6d=N[$][$]}",-0.04603381082415581,-0.7353011965751648,0.005862677004188299,
HEaSC00452,Nc1ncnc2nn[nH]c12,"{[#TN6dA][#TN6aB]1[#TN6aA][#TC5]12[#TN1a][#TN6dB]2}.{#TC5=C(=C[$][$])[$][$],#TN1a=N(=N[$])[$],#TN6aA=C(=N[$])[$],#TN6aB=N(=C[$][$])[$],#TN6dA=N[$],#TN6dB=N[$][$]}",-0.6546939611434937,-1.9532092809677124,-0.8580759763717651,
HEaSC00454,c1ccoc1,"{[#TC5]1[#TC5][#TN2a]1}.{#TC5=C(=C[$])[$],#TN2a=O[$][$]}",1.2313814163208008,1.446401596069336,1.3410131931304932,
HEaSC00455,O=C1C=CCO1,"{[#TN6a]1[#TC5][#TN4a]1}.{#TC5=C(=C[$])[$],#TN4a=C(O[$])[$],#TN6a=O=C[$][$]}",0.1077248603105545,-0.5915292501449585,0.014831733889877796,
HEaSC00457,O=C(O)C=CC(=O)O,"{[#SP2][#P2]}.{#P2=O=C(O)C=C[$],#SP2=O=C(O)[$]}",-0.4321725368499756,-1.3762520551681519,-0.374058336019516,
HEaSC00458,c1ccsc1,"{[#TC5]1[#TC5][#TC6]1}.{#TC5=C(=C[$])[$],#TC6=S[$][$]}",1.189612627029419,1.445784091949463,1.3876588344573975,
HEaSC00459,CCOC(=O)C(Cl)(Cl)Cl,"{[#SN3r][#TN4a][#X2]}.{#SN3r=CCO[$],#TN4a=O=C[$][$],#X2=ClC(Cl)(Cl)[$]}",0.5439253449440002,0.23499462008476257,0.5748600959777832,
HEaSC00460,CCOC(=O)C(F)(F)F,"{[#SN3r][#TN4a][#SX4e]}.{#SN3r=CCO[$],#SX4e=FC(F)(F)[$],#TN4a=O=C[$][$]}",0.5100422501564026,0.23648492991924286,0.6152421832084656,
HEaSC00461,C=CCC#N,"{[#SC4][#TN4a]}.{#SC4=C=CC[$],#TN4a=N#C[$]}",0.8294633626937866,0.7717534899711609,0.9359836578369141,
HEaSC00462,N#CC1CC1,"{[#TN4a][#SC3]}.{#SC3=C1CC1[$],#TN4a=N#C[$]}",0.517024040222168,0.08491303771734238,0.41376957297325134,
HEaSC00464,c1cc[nH]c1,"{[#TC5]1[#TC5][#TN6d]1}.{#TC5=C(=C[$])[$],#TN6d=N[$][$]}",0.492070734500885,0.08663739264011383,0.44430971145629883,
HEaSC00465,Cc1ccno1,"{[#SC4]1[#TN6a][#TN2a]1}.{#SC4=CC(=C[$])[$],#TN2a=O[$][$],#TN6a=C(=N[$])[$]}",0.22660155594348907,-0.40885457396507263,0.11308920383453369,
HEaSC00467,COC(=O)CC#N,"{[#N4a][#SN2a]}.{#N4a=COC(=O)[$],#SN2a=N#CC[$]}",0.7456688284873962,0.303834468126297,0.4336540699005127,
HEaSC00468,Cc1cscn1,"{[#SC4]1[#TC6][#TN6a]1}.{#SC4=CC(=C[$])[$],#TC6=S[$][$],#TN6a=C(=N[$])[$]}",0.2652400732040405,0.0053541334345936775,0.5981168150901794,
HEaSC00469,Nc1cnccn1,"{[#SN6d]1[#TN6a][#TN6a]1}.{#SN6d=NC(=C[$])[$],#TN6a=C(=N[$])[$]}",-0.593654215335846,-1.9491548538208008,-0.9222179055213928,
HEaSC00470,Nc1ccnnc1,"{[#SN6d]1[#TN6a][#TN6a]1}.{#SN6d=NC(=C[$])[$],#TN6a=C(=N[$])[$]}",-0.593654215335846,-1.9491548538208008,-0.9222179055213928,
HEaSC00471,Nc1ncccn1,"{[#TN6d][#TN6aB]1[#TC5][#TN6aA]1}.{#TC5=C(=C[$])[$],#TN6aA=C(=N[$])[$],#TN6aB=N(=C[$][$])[$],#TN6d=N[$]}",-0.3312712013721466,-1.3877567052841187,-0.503336489200592,
HEaSC00472,Nc1ccncn1,"{[#SN6d]1[#TN6a][#TN6a]1}.{#SN6d=NC(=C[$])[$],#TN6a=C(=N[$])[$]}",-0.593654215335846,-1.9491548538208008,-0.9222179055213928,
HEaSC00473,Nc1nccc(=O)[nH]1,"{[#TN6dA]1[#TN6a][#SN6a][#TN6dB]1}.{#SN6a=O=C(C[$])[$],#TN6a=C(N[$])[$],#TN6dA=NC[$][$],#TN6dB=N[$][$]}",-0.04946098476648331,-0.9558247923851013,-0.27183425426483154,
HEaSC00475,Nc1ccnc(=O)[nH]1,"{[#SN6d]1[#TN6aA][#TN6aB][#TN6d]1}.{#SN6d=NC(=C[$])[$],#TN6aA=C(=N[$])[$],#TN6aB=O=C[$][$],#TN6d=N[$][$]}",-0.30593806505203247,-1.438905954360962,-0.5974193215370178,
HEaSC00482,Cc1nonc1C(N)=O,"{[#SN6a]1[#TN2a][#TN6a]1[#SP5]}.{#SN6a=CC(=N[$])[$],#SP5=NC(=O)[$],#TN2a=O[$][$],#TN6a=N(=C[$][$])[$]}",-0.07108753174543381,-0.9865988492965698,-0.2865697741508484,
HEaSC00483,Cc1n[nH]cc1[N+](=O)[O-],"{[#SN6a]1[#TN6d][#TC5]1[#SN3a]}.{#SN3a=O=[N+]([O-])[$],#SN6a=CC(=N[$])[$],#TC5=C(=C[$][$])[$],#TN6d=N[$][$]}",-0.09928900003433228,-0.9802173972129822,-0.24639463424682617,
HEaSC00484,Cc1ncc([N+](=O)[O-])[nH]1,"{[#SN6a]1[#TC5][#SN3a]([#TN6d]1)}.{#SN3a=O=[N+]([O-])[$],#SN6a=CC(=N[$])[$],#TC5=C(=C[$][$])[$],#TN6d=N[$][$]}",-0.025481343269348145,-0.8912338018417358,-0.21658955514431,
HEaSC00485,Cc1ncc([N+](=O)[O-])[nH]1,"{[#SN6a]1[#TC5][#SN3a]([#TN6d]1)}.{#SN3a=O=[N+]([O-])[$],#SN6a=CC(=N[$])[$],#TC5=C(=C[$][$])[$],#TN6d=N[$][$]}",-0.025481343269348145,-0.8912338018417358,-0.21658955514431,
HEaSC00487,Cc1nc[nH]c1[N+](=O)[O-],"{[#SC4]1[#TN6a][#TN6d]1([#SN3a])}.{#SC4=CC(=C[$][$])[$],#SN3a=O=[N+]([O-])[$],#TN6a=C(=N[$])[$],#TN6d=N[$][$]}",-0.008419997990131378,-0.6548236012458801,0.0659094899892807,
HEaSC00488,Cn1ccnc1[N+](=O)[O-],"{[#TN1]1[#TC5][#TN6a]1[#SN3a]}.{#SN3a=O=[N+]([O-])[$],#TC5=C(=C[$])[$],#TN1=CN[$][$],#TN6a=N(=C[$][$])[$]}",0.016503896564245224,-0.7278858423233032,-0.055689092725515366,
HEaSC00489,Cn1cnc([N+](=O)[O-])c1,"{[#TN1]1[#TN6a][#TC5]1[#SN3a]}.{#SN3a=O=[N+]([O-])[$],#TC5=C(=C[$][$])[$],#TN1=CN[$][$],#TN6a=C(=N[$])[$]}",-0.11982327699661255,-0.9772905707359314,-0.2193376123905182,
HEaSC00490,Cn1cncc1[N+](=O)[O-],"{[#TN1]1[#TN6a][#TC5]1[#SN3a]}.{#SN3a=O=[N+]([O-])[$],#TC5=C(=C[$][$])[$],#TN1=CN[$][$],#TN6a=C(=N[$])[$]}",-0.11982327699661255,-0.9772905707359314,-0.2193376123905182,
HEaSC00491,Cc1nc([N+](=O)[O-])c[nH]1,"{[#SN6a]1[#TC5][#SN3a]([#TN6d]1)}.{#SN3a=O=[N+]([O-])[$],#SN6a=CC(=N[$])[$],#TC5=C(=C[$][$])[$],#TN6d=N[$][$]}",-0.025481343269348145,-0.8912338018417358,-0.21658955514431,
HEaSC00492,Cc1[nH]cnc1[N+](=O)[O-],"{[#SC4]1[#TN6d][#TN6a]1([#SN3a])}.{#SC4=CC(=C[$][$])[$],#SN3a=O=[N+]([O-])[$],#TN6a=C(=N[$])[$],#TN6d=N[$][$]}",-0.11706481873989105,-0.878395676612854,-0.09619031101465225,
HEaSC00495,COc1[nH]cnc1[N+](=O)[O-],"{[#TN2a][#TC5]1[#TN6d][#TN6a]1([#SN3a])}.{#SN3a=O=[N+]([O-])[$],#TC5=C(=C[$][$])[$][$],#TN2a=CO[$],#TN6a=C(=N[$])[$],#TN6d=N[$][$]}",-0.0566701740026474,-0.7549842596054077,-0.007191510871052742,
HEaSC00496,C=CC=C,{[#SC5]}.{#SC5=C=CC=C},1.2297704219818115,1.446502685546875,1.3429710865020752,
HEaSC00497,CC#CC,{[#C6r]}.{#C6r=CC#CC},1.2733958959579468,1.4461408853530884,1.2929668426513672,
HEaSC00498,N#CCCCCl,"{[#SN2a][#SX3]}.{#SN2a=N#CC[$],#SX3=ClCC[$]}",1.2116960287094116,1.4452241659164429,1.3618654012680054,
HEaSC00500,CCOC(=O)C(F)F,"{[#SN3r][#TN4a][#TX4]}.{#SN3r=CCO[$],#TN4a=O=C[$][$],#TX4=FC(F)[$]}",0.5295714139938354,0.23500767350196838,0.591177761554718,
HEaSC00501,Cc1cnc[nH]1,"{[#SC4]1[#TN6a][#TN6d]1}.{#SC4=CC(=C[$])[$],#TN6a=C(=N[$])[$],#TN6d=N[$][$]}",0.16382628679275513,-0.5386606454849243,0.018628815189003944,
HEaSC00502,Cn1ccnc1,"{[#TN1]1[#TC5][#TN6a]1}.{#TC5=C(=C[$])[$],#TN1=CN[$][$],#TN6a=C(=N[$])[$]}",0.18142925202846527,-0.5403106212615967,-0.003468890907242894,
HEaSC00503,Cc1ncc[nH]1,"{[#SN6a]1[#TC5][#TN6d]1}.{#SN6a=CC(=N[$])[$],#TC5=C(=C[$])[$],#TN6d=N[$][$]}",0.24314409494400024,-0.5482973456382751,-0.0837528333067894,
HEaSC00504,Cn1cccn1,"{[#TN1]1[#TC5][#TN6a]1}.{#TC5=C(=C[$])[$],#TN1=CN[$][$],#TN6a=C(=N[$])[$]}",0.18142925202846527,-0.5403106212615967,-0.003468890907242894,
HEaSC00505,COc1cn[nH]c1,"{[#TN2a][#TC5]1[#TN6a][#TN6d]1}.{#TC5=C(=C[$][$])[$],#TN2a=CO[$],#TN6a=C(=N[$])[$],#TN6d=N[$][$]}",-0.10548370331525803,-0.8788069486618042,-0.10986752808094025,
HEaSC00507,Cc1nonc1C,"{[#SN6a]1[#TN2a][#SN6a]1}.{#SN6a=CC(=N[$])[$],#TN2a=O[$][$]}",0.3742986023426056,-0.39782318472862244,-0.04055582731962204,
HEaSC00510,Cc1nsnc1C,"{[#SN6a]1[#TC6][#SN6a]1}.{#SN6a=CC(=N[$])[$],#TC6=S[$][$]}",0.3843221366405487,-0.12360917031764984,0.29820793867111206,
HEaSC00511,Cc1nnc(C)s1,"{[#SN6a]1[#SN6a][#TC6]1}.{#SN6a=CC(=N[$])[$],#TC6=S[$][$]}",0.24018073081970215,-0.3854306936264038,0.127578005194664,
HEaSC00514,Nc1cncc(N)n1,"{[#SN6d][#TC5]1[#TN6aA][#TN6aB]1[#SN6d]}.{#SN6d=N[$],#TC5=C(=C[$][$])[$],#TN6aA=C(=N[$])[$],#TN6aB=N(=C[$][$])[$]}",-0.5025884509086609,-1.7118135690689087,-0.722572922706604,
HEaSC00515,NC(=O)c1nc[nH]c1N,"{[#SP5][#SN6d]1[#TN6a][#TN6d]1}.{#SN6d=NC(=C[$][$])[$],#SP5=NC(=O)[$],#TN6a=C(=N[$])[$],#TN6d=N[$][$]}",-0.522484540939331,-1.7278984785079956,-0.720517098903656,
HEaSC00516,CSc1nncc(=O)n1N,"{[#TC6][#SN6d]1[#TN1a][#SN6a]1}.{#SN6a=O=C(C[$])[$],#SN6d=NN(C[$][$])[$],#TC6=CS[$],#TN1a=N(N[$])[$]}",0.14713269472122192,-0.5969849824905396,-0.0368882417678833,
HEaSC00517,CCn1cnc([N+](=O)[O-])n1,"{[#TC3][#TN1]1[#TN6aA][#TN6aB]1[#SN3a]}.{#SN3a=O=[N+]([O-])[$],#TC3=CC[$],#TN1=N[$][$][$],#TN6aA=C(=N[$])[$],#TN6aB=N(=C[$][$])[$]}",0.2602710425853729,-0.3908064067363739,0.09789881110191345,
HEaSC00522,CC(=O)Nc1nnc(S(N)(=O)=O)s1,"{[#SP3][#TN6a]1[#TN6a][#P4]([#TC6]1)}.{#P4=NS(=O)(=O)[$],#SP3=CC(=O)N[$],#TC6=S[$][$],#TN6a=N(=C[$][$])[$]}",-0.748786449432373,-1.9506323337554932,-0.7479294538497925,
HEaSC00523,Cn1cnc([N+](=O)[O-])c1S(N)(=O)=O,"{[#TN1]1[#TN6a][#TC5]1[#SN3a]([#P4])}.{#P4=NS(=O)(=O)[$],#SN3a=O=[N+]([O-])[$],#TC5=C(=C[$][$])[$][$],#TN1=CN[$][$],#TN6a=C(=N[$])[$]}",-0.29371511936187744,-1.3074660301208496,-0.44346287846565247,
HEaSC00524,C1=CCOC1,"{[#SC4][#TN4a]}.{#SC4=C(=C[$])C[$],#TN4a=C(O[$])[$]}",0.7962697148323059,0.6627371907234192,0.8344755172729492,
HEaSC00525,S=C1CCCO1,"{[#TC6]1[#TC3][#TN4a]1}.{#TC3=C(C[$])[$],#TC6=S=C[$][$],#TN4a=C(O[$])[$]}",0.759562075138092,0.5985968708992004,0.7942611575126648,
HEaSC00526,CC(=O)C(C)=O,{[#SN4a][#SN4a]}.{#SN4a=CC(=O)[$]},0.6942123770713806,0.3089645802974701,0.49864068627357483,
HEaSC00527,C=CC(=O)OC,"{[#TC5][#TN4a][#TN3r]}.{#TC5=C=C[$],#TN3r=CO[$],#TN4a=O=C[$][$]}",0.5869035124778748,0.3229270875453949,0.6383342146873474,
HEaSC00528,CC=CC(=O)O,"{[#SC4][#SP2]}.{#SC4=CC=C[$],#SP2=O=C(O)[$]}",0.46941426396369934,0.02922804094851017,0.39673253893852234,
HEaSC00529,O=C(O)C1CC1,"{[#SP2][#SC3]}.{#SC3=C1CC1[$],#SP2=O=C(O)[$]}",0.15142592787742615,-0.5379867553710938,0.033571720123291016,
HEaSC00530,C1O[C@@H]1[C@H]2CO2,{[#P4][#P4]}.{#P4=C1OC1[$]},-0.6996262073516846,-1.9534955024719238,-0.8074145317077637,
HEaSC00531,O=C1CCCO1,"{[#TN6a]1[#TC3][#TN4a]1}.{#TC3=C(C[$])[$],#TN4a=C(O[$])[$],#TN6a=O=C[$][$]}",0.3088568449020386,-0.25290635228157043,0.21880845725536346,
HEaSC00532,C=C(C)C(=O)O,"{[#SC4][#SP2]}.{#SC4=C=C(C)[$],#SP2=O=C(O)[$]}",0.6278182864189148,0.31262779235839844,0.5787183046340942,
HEaSC00533,C=COC(C)=O,"{[#SP2][#SN4a]}.{#SN4a=CC(=O)[$],#SP2=C=CO[$]}",-0.22566448152065277,-0.9672444462776184,-0.08631167560815811,
HEaSC00535,COC(=O)C(=O)OC,{[#N4a][#N4a]}.{#N4a=COC(=O)[$]},0.7833172082901001,0.47127556800842285,0.6047059893608093,
1003-09-4,C1=CC=C(Br)S1,"{[#TC5]1[#SX2][#TC6]1}.{#SX2=BrC(=C[$])[$],#TC5=C(=C[$])[$],#TC6=S[$][$]}",1.198282241821289,1.4458346366882324,1.3778780698776245,
10057-27-9,FC(F)(F)C(=O)C(F)(F)F,"{[#SX4e][#TN4a][#SX4e]}.{#SX4e=FC(F)(F)[$],#TN4a=O=C[$][$]}",1.156756043434143,1.444179892539978,1.4229240417480469,
10061-01-5,ClC=CCCl,"{[#SX3][#TX3]}.{#SX3=ClC=C[$],#TX3=ClC[$]}",1.199064016342163,1.4460114240646362,1.37721586227417,
10061-02-6,ClC=CCCl,"{[#SX3][#TX3]}.{#SX3=ClC=C[$],#TX3=ClC[$]}",1.199064016342163,1.4460114240646362,1.37721586227417,
1007-28-9,n1c(N)nc(Cl)nc1NCC,"{[#TN6a]1[#TN6d][#TN1a]1[#TX3]([#SN5])}.{#SN5=CCN[$],#TN1a=N[$][$].N[$][$],#TN6a=N(C[$][$])[$],#TN6d=NC[$][$],#TX3=ClC[$][$]}",0.17242254316806793,-0.5745663046836853,-0.036981504410505295,
102-71-6,OCCN(CCO)CCO,"{[#SP1][#TN6d][#TP1d]([#SP1])}.{#SP1=OCC[$],#TN6d=C(N[$][$])[$],#TP1d=OC[$]}",-0.5756710767745972,-1.6968334913253784,-0.6204490065574646,
10498-35-8,C1C(Cl)C(Cl)CCC1,"{[#TC3]1[#TX3][#TX3][#TC3]1}.{#TC3=C(C[$])[$],#TX3=ClC[$][$]}",1.2169206142425537,1.4460639953613281,1.3570044040679932,
105-46-4,CC(=O)OC(C)CC,"{[#SN4a][#N3r]}.{#N3r=CCC(C)O[$],#SN4a=CC(=O)[$]}",0.5017984509468079,0.1298048496246338,0.48838353157043457,
105-54-4,CCCC(=O)OCC,"{[#SC2][#TN4a][#SN3r]}.{#SC2=CCC[$],#SN3r=CCO[$],#TN4a=O=C[$][$]}",0.7591738104820251,0.6011102795600891,0.797911524772644,
105-58-8,CCOC(=O)OCC,"{[#SN3r][#TN4a][#SN3r]}.{#SN3r=CCO[$],#TN4a=O=C[$][$]}",0.3933585584163666,-0.06231575459241867,0.3662116229534149,
106-36-5,CCC(=O)OCCC,"{[#N6a][#N3r]}.{#N3r=CCCO[$],#N6a=CCC(=O)[$]}",0.6528880000114441,0.24520306289196014,0.46415287256240845,
106-37-6,c1c(Br)ccc(Br)c1,"{[#TC5B]1[#TX2][#TC5A][#TX2]1}.{#TC5A=C(=C[$])[$],#TC5B=C(C[$])[$],#TX2=BrC[$][$]}",1.2121670246124268,1.4461029767990112,1.3624526262283325,
106-46-7,c1c(Cl)ccc(Cl)c1,"{[#TC5B]1[#TX3][#TC5A][#TX3]1}.{#TC5A=C(=C[$])[$],#TC5B=C(C[$])[$],#TX3=ClC[$][$]}",1.1979674100875854,1.4459253549575806,1.3783518075942993,
106-47-8,c1c(Cl)ccc(N)c1,"{[#TC5B]1[#TX3][#TC5A][#TN6d]1}.{#TC5A=C(=C[$])[$],#TC5B=C(C[$])[$],#TN6d=NC[$][$],#TX3=ClC[$][$]}",0.700242817401886,0.5017789602279663,0.7379988431930542,
106-48-9,c1c(Cl)ccc(O)c1,"{[#TC5B]1[#TX3][#TC5A][#TN6]1}.{#TC5A=C(=C[$])[$],#TC5B=C(C[$])[$],#TN6=OC[$][$],#TX3=ClC[$][$]}",0.8140846490859985,0.6411823630332947,0.7867206931114197,
106-93-4,BrCCBr,{[#SX2][#SX2]}.{#SX2=BrC[$]},1.220433235168457,1.4464128017425537,1.353460669517517,
106-94-5,CCCBr,{[#X2]}.{#X2=CCCBr},1.239647388458252,1.4464294910430908,1.3316614627838135,
106-95-6,BrCC=C,"{[#SX2][#TC5]}.{#SX2=BrC[$],#TC5=C=C[$]}",1.2103519439697266,1.446035623550415,1.3644276857376099,
106-97-8,CCCC,{[#C1]}.{#C1=CCCC},1.303170084953308,1.4452146291732788,1.2579714059829712,
106-98-9,C=CCC,{[#C4]}.{#C4=C=CCC},1.297448754310608,1.445439338684082,1.2647556066513062,
106-99-0,C=CC=C,{[#SC5]}.{#SC5=C=CC=C},1.2297704219818115,1.446502685546875,1.3429710865020752,
107-03-9,CCCS,"{[#TC3][#TC6]}.{#TC3=CC[$],#TC6=SC[$]}",1.193399429321289,1.4458831548690796,1.3834853172302246,
107-06-2,ClCCCl,{[#X3h]}.{#X3h=ClCCCl},1.247972011566162,1.446466326713562,1.3222546577453613,
107-08-4,CCCI,{[#X1]}.{#X1=CCCI},1.2487136125564575,1.4464653730392456,1.3214112520217896,
107-15-3,NCCN,{[#TN6d][#TN6d]}.{#TN6d=NC[$]},0.05109904333949089,-0.8253119587898254,-0.21938109397888184,
107-21-1,OCCO,{[#P4]}.{#P4=OCCO},-0.6770703792572021,-1.9537814855575562,-0.8333945274353027,
107-97-1,CNCC(=O)O,"{[#SN1][#SP2]}.{#SN1=CNC[$],#SP2=O=C(O)[$]}",0.10684298723936081,-0.6478793621063232,-0.05612111836671829,
107103-96-8,FC(F)(F)CCC(O)CC,"{[#SX4e][#P1][#TC3]}.{#P1=OC(CC[$])[$],#SX4e=FC(F)(F)[$],#TC3=CC[$]}",0.7866601347923279,0.6360403299331665,0.8112994432449341,
107103-97-9,FC(F)(F)CC(C)CCO,"{[#SX4e][#SC2][#SP1]}.{#SC2=CC(C[$])[$],#SP1=OCC[$],#SX4e=FC(F)(F)[$]}",0.5058490037918091,0.15088708698749542,0.5107033848762512,
108-10-1,CC(=O)CC(C)C,"{[#SN4a][#SC1]}.{#SC1=CC(C)C[$],#SN4a=CC(=O)[$]}",0.9517595171928406,0.913439929485321,0.9780192971229553,
108-11-2,CC(C)CC(O)C,"{[#SC2][#P1]}.{#P1=CC(O)C[$],#SC2=CC(C)[$]}",0.35334983468055725,-0.3222649395465851,0.07971595972776413,
108-20-3,CC(C)OC(C)C,"{[#SC2][#N3r]}.{#N3r=CC(C)O[$],#SC2=CC(C)[$]}",1.0479437112808228,0.9566537141799927,0.9239689707756042,
108-21-4,CC(=O)OC(C)C,"{[#SN4a][#N3r]}.{#N3r=CC(C)O[$],#SN4a=CC(=O)[$]}",0.5456891059875488,0.2106061577796936,0.5417150855064392,
108-36-1,c1c(Br)cc(Br)cc1,"{[#SX2]1[#SX2][#TC5]1}.{#SX2=BrC(=C[$])[$],#TC5=C(=C[$])[$]}",1.2024775743484497,1.446027398109436,1.3733597993850708,
108-42-9,c1c(Cl)cc(N)cc1,"{[#SX3]1[#SN6d][#TC5]1}.{#SN6d=NC(=C[$])[$],#SX3=ClC(=C[$])[$],#TC5=C(=C[$])[$]}",0.40257447957992554,-0.010412863455712795,0.4220208525657654,
108-43-0,c1c(Cl)cc(O)cc1,"{[#SX3]1[#SN6][#TC5]1}.{#SN6=OC(=C[$])[$],#SX3=ClC(=C[$])[$],#TC5=C(=C[$])[$]}",0.486462265253067,0.13858219981193542,0.5170077085494995,
108-70-3,c1(Cl)cc(Cl)cc(Cl)c1,{[#SX3]1[#SX3][#SX3]1}.{#SX3=ClC(=C[$])[$]},1.1959517002105713,1.445970058441162,1.3806978464126587,
108-78-1,Nc1nc(N)nc(N)n1,"{[#TN6d][#TN6a]1[#TN6a][#TN6d]([#TN6a]1[#TN6d])}.{#TN6a=N(=C[$][$])[$],#TN6d=N[$]}",-0.3856125473976135,-1.562111258506775,-0.6642592549324036,
108-85-0,BrC1CCCCC1,"{[#SX2]1[#TC3][#TC3]1}.{#SX2=BrC(C[$])[$],#TC3=C(C[$])[$]}",1.2362912893295288,1.4461205005645752,1.3350783586502075,
108-86-1,c1ccccc1Br,"{[#SX2]1[#TC5][#TC5]1}.{#SX2=BrC(C[$])[$],#TC5=C(C[$])[$]}",1.2181146144866943,1.4462227821350098,1.3558510541915894,
108-89-4,c1c(C)ccnc1,"{[#SC4]1[#TC5][#TN6a]1}.{#SC4=CC(=C[$])[$],#TC5=C(=C[$])[$],#TN6a=C(=N[$])[$]}",0.5652942061424255,0.23203876614570618,0.5468183755874634,
108-90-7,c1ccccc1Cl,"{[#SX3]1[#TC5][#TC5]1}.{#SX3=ClC(C[$])[$],#TC5=C(C[$])[$]}",1.211287498474121,1.446149468421936,1.3635106086730957,
108-91-8,C1CCCCC1N,"{[#SN6d]1[#TC3][#TC3]1}.{#SN6d=NC(C[$])[$],#TC3=C(C[$])[$]}",0.5351817607879639,0.08483206480741501,0.3930456340312958,
108-93-0,C1CCC(O)CC1,"{[#TC3]1[#SN6][#TC3]1}.{#SN6=OC(C[$])[$],#TC3=C(C[$])[$]}",0.45524340867996216,-0.19718368351459503,0.12371817231178284,
108-95-2,c1ccccc1O,"{[#SN6]1[#TC5][#TC5]1}.{#SN6=OC(C[$])[$],#TC5=C(C[$])[$]}",0.560759961605072,0.19335581362247467,0.5025729537010193,
108-98-5,c1cc(S)ccc1,"{[#TC5]1[#SC6][#TC5]1}.{#SC6=SC(C[$])[$],#TC5=C(C[$])[$]}",1.2054744958877563,1.4461759328842163,1.3701457977294922,
108-99-6,c1c(C)cncc1,"{[#SC4]1[#TN6a][#TC5]1}.{#SC4=CC(=C[$])[$],#TC5=C(=C[$])[$],#TN6a=C(=N[$])[$]}",0.5706794857978821,0.2321690022945404,0.5408690571784973,
109-04-6,c1ccc(Br)nc1,"{[#TC5]1[#SX2][#TN6a]1}.{#SX2=BrC(=C[$])[$],#TC5=C(=C[$])[$],#TN6a=C(=N[$])[$]}",0.5068432092666626,0.21006892621517181,0.5851441025733948,
109-06-8,c1c(C)nccc1,"{[#SC4]1[#TN6a][#TC5]1}.{#SC4=CC(=C[$])[$],#TC5=C(=C[$])[$],#TN6a=C(=N[$])[$]}",0.5706794857978821,0.2321690022945404,0.5408690571784973,
109-09-1,c1ccc(Cl)nc1,"{[#TC5]1[#SX3][#TN6a]1}.{#SX3=ClC(=C[$])[$],#TC5=C(=C[$])[$],#TN6a=C(=N[$])[$]}",0.3413468301296234,-0.09957964718341827,0.377695769071579,
109-49-9,CC(=O)CCC=C,"{[#SN4a][#C4]}.{#C4=C=CCC[$],#SN4a=CC(=O)[$]}",0.9317644834518433,0.8483505845069885,0.9176139235496521,
109-52-4,CCCCC(=O)O,"{[#C1][#SP2]}.{#C1=CCCC[$],#SP2=O=C(O)[$]}",0.46925079822540283,-0.14872153103351593,0.1696927398443222,
109-64-8,BrCCCBr,"{[#X2][#SX2]}.{#SX2=BrC[$],#X2=BrCC[$]}",1.2299484014511108,1.4464812278747559,1.3427419662475586,
109-65-9,CCCCBr,"{[#SC2][#SX2]}.{#SC2=CCC[$],#SX2=BrC[$]}",1.2363139390945435,1.4464244842529297,1.335440993309021,
109-66-0,CCCCC,"{[#SC2][#TC3]}.{#SC2=CCC[$],#TC3=CC[$]}",1.2635011672973633,1.4462966918945312,1.3044023513793945,
109-67-1,C=CCCC,"{[#SC4][#TC3]}.{#SC4=C=CC[$],#TC3=CC[$]}",1.2490580081939697,1.4465018510818481,1.321066975593567,
109-69-3,CCCCCl,"{[#SC2][#TX3]}.{#SC2=CCC[$],#TX3=ClC[$]}",1.232804536819458,1.4464761018753052,1.339491844177246,
109-70-6,BrCCCCl,"{[#X2][#TX3]}.{#TX3=ClC[$],#X2=BrCC[$]}",1.2204376459121704,1.4463846683502197,1.3534197807312012,
109-76-2,NCCCN,"{[#SN6d][#TN6d]}.{#SN6d=NCC[$],#TN6d=NC[$]}",0.18276819586753845,-0.5977147221565247,-0.07828926295042038,
109-79-5,CCCCS,"{[#SC2][#TC6]}.{#SC2=CCC[$],#TC6=SC[$]}",1.2235782146453857,1.4463961124420166,1.3498677015304565,
109-92-2,CCOC=C,"{[#SN3r][#TC5]}.{#SN3r=CCO[$],#TC5=C=C[$]}",0.4060865044593811,0.13451460003852844,0.6030912399291992,
109803-52-3,c1c(Br)c(Cl)c(Cl)c(OC)c1,"{[#SX2]1[#TX3][#TX3][#TC5]1[#TN2a]}.{#SX2=BrC(=C[$])[$],#TC5=C(=C[$][$])[$],#TN2a=CO[$],#TX3=ClC[$][$]}",1.1084346771240234,1.2569499015808105,1.2387237548828125,
110-00-9,O1C=CC=C1,"{[#TN2a]1[#TC5][#TC5]1}.{#TC5=C(=C[$])[$],#TN2a=O[$][$]}",1.2313814163208008,1.4464017152786255,1.3410131931304932,
110-02-1,S1C=CC=C1,"{[#TC6]1[#TC5][#TC5]1}.{#TC5=C(=C[$])[$],#TC6=S[$][$]}",1.1896127462387085,1.445784091949463,1.3876588344573975,
110-19-0,CC(=O)OCC(C)C,"{[#SN4a][#N3r]}.{#N3r=CC(C)CO[$],#SN4a=CC(=O)[$]}",0.5047582387924194,0.12992744147777557,0.48517879843711853,
110-44-1,CC=CC=CC(=O)O,"{[#C4]=[#SP2]}.{#C4=CC=CC[$],#SP2=O=C(O)C[$]}",0.35741689801216125,-0.25709399580955505,0.1583142876625061,
110-53-2,CCCCCBr,"{[#SC2][#X2]}.{#SC2=CCC[$],#X2=BrCC[$]}",1.2444560527801514,1.4464694261550903,1.3262518644332886,
110-54-3,CCCCCC,{[#SC2][#SC2]}.{#SC2=CCC[$]},1.262552261352539,1.446353554725647,1.3055527210235596,
110-56-5,ClCCCCCl,{[#SX3][#SX3]}.{#SX3=ClCC[$]},1.2147674560546875,1.44635009765625,1.3598148822784424,
110-58-7,CCCCCN,"{[#SC2][#SN6d]}.{#SC2=CCC[$],#SN6d=NCC[$]}",0.8694710731506348,0.5259304642677307,0.576655387878418,
110-68-9,CNCCCC,"{[#SN1][#SC2]}.{#SC2=CCC[$],#SN1=CNC[$]}",0.8825780153274536,0.7279793620109558,0.8197690844535828,
110-82-7,C1CCCCC1,{[#SC3][#SC3]}.{#SC3=C(C[$])C[$]},1.2804352045059204,1.4459835290908813,1.2847723960876465,
110-83-8,C1CCC=CC1,"{[#TC3]1[#TC3][#TC5]1}.{#TC3=C(C[$])[$],#TC5=C(=C[$])[$]}",1.2294788360595703,1.4464560747146606,1.3432437181472778,
110-85-0,C1NCCNC1,{[#SC3][#SC3]}.{#SC3=C(NC[$])[$]},1.2704740762710571,1.4461795091629028,1.2963337898254395,
111-25-1,CCCCCCBr,"{[#C1][#X2]}.{#C1=CCCC[$],#X2=BrCC[$]}",1.2582131624221802,1.4463492631912231,1.31047523021698,
111-26-2,CCCCCCN,"{[#C1][#SN6d]}.{#C1=CCCC[$],#SN6d=NCC[$]}",0.9329826831817627,0.6601060032844543,0.6758589148521423,
111-27-3,CCCCCCO,"{[#C1][#SP1]}.{#C1=CCCC[$],#SP1=OCC[$]}",0.5801117420196533,0.15256156027317047,0.42850518226623535,
111-42-2,OCCNCCO,"{[#TP1d][#TN6d][#SP1]}.{#SP1=OCC[$],#TN6d=C(N[$])[$],#TP1d=OC[$]}",-0.6856949329376221,-1.9519860744476318,-0.8213077187538147,
111-43-3,CCCOCCC,"{[#N3r][#SC2]}.{#N3r=CCCO[$],#SC2=CCC[$]}",1.053755760192871,0.9559543132781982,0.9164755940437317,
111-44-4,ClCCOCCCl,"{[#TX3][#TP1d][#SX3]}.{#SX3=ClCC[$],#TP1d=C(O[$])[$],#TX3=ClC[$]}",0.9992402195930481,1.2154536247253418,1.30974280834198,
111-47-7,CCCSCCC,"{[#TC3][#TC6][#SC2]}.{#SC2=CCC[$],#TC3=CC[$],#TC6=C(S[$])[$]}",1.223096251487732,1.4464370012283325,1.3504672050476074,
1118-68-9,CN(C)CC(=O)O,"{[#SN1][#SP2]}.{#SN1=CN(C)[$],#SP2=O=C(O)C[$]}",0.10124438256025314,-0.6795116662979126,-0.09015458077192307,
1120-87-2,c1c(Br)ccnc1,"{[#SX2]1[#TC5][#TN6a]1}.{#SX2=BrC(=C[$])[$],#TC5=C(=C[$])[$],#TN6a=C(=N[$])[$]}",0.26824653148651123,0.03505506366491318,0.6326280236244202,
1120-90-7,c1cc(I)cnc1,"{[#TC5]1[#X1][#TN6a]1}.{#TC5=C(C[$])[$],#TN6a=C(N[$])[$],#X1=IC(C[$])[$]}",0.763592004776001,0.6590380668640137,0.8668626546859741,
112704-79-7,OC(=O)c1ccc(Br)cc1F,"{[#SP2][#TC5]1[#SX2][#SX4e]1}.{#SP2=O=C(O)[$],#SX2=BrC(=C[$])[$],#SX4e=FC(=C[$])[$],#TC5=C(=C[$][$])[$]}",0.7010127305984497,0.5395585894584656,0.7853657007217407,
114525-06-3,FC(F)(F)CC(C)CO,"{[#SX4e][#P1]}.{#P1=CC(CO)C[$],#SX4e=FC(F)(F)[$]}",1.1755882501602173,1.2549606561660767,1.1599210500717163,
115-07-1,CC=C,{[#SC4]}.{#SC4=C=CC},1.2536267042160034,1.4464590549468994,1.315824031829834,
115-11-7,C=C(C)C,{[#SC4]}.{#SC4=C=C(C)C},1.2580236196517944,1.4464101791381836,1.3107681274414062,
115571-04-5,ClC(Cl)(Cl)c1nc(N)nc(OC)n1,"{[#X2][#TN6a]1[#TN6d][#TN1a]1[#SN2a]}.{#SN2a=COC[$][$],#TN1a=N[$][$].N[$][$],#TN6a=N(=C[$][$])[$],#TN6d=NC[$][$],#X2=ClC(Cl)(Cl)[$]}",0.14868928492069244,-0.5325201153755188,0.04365982487797737,
116-53-0,CCC(C)C(=O)O,"{[#C1][#SP2]}.{#C1=CCC(C)[$],#SP2=O=C(O)[$]}",0.5734351277351379,0.04455053061246872,0.29816752672195435,
117856-61-8,c1c(OC)ncc(OC)n1,"{[#TC5]1[#TN2a]([#TN6aA][#TN6aB]1[#TN3r])}.{#TC5=C(=C[$][$])[$],#TN2a=CO[$],#TN3r=CO[$],#TN6aA=C(=N[$])[$],#TN6aB=N(=C[$][$])[$]}",0.31712257862091064,-0.2649288773536682,0.19406989216804504,
118-79-6,c1(Br)c(O)c(Br)cc(Br)c1,"{[#SX2B]1[#TN6][#SX2A][#TX2]1}.{#SX2A=BrC(=C[$])[$],#SX2B=BrC(C[$])[$],#TN6=OC[$][$],#TX2=BrC[$][$]}",1.2024952173233032,1.4457745552062988,1.3730170726776123,
118-91-2,c1c(Cl)c(C(=O)O)ccc1,"{[#SX3]1[#TC5B][#SP2]([#TC5A]1)}.{#SP2=O=C(O)[$],#SX3=ClC(=C[$])[$],#TC5A=C(=C[$])[$],#TC5B=C(=C[$][$])[$]}",0.7692729830741882,0.6462003588676453,0.8440183997154236,
1193-02-8,Nc1ccc(S)cc1,"{[#TN6d]1[#TC5B][#TC6][#TC5A]1}.{#TC5A=C(=C[$])[$],#TC5B=C(C[$])[$],#TC6=SC[$][$],#TN6d=NC[$][$]}",0.7432944178581238,0.5512669682502747,0.7522993683815002,
1193-62-0,C1=CNC(C(=O)OC)=C1,"{[#TC5A]1[#TN6d][#TC5B]1[#N4a]}.{#N4a=COC(=O)[$],#TC5A=C(=C[$])[$],#TC5B=C(=C[$][$])[$],#TN6d=N[$][$]}",0.306967169046402,-0.24674762785434723,0.22881841659545898,
1195-08-0,N1C(=O)NC(=O)C(C=O)=C1,"{[#TN6d][#TC5B]1=[#TN6a]([#TN6d][#TC5A]1=[#SN6a]([#TN4a]))}.{#SN6a=O[$],#TC5A=C(C[$][$])[$][$],#TC5B=C[$][$][$].C[$][$],#TN4a=O=C[$],#TN6a=O[$],#TN6d=N[$][$]}",0.1695893406867981,-0.5177001357078552,0.03884871304035187,
120-83-2,c1c(O)c(Cl)cc(Cl)c1,"{[#SN6]1[#SX3][#SX3]1}.{#SN6=OC(=C[$])[$],#SX3=ClC(=C[$])[$]}",0.5472254753112793,0.3967195749282837,0.7776209115982056,
121-44-8,CCN(CC)CC,"{[#SN3a][#TC3]([#TC3])}.{#SN3a=CCN[$][$],#TC3=CC[$]}",0.9198034405708313,0.5557840466499329,0.5576157569885254,
121-50-6,FC(F)(F)c1cc(N)c(Cl)cc1,"{[#SX4e][#TC5]1[#SN6d][#SX3]1}.{#SN6d=NC(C[$])[$],#SX3=ClC(C[$])[$],#SX4e=FC(F)(F)[$],#TC5=C(C[$][$])[$]}",0.9070298671722412,0.8519561886787415,0.9503072500228882,
122970-63-2,CC1NCC=C1,"{[#SN6d][#SC4]}.{#SC4=C(=C[$])C[$],#SN6d=CC(N[$])[$]}",0.2776280641555786,-0.35160088539123535,0.12824933230876923,
123-51-3,CC(C)CCO,"{[#SC2][#SP1]}.{#SC2=CC(C)[$],#SP1=OCC[$]}",0.40648168325424194,-0.06468811631202698,0.34827920794487,
123-86-4,CC(=O)OCCCC,"{[#SN4a][#C1]}.{#C1=CCCC[$],#SN4a=CC(=O)O[$]}",1.035873532295227,0.9286209940910339,0.9018815755844116,
124-02-7,C=CCNCC=C,"{[#TC5][#TN6d][#SC4]}.{#SC4=C=CC[$],#TC5=C=C[$],#TN6d=C(N[$])[$]}",0.4295053482055664,-0.06496630609035492,0.3217771351337433,
127-18-4,ClC(Cl)=C(Cl)Cl,{[#SX3h]=[#SX3h]}.{#SX3h=ClC(Cl)[$]},1.2231903076171875,1.4464524984359741,1.3503801822662354,
13053-81-1,C1=CSC(NC(=O)C)=C1,"{[#TC5A]1[#TC6][#TC5B]1[#SP3]}.{#SP3=CC(=O)N[$],#TC5A=C(=C[$])[$],#TC5B=C(=C[$][$])[$],#TC6=S[$][$]}",0.24922341108322144,-0.2540268898010254,0.2851000428199768,
13129-23-2,O1C=CC(C(=O)OC)=C1,"{[#TN2a]1[#TC5A][#TC5B]1[#N4a]}.{#N4a=COC(=O)[$],#TC5A=C(=C[$])[$],#TC5B=C(=C[$][$])[$],#TN2a=O[$][$]}",0.7136593461036682,0.5424830913543701,0.7747375965118408,
13577-71-4,C1(C(F)(F)F)=Nc2ncc(Cl)cc2N1,"{[#TN6aB]2[#SX4e]([#TC5]1[#TN6aA][#SX3]1([#TN6d]2))}.{#SX3=ClC(C[$])[$],#SX4e=FC(F)(F)[$],#TC5=C(C[$][$])[$][$],#TN6aA=C(N[$])[$],#TN6aB=N(=C[$][$])[$],#TN6d=N[$][$]}",0.4098053574562073,0.05772959440946579,0.5008209347724915,
137-07-5,c1c(N)c(S)ccc1,"{[#SN6d]1[#SC6][#TC5]1}.{#SC6=SC(=C[$])[$],#SN6d=NC(=C[$])[$],#TC5=C(=C[$])[$]}",0.4711153209209442,0.08635503798723221,0.46774667501449585,
13797-63-2,C1(C(F)(F)F)=Nc2ncccc2N1,"{[#TN6aB]2[#SX4e]([#TC5B]1[#TN6aA][#TC5A]1([#TN6d]2))}.{#SX4e=FC(F)(F)[$],#TC5A=C(C[$])[$],#TC5B=C(C[$][$])[$][$],#TN6aA=C(N[$])[$],#TN6aB=N(=C[$][$])[$],#TN6d=N[$][$]}",0.35972875356674194,-0.06877614557743073,0.39615383744239807,
140-88-5,C=CC(=O)OCC,"{[#TC5][#TN4a][#SN3r]}.{#SN3r=CCO[$],#TC5=C=C[$],#TN4a=O=C[$][$]}",0.611804723739624,0.3154040575027466,0.6004489660263062,
14085-33-7,S1SC=2CCCC2C1=S,"{[#SC6A]1[#SC3][#SC6B]1}.{#SC3=C(C[$])C[$],#SC6A=S(S[$])C[$][$],#SC6B=S=C(C[$][$])[$]}",1.2185264825820923,1.4463080167770386,1.3554922342300415,
141-43-5,NCCO,"{[#TN6d][#TP1d]}.{#TN6d=NC[$],#TP1d=OC[$]}",-0.571078360080719,-1.9335051774978638,-0.9278730750083923,
142-28-9,ClCCCCl,"{[#SX3][#TX3]}.{#SX3=ClCC[$],#TX3=ClC[$]}",1.2006194591522217,1.446060061454773,1.375511646270752,
142-62-1,CCCCCC(=O)O,"{[#C1][#SP2]}.{#C1=CCCC[$],#SP2=O=C(O)C[$]}",0.31641608476638794,-0.418520450592041,-0.0012505054473876953,
142-84-7,CCCNCCC,"{[#N5][#SC2]}.{#N5=CCCN[$],#SC2=CCC[$]}",0.894207239151001,0.666832685470581,0.7284830212593079,
1435-48-9,Clc1cc(Cl)ccc1F,"{[#SX3]1[#SX3][#SX4e]1}.{#SX3=ClC(=C[$])[$],#SX4e=FC(=C[$])[$]}",1.200076937675476,1.4460376501083374,1.3760991096496582,
1436-34-6,CCCCC1OC1,"{[#C1][#P4]}.{#C1=CCCC[$],#P4=C1OC1[$]}",-0.6676250100135803,-1.9496732950210571,-0.8388756513595581,
146252-77-9,CCCC1=CC(=S)SS1,"{[#SC2][#SC6A][#SC6B]}.{#SC2=CCC[$],#SC6A=S(S[$])C[$][$],#SC6B=S=C(C[$])[$]}",1.2255641222000122,1.4463552236557007,1.3475598096847534,
1468-83-3,C1=CSC=C1C(=O)C,"{[#TC5A]1[#TC6][#TC5B]1[#SN4a]}.{#SN4a=CC(=O)[$],#TC5A=C(=C[$])[$],#TC5B=C(=C[$][$])[$],#TC6=S[$][$]}",0.8042021989822388,0.7190032005310059,0.8973137736320496,
147-81-9,C1C(O)C(O)C(O)C(O)O1,"{[#TN4a]1[#SP4][#SP4]1}.{#SP4=OC(C(O)[$])[$],#TN4a=C(O[$])[$]}",-0.7169731259346008,-1.9527992010116577,-0.7868253588676453,
14884-03-8,N1N=CC(OC(C)C)=C1,"{[#TN6d]1[#TN6a][#TC5]1[#N3r]}.{#N3r=CC(C)O[$],#TC5=C(=C[$][$])[$],#TN6a=C(=N[$])[$],#TN6d=N[$][$]}",0.17043191194534302,-0.5237551331520081,0.030160119757056236,
14946-02-2,ClC(Cl)(Cl)c1nc(N)nc(SC)n1,"{[#X2][#TN6a]1[#TN6a][#TN6d]([#TN6a]1[#TC6])}.{#TC6=CS[$],#TN6a=N(=C[$][$])[$],#TN6d=N[$],#X2=ClC(Cl)(Cl)[$]}",0.11560909450054169,-0.5960656404495239,8.522272401023656e-05,
151-67-7,FC(F)(F)C(Cl)Br,"{[#SX4e][#SX2]}.{#SX2=ClC(Br)[$],#SX4e=FC(F)(F)[$]}",1.2082219123840332,1.4462162256240845,1.367077350616455,
1513-65-1,n1c(F)cccc1F,"{[#TN6a]1[#SX4e]([#TC5A][#TC5B]1[#SX4e])}.{#SX4e=F[$],#TC5A=C(=C[$])[$],#TC5B=C(=C[$][$])[$],#TN6a=N(=C[$][$])[$]}",0.8717461824417114,0.9253052473068237,1.0840370655059814,
15231-48-8,O=C1NC(C)=CC=N1,"{[#TN6aB]1[#TN6d][#SC4][#TN6aA]1}.{#SC4=CC(=C[$])[$],#TN6aA=C(=N[$])[$],#TN6aB=O=C[$][$],#TN6d=N[$][$]}",-0.11199039965867996,-0.9824880957603455,-0.23486961424350739,
1529-68-6,BrCC(Br)C(Br)CBr,"{[#SX2A][#SX2B][#SX2B][#SX2A]}.{#SX2A=BrC[$],#SX2B=BrC[$][$]}",1.2188023328781128,1.4463937282562256,1.3552885055541992,
1551-06-0,CCC1=CC=CN1,"{[#TC3][#TC5B]1[#TC5A][#TN6d]1}.{#TC3=CC[$],#TC5A=C(=C[$])[$],#TC5B=C(=C[$][$])[$],#TN6d=N[$][$]}",0.8841961622238159,0.8089843988418579,0.9213671088218689,
156-59-2,ClC=CCl,{[#TX3]=[#TX3]}.{#TX3=ClC[$]},1.1881589889526367,1.445740818977356,1.3892546892166138,
156-60-5,ClC=CCl,{[#TX3]=[#TX3]}.{#TX3=ClC[$]},1.1881589889526367,1.445740818977356,1.3892546892166138,
156-87-6,NCCCO,"{[#SN6d][#TP1]}.{#SN6d=NCC[$],#TP1=OC[$]}",-0.3492209017276764,-1.4760711193084717,-0.5957216620445251,
1574-41-0,CC=CC=C,"{[#SC4][#TC5]}.{#SC4=CC=C[$],#TC5=C=C[$]}",1.229460597038269,1.446494460105896,1.343313217163086,
15950-66-0,c1c(O)c(Cl)c(Cl)c(Cl)c1,"{[#SN6]1[#TX3][#TX3][#SX3]1}.{#SN6=OC(=C[$])[$],#SX3=ClC(=C[$])[$],#TX3=ClC[$][$]}",0.6840080618858337,0.5403810143470764,0.8057270050048828,
15962-47-7,NC(=O)C(C)NC(=O)C,"{[#SP5][#SN5][#SN4a]}.{#SN4a=CC(=O)[$],#SN5=CC(N[$])[$],#SP5=NC(=O)[$]}",0.05405288562178612,-0.6167634725570679,0.043562036007642746,
1603-41-4,c1c(N)ncc(C)c1,"{[#TC5]1[#TN6d][#TN6a][#TC4]1}.{#TC4=CC[$][$],#TC5=C(C[$])[$],#TN6a=C(=N[$])[$],#TN6d=NC[$][$]}",0.5528071522712708,0.0677633285522461,0.3512342870235443,
16063-69-7,c1(Cl)cc(Cl)cc(Cl)n1,"{[#TC5]1[#SX3]([#TC5][#SX3]([#TN6a]1[#TX3]))}.{#SX3=Cl[$],#TC5=C(=C[$][$])[$],#TN6a=N(=C[$][$])[$],#TX3=Cl[$]}",0.8985658884048462,1.000665307044983,1.1498074531555176,
16063-70-0,c1c(Cl)cc(Cl)c(Cl)n1,"{[#TC5]1[#SX3]([#TC5][#SX3]([#TN6a]1[#TX3]))}.{#SX3=Cl[$],#TC5=C(=C[$][$])[$],#TN6a=N(=C[$][$])[$],#TX3=Cl[$]}",0.8985658884048462,1.000665307044983,1.1498074531555176,
16088-73-6,ClC(Cl)(Cl)c1nc(N)nc(N)n1,"{[#X2][#TN6a]1[#TN6d][#TN1a]1[#TN6d]}.{#TN1a=N[$][$].N[$][$],#TN6a=N(=C[$][$])[$],#TN6d=NC[$][$],#X2=ClC(Cl)(Cl)[$]}",0.037915490567684174,-0.9280181527137756,-0.3355558216571808,
16110-09-1,c1c(Cl)ccc(Cl)n1,"{[#TN6a]1[#TX3][#TC5][#TX3]1}.{#TC5=C(=C[$])[$],#TN6a=C(N[$])[$],#TX3=ClC[$][$]}",0.8663081526756287,0.7622612118721008,0.8820198774337769,
16269-66-2,C1=Cc2ncnc(Cl)c2S1,"{[#TC5A]2[#TN6aB]1[#TN6aA][#TC5B]1[#TX3]([#TC6]2)}.{#TC5A=C(=C[$])[$],#TC5B=C(=C[$][$])[$][$],#TC6=S[$][$],#TN6aA=C(=N[$])[$],#TN6aB=N(=C[$][$])[$],#TX3=Cl[$]}",0.3159295320510864,-0.1417718231678009,0.35268497467041016,
1628-89-3,c1c(OC)nccc1,"{[#TC5B]1[#TN2a]([#TN6a][#TC5A]1)}.{#TC5A=C(=C[$])[$],#TC5B=C(=C[$][$])[$],#TN2a=CO[$],#TN6a=C(=N[$])[$]}",0.7205488681793213,0.4452451169490814,0.6427500247955322,
164584-60-5,CCCC1=CSSC1=O,"{[#SC2][#TC5]1[#TC6][#TN6a]1}.{#SC2=CCC[$],#TC5=C(=C[$][$])[$],#TC6=S(S[$])[$],#TN6a=O=C[$][$]}",0.8730342984199524,0.85042405128479,0.9869577884674072,
164584-61-6,CCC1=CC(=O)SS1,"{[#TC3][#SC6][#SN6a]}.{#SC6=S(S[$])C[$][$],#SN6a=O=C(C[$])[$],#TC3=CC[$]}",0.4722270369529724,0.12507402896881104,0.5159252285957336,
164584-62-7,CCCC1=CC(=O)SS1,"{[#SC2][#SC6][#SN6a]}.{#SC2=CCC[$],#SC6=S(S[$])C[$][$],#SN6a=O=C(C[$])[$]}",0.6778178215026855,0.4757278859615326,0.7302008867263794,
16839-97-7,COC1=CC=CS1,"{[#TN2a][#TC5B]1[#TC5A][#TC6]1}.{#TC5A=C(=C[$])[$],#TC5B=C(=C[$][$])[$],#TC6=S[$][$],#TN2a=CO[$]}",1.0741232633590698,1.1842505931854248,1.1848591566085815,
1717-00-6,CC(F)(Cl)Cl,{[#X1]}.{#X1=CC(F)(Cl)Cl},1.2258164882659912,1.4462175369262695,1.3470977544784546,
17249-80-8,ClC1=CSC=C1,"{[#SX3]1[#TC6][#TC5]1}.{#SX3=ClC(=C[$])[$],#TC5=C(=C[$])[$],#TC6=S[$][$]}",1.1883059740066528,1.44562828540802,1.3889435529708862,
1746-25-4,N1CC(I)=NC(I)=C1I,"{[#TN6aA]1[#TN6aB][#X1]([#TC5]1[#TX1]([#TX1]))}.{#TC5=C(=C[$][$])[$][$],#TN6aA=C(N[$])[$],#TN6aB=N(=C[$][$])[$],#TX1=I[$],#X1=I[$]}",0.7498378753662109,0.27847060561180115,0.39653193950653076,
174913-20-3,Clc1cc(OC)cc(Cl)c1Br,"{[#SX3A]1[#SN2a][#SX3B][#TX2]1}.{#SN2a=COC[$][$],#SX3A=ClC(=C[$])[$],#SX3B=ClC(C[$])[$],#TX2=BrC[$][$]}",1.1121397018432617,1.2767913341522217,1.2598521709442139,
174913-24-7,Brc1c(Cl)c(Cl)c(Cl)cc1OC,"{[#TX2]1[#TX3][#TX3][#SX3][#SN2a]1}.{#SN2a=COC[$][$],#SX3=ClC(C[$])[$],#TX2=BrC[$][$],#TX3=ClC[$][$]}",1.1160054206848145,1.29250967502594,1.2755327224731445,
174913-31-6,Brc1cc(Cl)c(Cl)c(Cl)c1OC,"{[#SX2]1[#TX3][#TX3][#TX3][#SN2a]1}.{#SN2a=COC[$][$],#SX2=BrC(=C[$])[$],#TX3=ClC[$][$]}",1.1101734638214111,1.2762954235076904,1.261452078819275,
174913-44-1,Brc1cc(Cl)cc(Br)c1OC,"{[#SX2]1[#SX3][#TX2][#SN2a]1}.{#SN2a=COC[$][$],#SX2=BrC(=C[$])[$],#SX3=ClC(=C[$])[$],#TX2=BrC[$][$]}",1.217410922050476,1.4462088346481323,1.3566324710845947,
174913-68-9,Brc1c(Cl)c(Cl)c(Cl)c(Br)c1OC,"{[#TX2]1[#TX3][#TX3][#TX3][#TX2][#SN2a]1}.{#SN2a=COC[$][$],#TX2=BrC[$][$],#TX3=ClC[$][$]}",1.0812147855758667,1.3366010189056396,1.3713436126708984,
174913-78-1,Brc1cc(Br)c(Cl)c(Br)c1OC,"{[#SX2]1[#TX2][#TX3][#TX2][#SN2a]1}.{#SN2a=COC[$][$],#SX2=BrC(=C[$])[$],#TX2=BrC[$][$],#TX3=ClC[$][$]}",1.2157981395721436,1.4461941719055176,1.358445405960083,
17647-69-7,CC1=NON=C1CC,"{[#SN6a]1[#TN2a][#TN6a]1[#TC3]}.{#SN6a=CC(=N[$])[$],#TC3=CC[$],#TN2a=O[$][$],#TN6a=N(=C[$][$])[$]}",0.48488712310791016,-0.04627961665391922,0.2827446460723877,
1782-00-9,C1(Cl)C(Cl)C(Cl)C(Cl)C=C1,"{[#TX3]1[#TX3][#TX3][#TX3][#TC5]1}.{#TC5=C(=C[$])[$],#TX3=ClC[$][$]}",1.188604474067688,1.4457201957702637,1.3887224197387695,
1795-01-3,C1=CSC=C1CC,"{[#TC5A]1[#TC6][#TC5B]1[#TC3]}.{#TC3=CC[$],#TC5A=C(=C[$])[$],#TC5B=C(=C[$][$])[$],#TC6=S[$][$]}",1.2150893211364746,1.4460997581481934,1.359129786491394,
1825-21-4,COc1c(Cl)c(Cl)c(Cl)c(Cl)c1Cl,"{[#SN2a]1[#TX3][#TX3][#TX3][#TX3][#TX3]1}.{#SN2a=COC[$][$],#TX3=ClC[$][$]}",1.0021532773971558,1.2128453254699707,1.303104043006897,
1825-26-9,Brc1c(Br)c(Br)c(Br)c(Br)c1OC,"{[#TX2]1[#TX2][#TX2][#TX2][#TX2][#SN2a]1}.{#SN2a=COC[$][$],#TX2=BrC[$][$]}",1.0887730121612549,1.3367711305618286,1.3629772663116455,
18438-38-5,c1nc(SC)ccc1,"{[#TN6a]1[#TC5B][#TC6]([#TC5A]1)}.{#TC5A=C(=C[$])[$],#TC5B=C(=C[$][$])[$],#TC6=CS[$],#TN6a=C(=N[$])[$]}",0.5586355924606323,0.2461118996143341,0.572350263595581,
19393-92-1,Clc1cccc(Cl)c1Br,"{[#TX3]1[#TC5][#SX3][#TX2]1}.{#SX3=ClC(C[$])[$],#TC5=C(C[$])[$],#TX2=BrC[$][$],#TX3=ClC[$][$]}",1.2103339433670044,1.446235179901123,1.3647031784057617,
199177-26-9,O=Cc1cc(Br)cc(O)c1,"{[#TN4a][#TC5]1[#SX2][#SN6]1}.{#SN6=OC(C[$])[$],#SX2=BrC(C[$])[$],#TC5=C(C[$][$])[$],#TN4a=O=C[$]}",0.6306498646736145,0.31498122215270996,0.5785079598426819,
2004-70-8,CC=CC=C,"{[#SC4][#TC5]}.{#SC4=CC=C[$],#TC5=C=C[$]}",1.229460597038269,1.446494460105896,1.343313217163086,
2106-02-7,Nc1ccc(F)cc1Cl,"{[#SN6d]1[#SX4e][#SX3]1}.{#SN6d=NC(=C[$])[$],#SX3=ClC(=C[$])[$],#SX4e=FC(=C[$])[$]}",0.7455610632896423,0.7232214212417603,0.9692955613136292,
21124-40-3,S1C=CC=C1C(N)C(=O)O,"{[#TC6]1[#TC5A][#TC5B]1[#P6]}.{#P6=NC(C(=O)O)[$],#TC5A=C(=C[$])[$],#TC5B=C(=C[$][$])[$],#TC6=S[$][$]}",-0.06645750254392624,-0.6206933856010437,0.17540045082569122,
21227-47-4,ClC(Cl)(Cl)c1nc(C)nc(N)n1,"{[#X2][#TN6a]1[#TC4][#TN1a]1[#TN6d]}.{#TC4=CC[$][$],#TN1a=N[$][$].N[$][$],#TN6a=N(=C[$][$])[$],#TN6d=NC[$][$],#X2=ClC(Cl)(Cl)[$]}",0.32029616832733154,-0.3742291331291199,0.05089921876788139,
2144-41-4,C1C(C)OC(C)C1,"{[#SC3][#SN4a]}.{#SC3=CC(CC[$])[$],#SN4a=CC(O[$])[$]}",0.8597939610481262,0.5088119506835938,0.5657863020896912,
2176-62-7,n1c(Cl)c(Cl)c(Cl)c(Cl)c1Cl,"{[#TN6a]1[#TX3]([#TC5][#TX3]([#TX3])([#TC5]1[#TX3]([#TX3])))}.{#TC5=C(=C[$][$])[$][$],#TN6a=N(=C[$][$])[$],#TX3=Cl[$]}",0.8809384703636169,0.906954288482666,1.0501657724380493,
21948-70-9,n1cc(SC)ncc1,"{[#TN6aA]1[#TN6aB][#TC6]([#TC5]1)}.{#TC5=C(=C[$])[$],#TC6=CS[$],#TN6aA=C(=N[$])[$],#TN6aB=N(=C[$][$])[$]}",0.15688106417655945,-0.46605923771858215,0.11922145634889603,
22037-28-1,C1=CC(Br)=CO1,"{[#TC5]1[#SX2][#TN2a]1}.{#SX2=BrC(=C[$])[$],#TC5=C(=C[$])[$],#TN2a=O[$][$]}",1.2098708152770996,1.4461357593536377,1.3651022911071777,
2268-05-5,Clc1cccc(Cl)c1F,"{[#TX3]1[#TC5][#SX3][#TX4e]1}.{#SX3=ClC(C[$])[$],#TC5=C(C[$])[$],#TX3=ClC[$][$],#TX4e=FC[$][$]}",1.2001451253890991,1.445958137512207,1.3759205341339111,
22715-68-0,CC(=O)NC(C)C(=O)NC,"{[#SN4a][#SN5][#P3]}.{#P3=CNC(=O)[$],#SN4a=CC(=O)[$],#SN5=CC(N[$])[$]}",0.2658659517765045,-0.34895509481430054,0.14498497545719147,
22913-26-4,C1=CSC=C1C(=O)OC,"{[#TC5A]1[#TC6][#TC5B]1[#N4a]}.{#N4a=COC(=O)[$],#TC5A=C(=C[$])[$],#TC5B=C(=C[$][$])[$],#TC6=S[$][$]}",0.6939427256584167,0.5423247218132019,0.7969264984130859,
23261-20-3,C1OC1C(O)C(O)C2OC2,"{[#P4A][#P4B][#P4A]}.{#P4A=C1OC1[$],#P4B=OC(C(O)[$])[$]}",-0.696349024772644,-1.953561782836914,-0.8112207651138306,
23361-38-8,OCC(C(=O)N)NC(=O)C,"{[#TP1d][#TN6d][#SP5]([#SN4a])}.{#SN4a=CC(=O)[$],#SP5=NC(=O)[$],#TN6d=N(C[$][$])[$],#TP1d=OC[$]}",-0.36235401034355164,-1.3344563245773315,-0.39997729659080505,
2366-52-1,CCCCF,"{[#SC2][#TX4e]}.{#SC2=CCC[$],#TX4e=FC[$]}",1.2220269441604614,1.4463468790054321,1.3515664339065552,
2390-94-5,C1C(C)OC(C)C1,"{[#SC3][#SN4a]}.{#SC3=CC(CC[$])[$],#SN4a=CC(O[$])[$]}",0.8597939610481262,0.5088119506835938,0.5657863020896912,
2402-78-0,c1cc(Cl)nc(Cl)c1,"{[#TC5A]1[#TN6a][#SX3]([#TC5B]1[#SX3])}.{#SX3=Cl[$],#TC5A=C(=C[$])[$],#TC5B=C(=C[$][$])[$],#TN6a=N(=C[$][$])[$]}",0.6110274791717529,0.4008721113204956,0.7104666233062744,
24108-33-6,c1nc(C)nnc1,"{[#TC5]1[#TN6a][#TC4]([#TN1a]1)}.{#TC4=C[$],#TC5=C(C[$])[$],#TN1a=N(N[$])[$],#TN6a=N(C[$][$])[$]}",-0.008909618481993675,-0.7628375291824341,-0.07145847380161285,
2457-47-8,c1c(Cl)cc(Cl)cn1,"{[#SX3]1[#SX3][#TN6a]1}.{#SX3=ClC(=C[$])[$],#TN6a=C(=N[$])[$]}",0.5532186031341553,0.5141094923019409,0.9207107424736023,
2527-99-3,COC(=O)C1=CC=C(Br)O1,"{[#N4a][#TC5]1[#SX2][#TN2a]1}.{#N4a=COC(=O)[$],#SX2=BrC(=C[$])[$],#TC5=C(=C[$][$])[$],#TN2a=O[$][$]}",0.7004286646842957,0.542335569858551,0.7895749807357788,
2539-17-5,c1(O)c(OC)c(Cl)c(Cl)c(Cl)c1Cl,"{[#TN6]1[#SN2a][#TX3][#TX3][#TX3][#TX3]1}.{#SN2a=COC[$][$],#TN6=OC[$][$],#TX3=ClC[$][$]}",0.6749177575111389,0.40975287556648254,0.6492499709129333,
25414-22-6,C1=C(OC)OC=C1,"{[#TC5B]1[#TN2aA]([#TN2aB][#TC5A]1)}.{#TC5A=C(=C[$])[$],#TC5B=C(=C[$][$])[$],#TN2aA=CO[$],#TN2aB=O[$][$]}",0.8472263813018799,0.7736456394195557,0.9182272553443909,
2593-15-9,CCOC1=NC(C(Cl)(Cl)Cl)=NS1,"{[#SN3r][#TN6a]1[#TN6a][#X2]([#TC6]1)}.{#SN3r=CCO[$],#TC6=S[$][$],#TN6a=N(=C[$][$])[$],#X2=ClC(Cl)(Cl)[$]}",0.557160496711731,0.18980847299098969,0.5021309852600098,
2683-90-1,O=C1C2=C(N=NN2)N=CN1,"{[#TN6aB]2[#TC5]1[#TN1a][#TN6d]1([#TN6aA][#TN6d]2)}.{#TC5=C(=C[$][$])[$][$],#TN1a=N(=N[$])[$],#TN6aA=C(=N[$])[$],#TN6aB=O=C[$][$],#TN6d=N[$][$]}",-0.3898466229438782,-1.5008183717727661,-0.5811851620674133,
271-58-9,N1=C2C=CC=CC2=CO1,"{[#TN6a]12[#TC5A][#TC5A][#TC5B]1[#TN2a]2}.{#TC5A=C(=C[$])[$],#TC5B=C(=C[$][$])[$],#TN2a=O[$][$],#TN6a=N(=C[$][$])[$]}",0.42215871810913086,-0.011006449349224567,0.39902231097221375,
271-95-4,N1=Cc2ccccc2O1,"{[#TN6a]2[#TC5B]1[#TC5A][#TC5A]1([#TN2a]2)}.{#TC5A=C(C[$])[$],#TC5B=C(C[$][$])[$][$],#TN2a=O[$][$],#TN6a=C(=N[$])[$]}",0.8082318902015686,0.6738954186439514,0.8351390361785889,
273-09-6,C1=CC2=NON=C2C=C1,"{[#TC5]2[#TN6a]1[#TN2a][#TN6a]1[#TC5]2}.{#TC5=C(=C[$])[$],#TN2a=O[$][$],#TN6a=N(=C[$][$])[$]}",0.21975509822368622,-0.38441407680511475,0.15207241475582123,
273-13-2,N1=C2C=CC=CC2=NS1,"{[#TN6a]12[#TC5][#TC5][#TN6a]1[#TC6]2}.{#TC5=C(=C[$])[$],#TC6=S[$][$],#TN6a=N(=C[$][$])[$]}",0.22200049459934235,-0.3836009204387665,0.15056085586547852,
273-53-0,C1=Nc2ccccc2O1,"{[#TN6a]2[#TC5B]1[#TC5A][#TC5A]1([#TN2a]2)}.{#TC5A=C(C[$])[$],#TC5B=C(C[$][$])[$][$],#TN2a=O[$][$],#TN6a=C(=N[$])[$]}",0.8082318902015686,0.6738954186439514,0.8351390361785889,
28177-48-2,Fc1cccc(F)c1O,"{[#TX4e]1[#TC5][#SX4e][#TN6]1}.{#SX4e=FC(C[$])[$],#TC5=C(C[$])[$],#TN6=OC[$][$],#TX4e=FC[$][$]}",1.0541034936904907,1.260045051574707,1.3043771982192993,
2837-89-0,FC(F)(F)C(Cl)F,"{[#SX4e][#SX4]}.{#SX4=FC(Cl)[$],#SX4e=FC(F)(F)[$]}",1.2059900760650635,1.4461820125579834,1.3695683479309082,
28466-26-4,N1C=C(N)C=N1,"{[#TN6d]1[#SN6d][#TN6a]1}.{#SN6d=NC(=C[$])[$],#TN6a=C(=N[$])[$],#TN6d=N[$][$]}",-0.26097914576530457,-1.3385913372039795,-0.5203834772109985,
2847-30-5,c1nc(C)c(OC)nc1,"{[#TN6a]1[#TC4][#SN2a][#TN6a]1}.{#SN2a=COC[$][$],#TC4=CC[$][$],#TN6a=C(=N[$])[$]}",0.2954687476158142,-0.46346232295036316,-0.03484853357076645,
287-92-3,C1CCCC1,"{[#TC3][#SC3]}.{#SC3=C(C[$])C[$],#TC3=C(C[$])[$]}",1.2677375078201294,1.4462668895721436,1.2995539903640747,
28810-38-0,C1(Cl)C(Cl)C(Cl)C(Cl)C=C1,"{[#TX3]1[#TX3][#TX3][#TX3][#TC5]1}.{#TC5=C(=C[$])[$],#TX3=ClC[$][$]}",1.188604474067688,1.4457201957702637,1.3887224197387695,
2882-20-4,c1nc(C)c(SC)nc1,"{[#TN6a]1[#SC4][#TC6]([#TN6a]1)}.{#SC4=CC(=C[$][$])[$],#TC6=CS[$],#TN6a=C(=N[$])[$]}",0.538731038570404,0.19375868141651154,0.5281043648719788,
2882-21-5,n1cc(C)nc(OC)c1,"{[#TN6aA]1[#SC4][#TN6aB]1[#TN3r]}.{#SC4=CC(C[$])[$],#TN3r=CO[$],#TN6aA=C(N[$])[$],#TN6aB=N(C[$][$])[$]}",0.08755836635828018,-0.6206122636795044,0.0005969171761535108,
30031-63-1,CS(=O)(=O)OCC(O)C1CO1,"{[#P4B][#P4C][#P4A]}.{#P4A=C1OC1[$],#P4B=CS(=O)(=O)[$],#P4C=OC(CO[$])[$]}",-0.6912937164306641,-1.9532712697982788,-0.8165903687477112,
302-72-7,NC(C)C(=O)O,"{[#SN6d][#SP2]}.{#SN6d=CC(N)[$],#SP2=O=C(O)[$]}",-0.07959172129631042,-0.9063841104507446,-0.17448511719703674,
3140-93-0,S1C(Br)=C(Br)C=C1,"{[#TC6]1[#TX2][#TX2][#TC5]1}.{#TC5=C(=C[$])[$],#TC6=S[$][$],#TX2=BrC[$][$]}",1.2025693655014038,1.4460800886154175,1.3733229637145996,
319-81-3,C1(Cl)C(Cl)C(Cl)C(Cl)C=C1,"{[#TX3]1[#TX3][#TX3][#TX3][#TC5]1}.{#TC5=C(=C[$])[$],#TX3=ClC[$][$]}",1.188604474067688,1.4457201957702637,1.3887224197387695,
319-94-8,C1(Cl)C(Cl)C(Cl)C(Cl)C(Cl)=C1,"{[#TX3]1[#TX3][#TX3][#TX3][#SX3]1}.{#SX3=ClC(=C[$])[$],#TX3=ClC[$][$]}",1.190345048904419,1.445798397064209,1.386845588684082,
3208-16-0,C1=COC(CC)=C1,"{[#TC5A]1[#TN2a][#TC5B]1[#TC3]}.{#TC3=CC[$],#TC5A=C(=C[$])[$],#TC5B=C(=C[$][$])[$],#TN2a=O[$][$]}",1.23841392993927,1.4464550018310547,1.3330951929092407,
321-14-2,c1c(O)c(C(=O)O)cc(Cl)c1,"{[#TC5B]1[#TN6][#TC5A][#SP2]([#TX3]1)}.{#SP2=O=C(O)[$],#TC5A=C(=C[$][$])[$],#TC5B=C(C[$])[$],#TN6=OC[$][$],#TX3=ClC[$][$]}",0.40119531750679016,-0.10336100310087204,0.30490100383758545,
327-54-8,Fc1cc(F)c(F)cc1F,"{[#SX4eA]1[#TX4e][#SX4eB][#TX4e]1}.{#SX4eA=FC(=C[$])[$],#SX4eB=FC(C[$])[$],#TX4e=FC[$][$]}",1.195547342300415,1.4458547830581665,1.3810094594955444,
327-57-1,CCCCC(N)C(=O)O,"{[#C1][#P6]}.{#C1=CCCC[$],#P6=NC(C(=O)O)[$]}",-0.35437870025634766,-1.893264889717102,-1.122583031654358,
33332-30-8,n1cc(OC)nc(Cl)c1,"{[#TN6aA]1[#TN6aB][#TN3r]([#SX3]1)}.{#SX3=ClC(=C[$])[$],#TN3r=CO[$],#TN6aA=C(=N[$])[$],#TN6aB=N(=C[$][$])[$]}",0.20569148659706116,-0.49143072962760925,0.0313933789730072,
33332-31-9,n1c(OC)cnc(Cl)c1,"{[#TN6aB]1[#TN3r]([#TN6aA][#SX3]1)}.{#SX3=ClC(=C[$])[$],#TN3r=CO[$],#TN6aA=C(=N[$])[$],#TN6aB=N(=C[$][$])[$]}",-0.046090155839920044,-0.8917465806007385,-0.19383999705314636,
33489-27-9,C1(I)C(Cl)C(Cl)C(Cl)C(Cl)C1Cl,"{[#TX1]1[#TX3][#TX3][#TX3][#TX3][#TX3]1}.{#TX1=IC[$][$],#TX3=ClC[$][$]}",1.1938406229019165,1.4458798170089722,1.3829795122146606,
33489-28-0,C1(I)C(Cl)C(Cl)C(Cl)C(Cl)C1Cl,"{[#TX1]1[#TX3][#TX3][#TX3][#TX3][#TX3]1}.{#TX1=IC[$][$],#TX3=ClC[$][$]}",1.1938406229019165,1.4458798170089722,1.3829795122146606,
3354-39-0,S=C1SSC(C)=C1C,"{[#TC6B]1[#TC6A][#TC4][#TC4]1}.{#TC4=CC[$][$],#TC6A=S(S[$])[$],#TC6B=S=C[$][$]}",1.1869401931762695,1.4454506635665894,1.390268325805664,
3354-40-3,S=C1C=C(C)SS1,"{[#SC6]1[#TC4][#TC6]1}.{#SC6=S=C(C[$])[$],#TC4=CC[$][$],#TC6=S(S[$])[$]}",1.1853315830230713,1.4454066753387451,1.3920388221740723,
3354-42-5,S1Sc2ccccc2C1=S,"{[#TC6A]2[#TC5B]1[#TC5A][#TC5A]1([#TC6B]2)}.{#TC5A=C(C[$])[$],#TC5B=C(C[$][$])[$][$],#TC6A=S(S[$])[$],#TC6B=S=C[$][$]}",1.194685697555542,1.445840835571289,1.3819705247879028,
33873-10-8,n1cc(Cl)nc(F)c1,"{[#TN6aA]1[#TN6aB][#SX3]([#TC5]1[#SX4e])}.{#SX3=Cl[$],#SX4e=F[$],#TC5=C(=C[$][$])[$],#TN6aA=C(=N[$])[$],#TN6aB=N(=C[$][$])[$]}",0.6377535462379456,0.27841106057167053,0.5237433314323425,
33875-95-5,C1(Cl)C(Cl)C(Cl)C(Cl)C=C1,"{[#TX3]1[#TX3][#TX3][#TX3][#TC5]1}.{#TC5=C(=C[$])[$],#TX3=ClC[$][$]}",1.188604474067688,1.4457201957702637,1.3887224197387695,
3400-45-1,OC(=O)C1CCCC1,"{[#SP2][#TC3][#SC3]}.{#SC3=C(C[$])C[$],#SP2=O=C(O)[$],#TC3=C(C[$][$])[$]}",0.804186999797821,0.5950440168380737,0.7390465140342712,
3469-69-0,N1C=C(I)C=N1,"{[#TN6d]1[#X1][#TN6a]1}.{#TN6a=C(=N[$])[$],#TN6d=N[$][$],#X1=IC(=C[$])[$]}",0.040442466735839844,-0.822361946105957,-0.20351237058639526,
348-54-9,c1c(F)c(N)ccc1,"{[#SX4e]1[#SN6d][#TC5]1}.{#SN6d=NC(=C[$])[$],#SX4e=FC(=C[$])[$],#TC5=C(=C[$])[$]}",0.5354292988777161,0.23320409655570984,0.5822222828865051,
3481-20-7,Nc1c(Cl)c(Cl)cc(Cl)c1Cl,"{[#TN6d]1[#TX3][#SX3][#TX3][#TX3]1}.{#SX3=ClC(=C[$])[$],#TN6d=NC[$][$],#TX3=ClC[$][$]}",0.9107573628425598,0.8734034299850464,0.9734604954719543,
352-61-4,FC(F)(F)CCCCO,"{[#SX4e][#SC2][#TP1]}.{#SC2=C(C[$])C[$],#SX4e=FC(F)(F)[$],#TP1=OC[$]}",0.6858545541763306,0.5015644431114197,0.7540647983551025,
352-87-4,C=C(C)C(=O)OCC(F)(F)F,"{[#SC4][#N4a][#SX4e]}.{#N4a=O=C(OC[$])[$],#SC4=C=C(C)[$],#SX4e=FC(F)(F)[$]}",0.9341015219688416,1.0658947229385376,1.1927438974380493,
352-93-2,CCSCC,"{[#SC6][#TC3]}.{#SC6=CCS[$],#TC3=CC[$]}",1.215746283531189,1.4462875127792358,1.358623743057251,
354-33-6,FC(F)(F)C(F)F,"{[#SX4e][#TX4]}.{#SX4e=FC(F)(F)[$],#TX4=FC(F)[$]}",1.182396650314331,1.4453582763671875,1.3953100442886353,
35659-69-9-644,CCC1=CSSC1=O,"{[#TC3][#TC5]1[#TC6][#TN6a]1}.{#TC3=CC[$],#TC5=C(=C[$][$])[$],#TC6=S(S[$])[$],#TN6a=O=C[$][$]}",0.7680813074111938,0.7200822234153748,0.9397121071815491,
35659-69-9,CC1=C(C)SSC1=O,"{[#TC4]1[#TC4][#TC6][#TN6a]1}.{#TC4=CC[$][$],#TC6=S(S[$])[$],#TN6a=O=C[$][$]}",0.8545003533363342,0.8099547624588013,0.9563301205635071,
3599-76-6,ClC(Cl)(Cl)c1nc(C(Cl)(Cl)Cl)nc(SC)n1,"{[#X2][#TN6a]1[#TN6a][#X2]([#TN6a]1[#TC6])}.{#TC6=CS[$],#TN6a=N(=C[$][$])[$],#X2=ClC(Cl)(Cl)[$]}",0.3592706322669983,-0.1752607226371765,0.2607027590274811,
360-97-4,NC(=O)C1=C(N)NC=N1,"{[#SP5][#SN6d]1[#TN6d][#TN6a]1}.{#SN6d=NC(=C[$][$])[$],#SP5=NC(=O)[$],#TN6a=C(=N[$])[$],#TN6d=N[$][$]}",-0.522484540939331,-1.7278984785079956,-0.720517098903656,
3620-08-4,O=C1C=C(C)SS1,"{[#SN6]1[#TC4][#TC6]1}.{#SN6=O=C(C[$])[$],#TC4=CC[$][$],#TC6=S(S[$])[$]}",0.5069824457168579,0.13839568197727203,0.4934659004211426,
363-81-5,Nc1c(F)cc(F)cc1F,"{[#TN6d]1[#SX4e][#SX4e][#TX4e]1}.{#SX4e=FC(C[$])[$],#TN6d=NC[$][$],#TX4e=FC[$][$]}",0.9044667482376099,0.9374427795410156,1.0623770952224731,
36355-38-1,O1C(=O)C(=O)C(=O)C1C(O)CO,"{[#TN4a]1[#TN6a][#TN6a][#TN6a]1([#P4])}.{#P4=OCC(O)[$],#TN4a=O(C[$][$])[$],#TN6a=O=C[$][$]}",-0.4234349727630615,-1.605210304260254,-0.6763410568237305,
36635-02-6,C1(Br)C(Cl)C(Cl)C(Cl)C(Cl)C1Cl,"{[#TX2]1[#TX3][#TX3][#TX3][#TX3][#TX3]1}.{#TX2=BrC[$][$],#TX3=ClC[$][$]}",1.1911786794662476,1.4458067417144775,1.3859095573425293,
36635-03-7,C1(Br)C(Cl)C(Cl)C(Cl)C(Cl)C1Cl,"{[#TX2]1[#TX3][#TX3][#TX3][#TX3][#TX3]1}.{#TX2=BrC[$][$],#TX3=ClC[$][$]}",1.1911786794662476,1.4458067417144775,1.3859095573425293,
367-11-3,Fc1ccccc1F,"{[#SX4e]1[#TC5][#SX4e]1}.{#SX4e=FC(=C[$])[$],#TC5=C(=C[$])[$]}",1.1930443048477173,1.4457088708877563,1.383665680885315,
367-12-4,c1cc(F)c(O)cc1,"{[#TC5]1[#SX4e][#SN6]1}.{#SN6=OC(C[$])[$],#SX4e=FC(C[$])[$],#TC5=C(C[$])[$]}",0.8123838305473328,0.7307985424995422,0.9030840992927551,
367-21-5,c1c(N)cc(Cl)c(F)c1,"{[#SN6d]1[#SX3][#SX4e]1}.{#SN6d=NC(=C[$])[$],#SX3=ClC(=C[$])[$],#SX4e=FC(=C[$])[$]}",0.7453121542930603,0.7232186198234558,0.9695747494697571,
367-23-7,c1c(F)c(F)cc(F)c1,{[#SX4e]1[#SX4e][#SX4e]1}.{#SX4e=FC(=C[$])[$]},1.2045998573303223,1.4461532831192017,1.3711105585098267,
367-25-9,c1c(N)c(F)cc(F)c1,"{[#SN6d]1[#SX4e][#SX4e]1}.{#SN6d=NC(=C[$])[$],#SX4e=FC(=C[$])[$]}",1.1875730752944946,1.445193886756897,1.389221429824829,
371-40-4,c1c(F)ccc(N)c1,"{[#TC5B]1[#TX4e][#TC5A][#TN6d]1}.{#TC5A=C(=C[$])[$],#TC5B=C(C[$])[$],#TN6d=NC[$][$],#TX4e=FC[$][$]}",0.6903771758079529,0.5016824007034302,0.749079704284668,
371-41-5,c1c(F)ccc(O)c1,"{[#TC5B]1[#TX4e][#TC5A][#TN6]1}.{#TC5A=C(=C[$])[$],#TC5B=C(C[$])[$],#TN6=OC[$][$],#TX4e=FC[$][$]}",0.7656413912773132,0.6460381150245667,0.8479356169700623,
37174-09-7,CCN(CC)CC(F)(F)F,"{[#N3a][#TC3]([#SX4e])}.{#N3a=CCN(C[$])[$],#SX4e=FC(F)(F)[$],#TC3=CC[$]}",0.9896263480186462,0.8698060512542725,0.8793002963066101,
372-18-9,Fc1cc(F)ccc1,"{[#SX4e]1[#SX4e][#TC5]1}.{#SX4e=FC(=C[$])[$],#TC5=C(=C[$])[$]}",1.1930416822433472,1.445705771446228,1.3836650848388672,
372-19-0,c1c(F)cc(N)cc1,"{[#SX4e]1[#SN6d][#TC5]1}.{#SN6d=NC(=C[$])[$],#SX4e=FC(=C[$])[$],#TC5=C(=C[$])[$]}",0.5354292988777161,0.23320409655570984,0.5822222828865051,
372-20-3,c1c(F)cc(O)cc1,"{[#SX4e]1[#SN6][#TC5]1}.{#SN6=OC(=C[$])[$],#SX4e=FC(=C[$])[$],#TC5=C(=C[$])[$]}",0.4527272582054138,0.14034028351306915,0.5575635433197021,
37813-54-0,c1c(SC)nnc(SC)c1,"{[#TC5]1[#TC6]([#TN1a][#TC5]1[#TC6])}.{#TC5=C(=C[$][$])[$],#TC6=CS[$],#TN1a=N(=N[$])[$]}",1.0018175840377808,1.1057120561599731,1.1666858196258545,
38557-71-0,n1cc(C)nc(Cl)c1,"{[#TN6aA]1[#TN6aB][#SC4]([#TC5]1[#SX3])}.{#SC4=C[$],#SX3=Cl[$],#TC5=C(=C[$][$])[$],#TN6aA=C(=N[$])[$],#TN6aB=N(=C[$][$])[$]}",0.427600234746933,0.09359634667634964,0.5264109373092651,
38580-89-1,CN(C)C(=O)OC(C)C,"{[#SN1][#SN4a][#SC2]}.{#SC2=CC(C)[$],#SN1=CN(C)[$],#SN4a=O=C(O[$])[$]}",0.9540576934814453,0.8260303735733032,0.8637955188751221,
38696-40-1,CCCC1=CSSC1=S,"{[#SC2][#TC5]1[#TC6A][#TC6B]1}.{#SC2=CCC[$],#TC5=C(=C[$][$])[$],#TC6A=S(S[$])[$],#TC6B=S=C[$][$]}",1.2209827899932861,1.4460545778274536,1.352379322052002,
3934-20-1,n1c(Cl)ccnc1Cl,"{[#TN6a]1[#SX3]([#TC5][#TN6a]1[#TX3])}.{#SX3=Cl[$],#TC5=C(=C[$])[$],#TN6a=N(=C[$][$])[$],#TX3=Cl[$]}",0.6410592198371887,0.1977301836013794,0.41696691513061523,
402-45-9,FC(F)(F)c1ccc(O)cc1,"{[#SX4e][#TC5B]1[#SN6][#TC5A]1}.{#SN6=OC(=C[$])[$],#SX4e=FC(F)(F)[$],#TC5A=C(=C[$])[$],#TC5B=C(=C[$][$])[$]}",0.6152300238609314,0.38305097818374634,0.6829380393028259,
4033-40-3,NC(=O)C(NC(=O)C)CC(=O)O,"{[#SP5][#SN5][#SN4a]([#SP2])}.{#SN4a=CC(=O)[$],#SN5=C(C(N[$])[$])[$],#SP2=O=C(O)[$],#SP5=NC(=O)[$]}",-0.11538583785295486,-0.9705540537834167,-0.21577517688274384,
406-95-1,CC(=O)OCC(F)(F)F,"{[#N4a][#SX4e]}.{#N4a=CC(=O)OC[$],#SX4e=FC(F)(F)[$]}",1.2474905252456665,1.4456568956375122,1.3217685222625732,
41992-55-6,C1(Cl)C(Cl)C(Cl)C(Cl)C=C1,"{[#TX3]1[#TX3][#TX3][#TX3][#TC5]1}.{#TC5=C(=C[$])[$],#TX3=ClC[$][$]}",1.188604474067688,1.4457201957702637,1.3887224197387695,
426-65-3,FC(F)(F)C(F)(F)C(=O)OCC,"{[#SX4e][#TX4][#SN4a][#TC3]}.{#SN4a=O=C(O[$])[$],#SX4e=FC(F)(F)[$],#TC3=CC[$],#TX4=FC(F)[$][$]}",0.8236182928085327,0.8565077185630798,1.0508452653884888,
431-89-0,FC(F)(F)C(F)C(F)(F)F,"{[#SX4e][#TX4e][#SX4e]}.{#SX4e=FC(F)(F)[$],#TX4e=FC[$][$]}",1.1731092929840088,1.4449996948242188,1.4053994417190552,
434-75-3,OC(=O)c1c(Cl)cccc1F,"{[#SP2][#SX3]1[#TC5][#SX4e]1}.{#SP2=O=C(O)[$],#SX3=ClC(=C[$][$])[$],#SX4e=FC(=C[$])[$],#TC5=C(=C[$])[$]}",0.6802750825881958,0.5406661629676819,0.8103304505348206,
444-30-4,c1c(O)c(C(F)(F)F)ccc1,"{[#SN6]1[#TC5B][#SX4e]([#TC5A]1)}.{#SN6=OC(=C[$])[$],#SX4e=FC(F)(F)[$],#TC5A=C(=C[$])[$],#TC5B=C(=C[$][$])[$]}",0.6741805672645569,0.5012043118476868,0.7668623328208923,
445-29-4,c1c(F)c(C(=O)O)ccc1,"{[#SX4e]1[#TC5B][#SP2]([#TC5A]1)}.{#SP2=O=C(O)[$],#SX4e=FC(=C[$])[$],#TC5A=C(=C[$])[$],#TC5B=C(=C[$][$])[$]}",0.7655319571495056,0.6460766792297363,0.8481090664863586,
455-38-9,c1c(F)cc(C(=O)O)cc1,"{[#SX4e]1[#TC5B][#SP2]([#TC5A]1)}.{#SP2=O=C(O)[$],#SX4e=FC(=C[$])[$],#TC5A=C(=C[$])[$],#TC5B=C(=C[$][$])[$]}",0.7655319571495056,0.6460766792297363,0.8481090664863586,
4597-87-9,c1c(NC)nccc1,"{[#TC5B]1[#TN5]([#TN6a][#TC5A]1)}.{#TC5A=C(=C[$])[$],#TC5B=C(=C[$][$])[$],#TN5=CN[$],#TN6a=C(=N[$])[$]}",0.5493869781494141,0.11822691559791565,0.41955581307411194,
462-06-6,c1ccccc1F,"{[#SX4e]1[#TC5][#TC5]1}.{#SX4e=FC(C[$])[$],#TC5=C(C[$])[$]}",1.2066595554351807,1.4459326267242432,1.3684895038604736,
463-49-0,C=C=C,{[#SC5]}.{#SC5=C=C=C},1.2243268489837646,1.4464633464813232,1.349103569984436,
463-82-1,CC(C)(C)C,{[#C2]}.{#C2=CC(C)(C)C},1.2978464365005493,1.4454219341278076,1.264281988143921,
464-07-3,CC(C)(C)C(C)O,"{[#SC1][#SP1]}.{#SC1=CC(C)(C)[$],#SP1=CC(O)[$]}",0.5431983470916748,0.1515251100063324,0.46910232305526733,
4684-94-0,c1cc(C(=O)O)nc(Cl)c1,"{[#TC5]1[#TN6a][#SP2]([#SX3]1)}.{#SP2=O=C(O)[$],#SX3=ClC(=C[$])[$],#TC5=C(=C[$])[$],#TN6a=N(=C[$][$])[$]}",0.2384663075208664,-0.2522813081741333,0.2995450794696808,
4774-14-5,n1cc(Cl)nc(Cl)c1,"{[#TN6aA]1[#TN6aB][#SX3]([#TC5]1[#SX3])}.{#SX3=Cl[$],#TC5=C(=C[$][$])[$],#TN6aA=C(=N[$])[$],#TN6aB=N(=C[$][$])[$]}",0.6214538216590881,0.2767355740070343,0.5401146411895752,
4774-15-6,n1cc(OC)nc(OC)c1,"{[#TN6aA]1[#TN6aB][#TN3r]([#TC5]1[#TN2a])}.{#TC5=C(=C[$][$])[$],#TN2a=CO[$],#TN3r=CO[$],#TN6aA=C(=N[$])[$],#TN6aB=N(=C[$][$])[$]}",0.06774835288524628,-0.5473461151123047,0.11664857715368271,
488-93-7,C1(C(=O)O)=COC=C1,"{[#TC5B]1[#SP2]([#TN2a][#TC5A]1)}.{#SP2=O=C(O)[$],#TC5A=C(=C[$])[$],#TC5B=C(=C[$][$])[$],#TN2a=O[$][$]}",0.36833593249320984,0.003386276075616479,0.47852399945259094,
498-62-4,C1(C=O)=CSC=C1,"{[#TC5B]1[#TN4a]([#TC6][#TC5A]1)}.{#TC5A=C(=C[$])[$],#TC5B=C(=C[$][$])[$],#TC6=S[$][$],#TN4a=O=C[$]}",0.8895364999771118,0.9281545281410217,1.067471981048584,
50-69-1,C1(CO)C(O)C(O)C(O)O1,"{[#TN4a]1[#TP1]([#SP4][#TN6]1)}.{#SP4=OC(C(O)[$])[$],#TN4a=O(C[$][$])[$],#TN6=OC[$][$],#TP1=OC[$]}",-0.4983168840408325,-1.6488633155822754,-0.6470420360565186,
50-81-7,O1C(=O)C(O)=C(O)C1C(O)CO,"{[#TN4a]1[#TN6aA][#TN6aB]=[#TN6aB]1([#P4])}.{#P4=OCC(O)[$],#TN4a=O(C[$][$])[$],#TN6aA=O=C[$][$],#TN6aB=OC[$][$]}",-0.31657353043556213,-1.3860269784927368,-0.5178200602531433,
50-99-7,C1(O)C(O)C(O)C(O)C(CO)O1,"{[#SP4]1[#SP4][#TN4a]1[#TP1]}.{#SP4=OC(C(O)[$])[$],#TN4a=O(C[$][$])[$],#TP1=OC[$]}",-0.6976838707923889,-1.9533429145812988,-0.8094249367713928,
503-74-2,OC(=O)CC(C)C,"{[#SP2][#SC1]}.{#SC1=CC(C)C[$],#SP2=O=C(O)[$]}",0.48983073234558105,0.04533819481730461,0.39411813020706177,
504-63-2,OCCCO,"{[#SP1][#TP1]}.{#SP1=OCC[$],#TP1=OC[$]}",-0.7526009678840637,-1.943369746208191,-0.73432457447052,
507-52-8,FC(F)(F)C(O)(C)C,"{[#SX4e][#P1]}.{#P1=CC(C)(O)[$],#SX4e=FC(F)(F)[$]}",1.2604609727859497,1.444078803062439,1.3050233125686646,
50995-95-4,N1C=CN=C1CCC,"{[#TN6d]1[#TC5][#TN6a]1[#SC2]}.{#SC2=CCC[$],#TC5=C(=C[$])[$],#TN6a=N(=C[$][$])[$],#TN6d=N[$][$]}",0.3170701861381531,-0.2545316815376282,0.20740564167499542,
51-35-4,C1C(O)CC(C(=O)O)N1,"{[#TN6d]1[#TN6][#TC3]1[#SP2]}.{#SP2=O=C(O)[$],#TC3=C(C[$][$])[$],#TN6=OC[$][$],#TN6d=C(N[$])[$]}",-0.322998046875,-1.386735439300537,-0.5114279985427856,
513-35-9,CC=C(C)C,{[#C4]}.{#C4=CC=C(C)C},1.302375316619873,1.4452437162399292,1.2589106559753418,
513-36-0,CC(C)CCl,{[#X3]}.{#X3=CC(C)CCl},1.2459319829940796,1.4464877843856812,1.3245986700057983,
515-84-4,CCOC(=O)C(Cl)(Cl)Cl,"{[#SN3r][#TN4a][#X2]}.{#SN3r=CCO[$],#TN4a=O=C[$][$],#X2=ClC(Cl)(Cl)[$]}",0.5439253449440002,0.23499462008476257,0.5748600959777832,
5162-44-7,BrCCC=C,"{[#X2][#TC5]}.{#TC5=C=C[$],#X2=BrCC[$]}",1.2207404375076294,1.4463165998458862,1.3529890775680542,
51795-30-3,C1(Cl)C(Cl)C(Cl)C(Cl)C(Cl)=C1,"{[#TX3]1[#TX3][#TX3][#TX3][#SX3]1}.{#SX3=ClC(=C[$])[$],#TX3=ClC[$][$]}",1.190345048904419,1.445798397064209,1.386845588684082,
5194-50-3,CC=CC=CC,{[#SC4][#SC4]}.{#SC4=CC=C[$]},1.243507981300354,1.4465277194976807,1.3274028301239014,
5194-51-4,CC=CC=CC,{[#SC4][#SC4]}.{#SC4=CC=C[$]},1.243507981300354,1.4465277194976807,1.3274028301239014,
52-52-8,C1CC(N)(C(=O)O)CC1,"{[#SC3][#SN6d][#SP2]}.{#SC3=C(C[$])C[$],#SN6d=NC(C[$])[$][$],#SP2=O=C(O)[$]}",0.4848580062389374,0.05479733645915985,0.41184359788894653,
52514-89-3,CCC1=CC(=S)SS1,"{[#TC3][#SC6A][#SC6B]}.{#SC6A=S(S[$])C[$][$],#SC6B=S=C(C[$])[$],#TC3=CC[$]}",1.2092947959899902,1.4460346698760986,1.3656266927719116,
527-72-0,C1=C(C(=O)O)SC=C1,"{[#TC5B]1[#SP2]([#TC6][#TC5A]1)}.{#SP2=O=C(O)[$],#TC5A=C(=C[$])[$],#TC5B=C(=C[$][$])[$],#TC6=S[$][$]}",0.6716970801353455,0.474846214056015,0.7360259294509888,
533-45-9,S1C(CCCl)=C(C)N=C1,"{[#TC6]1[#SC4][#SX3]([#TN6a]1)}.{#SC4=CC(=C[$][$])[$],#SX3=ClCC[$],#TC6=S[$][$],#TN6a=C(=N[$])[$]}",0.8144857287406921,0.7307078838348389,0.9005815386772156,
533-58-4,c1c(I)c(O)ccc1,"{[#X1]1[#SN6][#TC5]1}.{#SN6=OC(=C[$])[$],#TC5=C(=C[$])[$],#X1=IC(=C[$])[$]}",0.7007330656051636,0.4166465401649475,0.6287357807159424,
534-22-5,C1=C(C)OC=C1,"{[#SC4]1[#TN2a][#TC5]1}.{#SC4=CC(=C[$])[$],#TC5=C(=C[$])[$],#TN2a=O[$][$]}",1.245042324066162,1.4464153051376343,1.3255165815353394,
534-25-8,S=C1C=CSS1,"{[#SC6B][#SC6A]}.{#SC6A=C(SS[$])[$],#SC6B=S=C(C[$])[$]}",1.194214940071106,1.445908546447754,1.3825916051864624,
535-80-8,c1c(Cl)cc(C(=O)O)cc1,"{[#SX3]1[#TC5B][#SP2]([#TC5A]1)}.{#SP2=O=C(O)[$],#SX3=ClC(=C[$])[$],#TC5A=C(=C[$])[$],#TC5B=C(=C[$][$])[$]}",0.7692729830741882,0.6462003588676453,0.8440183997154236,
5380-42-7,COC(=O)C1=CC=CS1,"{[#N4a][#TC5B]1[#TC5A][#TC6]1}.{#N4a=COC(=O)[$],#TC5A=C(=C[$])[$],#TC5B=C(=C[$][$])[$],#TC6=S[$][$]}",0.6946766376495361,0.5423231720924377,0.7960914969444275,
5398-44-7,OC(=O)c1cc(Cl)nc(Cl)c1,"{[#SP2][#TC5]1[#TN6a][#SX3]([#TC5]1[#SX3])}.{#SP2=O=C(O)[$],#SX3=Cl[$],#TC5=C(=C[$][$])[$],#TN6a=N(=C[$][$])[$]}",0.25213944911956787,-0.25289013981819153,0.2832397222518921,
540-38-5,c1c(I)ccc(O)c1,"{[#TC5B]1[#TX1][#TC5A][#TN6]1}.{#TC5A=C(=C[$])[$],#TC5B=C(C[$])[$],#TN6=OC[$][$],#TX1=IC[$][$]}",0.779510498046875,0.6463048458099365,0.8325256705284119,
540-54-5,CCCCl,{[#X3]}.{#X3=CCCCl},1.2415752410888672,1.4465022087097168,1.3295650482177734,
540-88-5,CC(=O)OC(C)(C)C,"{[#SN4a][#SC1]}.{#SC1=CC(C)(C)[$],#SN4a=CC(=O)O[$]}",0.9676488637924194,0.9389678239822388,0.9925718307495117,
54083-24-8,C1(Cl)C(Cl)C(Cl)C(Cl)C(Cl)=C1,"{[#TX3]1[#TX3][#TX3][#TX3][#SX3]1}.{#SX3=ClC(=C[$])[$],#TX3=ClC[$][$]}",1.190345048904419,1.445798397064209,1.386845588684082,
54083-25-9,C1(Cl)C(Cl)C(Cl)C(Cl)C(Cl)=C1,"{[#TX3]1[#TX3][#TX3][#TX3][#SX3]1}.{#SX3=ClC(=C[$])[$],#TX3=ClC[$][$]}",1.190345048904419,1.445798397064209,1.386845588684082,
541-73-1,c1c(Cl)cc(Cl)cc1,"{[#SX3]1[#SX3][#TC5]1}.{#SX3=ClC(=C[$])[$],#TC5=C(=C[$])[$]}",1.1921755075454712,1.4457968473434448,1.3847646713256836,
54135-81-8,c1c(Cl)c(Cl)c(OC)cc1Cl,"{[#SX3]1[#TX3][#SN2a][#SX3]1}.{#SN2a=COC[$][$],#SX3=ClC(=C[$])[$],#TX3=ClC[$][$]}",1.094916582107544,1.2564274072647095,1.2534085512161255,
54135-82-9,c1c(Cl)c(Cl)c(Cl)cc1OC,"{[#SX3A]1[#TX3][#SX3B][#SN2a]1}.{#SN2a=COC[$][$],#SX3A=ClC(=C[$])[$],#SX3B=ClC(C[$])[$],#TX3=ClC[$][$]}",1.109566330909729,1.2767443656921387,1.2627143859863281,
542-69-8,CCCCI,"{[#SC2][#SX1]}.{#SC2=CCC[$],#SX1=IC[$]}",1.2388862371444702,1.4464775323867798,1.3325871229171753,
543-59-9,CCCCCCl,"{[#SC2][#SX3]}.{#SC2=CCC[$],#SX3=ClCC[$]}",1.2337334156036377,1.4464540481567383,1.338409185409546,
544-10-5,CCCCCCCl,"{[#C1][#SX3]}.{#C1=CCCC[$],#SX3=ClCC[$]}",1.2526276111602783,1.4463794231414795,1.3168566226959229,
5509-65-9,Nc1c(F)cccc1F,"{[#TN6d]1[#TX4e][#TC5][#SX4e]1}.{#SX4e=FC(=C[$])[$],#TC5=C(=C[$])[$],#TN6d=NC[$][$],#TX4e=FC[$][$]}",0.8195037841796875,0.8098922967910767,0.9959939122200012,
55265-51-5,BrC1C(F)C(Cl)C(Cl)C(Cl)C1Cl,"{[#TX2]1[#TX4e][#TX3][#TX3][#TX3][#TX3]1}.{#TX2=BrC[$][$],#TX3=ClC[$][$],#TX4e=FC[$][$]}",1.1903700828552246,1.445783257484436,1.3867977857589722,
554-00-7,c1c(N)c(Cl)cc(Cl)c1,"{[#SN6d]1[#SX3][#SX3]1}.{#SN6d=NC(=C[$])[$],#SX3=ClC(=C[$])[$]}",0.7745999693870544,0.718012809753418,0.9296669363975525,
554-14-3,C1=C(C)SC=C1,"{[#SC4]1[#TC6][#TC5]1}.{#SC4=CC(=C[$])[$],#TC5=C(=C[$])[$],#TC6=S[$][$]}",1.2109918594360352,1.4462562799453735,1.3639830350875854,
55486-68-5,CCC1=C(C)SSC1=S,"{[#TC3][#SC4]1[#TC6A][#TC6B]1}.{#SC4=CC(=C[$][$])[$],#TC3=CC[$],#TC6A=S(S[$])[$],#TC6B=S=C[$][$]}",1.218778133392334,1.4460667371749878,1.3548983335494995,
556-24-1,COC(=O)CC(C)C,"{[#N4a][#SC2]}.{#N4a=COC(=O)C[$],#SC2=CC(C)[$]}",0.7630511522293091,0.6004592180252075,0.7926769256591797,
556-33-2,NCC(=O)NCC(=O)NCC(=O)O,"{[#TN6dB][#TN4a][#TN6dA][#TN4a][#TN5][#SP2]}.{#SP2=O=C(O)[$],#TN4a=O=C[$][$],#TN5=C(N[$])[$],#TN6dA=C(N[$])[$],#TN6dB=NC[$]}",-0.10462065786123276,-1.1202263832092285,-0.4191184937953949,
556-50-3,NCC(=O)NCC(=O)O,"{[#TN6d][#TN4a][#TN5][#SP2]}.{#SP2=O=C(O)[$],#TN4a=O=C[$][$],#TN5=C(N[$])[$],#TN6d=NC[$]}",-0.15397422015666962,-1.1677418947219849,-0.42374345660209656,
557-01-7,C1=CC=NC(=O)N1,"{[#TC5]1[#TN6aA][#TN6aB][#TN6d]1}.{#TC5=C(=C[$])[$],#TN6aA=C(=N[$])[$],#TN6aB=O=C[$][$],#TN6d=N[$][$]}",-0.3016715347766876,-1.3360800743103027,-0.47096478939056396,
56-12-2,NCCCC(=O)O,"{[#N6d][#SP2]}.{#N6d=NCCC[$],#SP2=O=C(O)[$]}",0.0933527946472168,-0.6810951828956604,-0.08321459591388702,
56-23-5,ClC(Cl)(Cl)Cl,{[#X1]}.{#X1=ClC(Cl)(Cl)Cl},1.2203857898712158,1.4464235305786133,1.3535282611846924,
56-41-7,NC(C)C(=O)O,"{[#SN6d][#SP2]}.{#SN6d=CC(N)[$],#SP2=O=C(O)[$]}",-0.07959172129631042,-0.9063841104507446,-0.17448511719703674,
56-45-1,OCC(N)C(=O)O,"{[#TP1d][#TN6d][#SP2]}.{#SP2=O=C(O)[$],#TN6d=NC[$][$],#TP1d=OC[$]}",-0.545940101146698,-1.709784746170044,-0.6707503199577332,
56-81-5,OCC(O)CO,"{[#P4][#TP1]}.{#P4=OCC(O)[$],#TP1=OC[$]}",-0.6872699856758118,-1.953696370124817,-0.821703314781189,
56-84-8,NC(C(=O)O)CC(=O)O,"{[#SN6d][#SP2]([#SP2])}.{#SN6d=NC(C[$])[$],#SP2=O=C(O)[$]}",-0.31066203117370605,-1.003868579864502,-0.036550648510456085,
56-85-9,NC(=O)CCC(N)C(=O)O,"{[#SP5][#N6d][#SP2]}.{#N6d=NC(CC[$])[$],#SP2=O=C(O)[$],#SP5=NC(=O)[$]}",-0.18005156517028809,-1.1044671535491943,-0.3133328855037689,
56086-55-6,C1(F)C(Cl)C(Cl)C(Cl)C(Cl)C1Cl,"{[#TX4e]1[#TX3][#TX3][#TX3][#TX3][#TX3]1}.{#TX3=ClC[$][$],#TX4e=FC[$][$]}",1.183011531829834,1.4455558061599731,1.3948639631271362,
5621-02-3,n1c(N(C)C)nccc1,"{[#TN6aB]1[#SN1]([#TN6aA][#TC5]1)}.{#SN1=CN(C)[$],#TC5=C(=C[$])[$],#TN6aA=C(=N[$])[$],#TN6aB=N(=C[$][$])[$]}",0.168685644865036,-0.5967349410057068,-0.061045240610837936,
5666-21-7,C=CCNCCC,"{[#TC5][#TN6d][#SC2]}.{#SC2=CCC[$],#TC5=C=C[$],#TN6d=C(N[$])[$]}",0.5279929637908936,0.08637027442455292,0.4031737446784973,
56961-77-4,Brc1cccc(Cl)c1Cl,"{[#TX2]1[#TC5][#SX3][#TX3]1}.{#SX3=ClC(C[$])[$],#TC5=C(C[$])[$],#TX2=BrC[$][$],#TX3=ClC[$][$]}",1.2053184509277344,1.4460372924804688,1.3701462745666504,
56994-25-3,C1C(Cl)C(Cl)C(Cl)C=C1,"{[#SX3]1[#TX3][#TX3][#TC5]1}.{#SX3=ClC(C[$])[$],#TC5=C(=C[$])[$],#TX3=ClC[$][$]}",1.1962496042251587,1.4459080696105957,1.3802802562713623,
57-15-8,ClC(Cl)(Cl)C(O)(C)C,"{[#X2][#P1]}.{#P1=CC(C)(O)[$],#X2=ClC(Cl)(Cl)[$]}",0.8281688094139099,0.5366935729980469,0.6373035311698914,
5728-21-2,CC1=NSN=C1C,"{[#SN6a]1[#TC6][#SN6a]1}.{#SN6a=CC(=N[$])[$],#TC6=S[$][$]}",0.3843221366405487,-0.12360917031764984,0.29820793867111206,
57383-80-9,Brc1c(Br)cccc1O,"{[#TX2]1[#TX2][#TC5][#SN6]1}.{#SN6=OC(=C[$])[$],#TC5=C(=C[$])[$],#TX2=BrC[$][$]}",0.8748674392700195,0.6749096512794495,0.7607609033584595,
57722-15-3,C1(Cl)C(Cl)C(Cl)C(Cl)C(Cl)=C1Cl,{[#TX3]1[#TX3][#TX3][#TX3][#TX3]=[#TX3]1}.{#TX3=ClC[$][$]},1.183996558189392,1.4456102848052979,1.3938146829605103,
57722-16-4,C1(Cl)C(Cl)C(Cl)C(Cl)C(Cl)=C1Cl,{[#TX3]1[#TX3][#TX3][#TX3][#TX3]=[#TX3]1}.{#TX3=ClC[$][$]},1.183996558189392,1.4456102848052979,1.3938146829605103,
57722-17-5,C1(Cl)C(Cl)C(Cl)C(Cl)C(Cl)=C1Cl,{[#TX3]1[#TX3][#TX3][#TX3][#TX3]=[#TX3]1}.{#TX3=ClC[$][$]},1.183996558189392,1.4456102848052979,1.3938146829605103,
583-78-8,c1c(Cl)cc(O)c(Cl)c1,"{[#SX3]1[#SN6][#SX3]1}.{#SN6=OC(=C[$])[$],#SX3=ClC(=C[$])[$]}",0.5473623871803284,0.396724671125412,0.7774713039398193,
584-02-1,CCC(O)CC,"{[#P1][#TC3]}.{#P1=CCC(O)[$],#TC3=CC[$]}",0.08283602446317673,-0.6313731670379639,-0.007780658081173897,
585-76-2,c1c(Br)cc(C(=O)O)cc1,"{[#SX2]1[#TC5B][#SP2]([#TC5A]1)}.{#SP2=O=C(O)[$],#SX2=BrC(=C[$])[$],#TC5A=C(=C[$])[$],#TC5B=C(=C[$][$])[$]}",0.7698500752449036,0.6462334990501404,0.8434052467346191,
586-76-5,c1c(Br)ccc(C(=O)O)c1,"{[#SX2]1[#TC5A][#TC5B]1[#SP2]}.{#SP2=O=C(O)[$],#SX2=BrC(=C[$])[$],#TC5A=C(=C[$])[$],#TC5B=C(=C[$][$])[$]}",0.6942488551139832,0.539244532585144,0.7926462888717651,
587-04-2,O=Cc1cc(Cl)ccc1,"{[#TN4a][#TC5B]1[#SX3][#TC5A]1}.{#SX3=ClC(C[$])[$],#TC5A=C(C[$])[$],#TC5B=C(C[$][$])[$],#TN4a=O=C[$]}",1.0098631381988525,1.1090505123138428,1.1618120670318604,
590-18-1,CC=CC,{[#C4]}.{#C4=CC=CC},1.2976276874542236,1.4454317092895508,1.2645426988601685,
590-36-3,CCCC(C)(O)C,"{[#SC2][#P1]}.{#P1=CC(C)(O)[$],#SC2=CCC[$]}",0.35477155447006226,-0.3222293555736542,0.07814666628837585,
591-19-5,c1c(Br)cc(N)cc1,"{[#SX2]1[#SN6d][#TC5]1}.{#SN6d=NC(=C[$])[$],#SX2=BrC(=C[$])[$],#TC5=C(=C[$])[$]}",0.5612764358520508,0.23564355075359344,0.5559841394424438,
591-20-8,c1c(Br)cc(O)cc1,"{[#SX2]1[#SN6][#TC5]1}.{#SN6=OC(=C[$])[$],#SX2=BrC(=C[$])[$],#TC5=C(=C[$])[$]}",0.48420020937919617,0.13883662223815918,0.5199013948440552,
591-35-5,c1(Cl)cc(O)cc(Cl)c1,"{[#SX3]1[#SN6][#SX3]1}.{#SN6=OC(=C[$])[$],#SX3=ClC(=C[$])[$]}",0.5473623871803284,0.396724671125412,0.7774713039398193,
591-50-4,c1ccccc1I,"{[#X1]1[#TC5][#TC5]1}.{#TC5=C(C[$])[$],#X1=IC(C[$])[$]}",1.2298249006271362,1.4464620351791382,1.342857837677002,
591-78-6,CC(=O)CCCC,"{[#SN4a][#C1]}.{#C1=CCCC[$],#SN4a=CC(=O)[$]}",1.0069729089736938,0.9077757000923157,0.9080846905708313,
591-93-5,C=CCC=C,"{[#SC4][#TC5]}.{#SC4=C=CC[$],#TC5=C=C[$]}",1.2295352220535278,1.4464951753616333,1.3432294130325317,
592-41-6,C=CCCCC,"{[#SC4][#SC2]}.{#SC2=CCC[$],#SC4=C=CC[$]}",1.2518391609191895,1.4464735984802246,1.3178727626800537,
592-45-0,C=CCC=CC,"{[#SC4A][#SC4B]}.{#SC4A=C=CC[$],#SC4B=CC=C[$]}",1.2435660362243652,1.4465278387069702,1.3273369073867798,
592-50-7,CCCCCF,"{[#SC2][#SX4e]}.{#SC2=CCC[$],#SX4e=FCC[$]}",1.2288017272949219,1.4463132619857788,1.3438297510147095,
592-57-4,C1C=CC=CC1,{[#TC5]1=[#TC5]=[#TC5]1}.{#TC5=C(C[$])[$]},1.2130259275436401,1.4463269710540771,1.361762523651123,
59229-56-0,C1(Cl)C(Cl)C(Cl)C(Cl)C(Cl)=C1Cl,{[#TX3]1[#TX3][#TX3][#TX3][#TX3]=[#TX3]1}.{#TX3=ClC[$][$]},1.183996558189392,1.4456102848052979,1.3938146829605103,
593-60-2,C=CBr,{[#SX1]}.{#SX1=C=CBr},1.20472252368927,1.4460989236831665,1.3709017038345337,
59303-10-5,n1c(C)cnc(Cl)c1,"{[#TN6aB]1[#TC4][#TN6aA][#TX3]1}.{#TC4=CC[$][$],#TN6aA=C(=N[$])[$],#TN6aB=C(N[$])[$],#TX3=ClC[$][$]}",0.034105196595191956,-0.75461745262146,-0.10981184989213943,
594-60-5,CC(C)C(O)(C)C,"{[#SC2][#P1]}.{#P1=CC(C)(O)[$],#SC2=CC(C)[$]}",0.3548065721988678,-0.3222292363643646,0.07810711115598679,
598-98-1,COC(=O)C(C)(C)C,"{[#N4a][#SC1]}.{#N4a=COC(=O)[$],#SC1=CC(C)(C)[$]}",0.8672526478767395,0.7688249349594116,0.8893289566040039,
598-99-2,ClC(Cl)(Cl)C(=O)OC,"{[#X2][#N4a]}.{#N4a=COC(=O)[$],#X2=ClC(Cl)(Cl)[$]}",1.2812939882278442,1.4432106018066406,1.280255913734436,
60-32-2,NCCCCCC(=O)O,"{[#N6d][#P2]}.{#N6d=NCCC[$],#P2=O=C(O)CC[$]}",0.2777230143547058,-0.41212594509124756,0.05085603892803192,
60-34-4,NNC,{[#P5d]}.{#P5d=CNN},-0.66203373670578,-1.9537819623947144,-0.8504716753959656,
60-35-5,CC(=O)N,{[#SP5]}.{#SP5=CC(N)=O},-0.6708719730377197,-1.9537252187728882,-0.8403621315956116,
60067-92-7,C1(Cl)C(Cl)CC(Cl)C(Cl)C1,"{[#TX3]1[#TX3][#SX3][#SX3]1}.{#SX3=ClC(C[$])[$],#TX3=ClC[$][$]}",1.203438639640808,1.4461418390274048,1.3724147081375122,
601-84-3,OC(=O)c1c(Br)cccc1Br,"{[#SP2][#SX2B]1[#TC5][#SX2A]1}.{#SP2=O=C(O)[$],#SX2A=BrC(=C[$])[$],#SX2B=BrC(=C[$][$])[$],#TC5=C(=C[$])[$]}",0.9585578441619873,1.1859458684921265,1.3182650804519653,
60633-26-3,Clc1cc(Cl)cc(Br)c1OC,"{[#SX3]1[#SX3][#TX2][#SN2a]1}.{#SN2a=COC[$][$],#SX3=ClC(=C[$])[$],#TX2=BrC[$][$]}",1.0978094339370728,1.258405089378357,1.252648115158081,
607-99-8,c1(Br)cc(Br)c(OC)c(Br)c1,"{[#TX2]1[#SX2B][#SN2a][#SX2A]1}.{#SN2a=COC[$][$],#SX2A=BrC(=C[$])[$],#SX2B=BrC(C[$])[$],#TX2=BrC[$][$]}",1.2245728969573975,1.4463567733764648,1.3486884832382202,
608-27-5,c1c(N)c(Cl)c(Cl)cc1,"{[#TC5]1[#TN6d][#TX3][#SX3]1}.{#SX3=ClC(C[$])[$],#TC5=C(C[$])[$],#TN6d=NC[$][$],#TX3=ClC[$][$]}",0.745538592338562,0.5962419509887695,0.8071798086166382,
608-31-1,c1c(Cl)c(N)c(Cl)cc1,"{[#TC5]1[#TX3][#TN6d][#SX3]1}.{#SX3=ClC(C[$])[$],#TC5=C(C[$])[$],#TN6d=NC[$][$],#TX3=ClC[$][$]}",0.8294966816902161,0.7668737769126892,0.9297148585319519,
608-33-3,Brc1cccc(Br)c1O,"{[#TX2]1[#TC5][#SX2][#TN6]1}.{#SX2=BrC(C[$])[$],#TC5=C(C[$])[$],#TN6=OC[$][$],#TX2=BrC[$][$]}",1.087836742401123,1.264289140701294,1.2714872360229492,
608-93-5,c1c(Cl)c(Cl)c(Cl)c(Cl)c1Cl,"{[#SX3]1[#TX3][#TX3][#TX3][#TX3]1}.{#SX3=ClC(=C[$])[$],#TX3=ClC[$][$]}",1.1903451681137085,1.4457982778549194,1.386845350265503,
60828-33-3,CC(O)C(C(=O)N)NC(=O)C,"{[#SP1][#P3][#SP5]}.{#P3=CC(=O)NC[$][$],#SP1=CC(O)[$],#SP5=NC(=O)[$]}",-0.7934743762016296,-1.9387913942337036,-0.6820605993270874,
609-19-8,c1(O)cc(Cl)c(Cl)c(Cl)c1,"{[#TN6]1[#SX3B][#TX3][#SX3A]1}.{#SX3A=ClC(=C[$])[$],#SX3B=ClC(C[$])[$],#TN6=OC[$][$],#TX3=ClC[$][$]}",0.8390014171600342,0.848406195640564,1.0230305194854736,
609-23-4,Oc1c(I)cc(I)cc1I,"{[#TN6]1[#X1][#X1][#TX1]1}.{#TN6=OC[$][$],#TX1=IC[$][$],#X1=IC(C[$])[$]}",1.2353622913360596,1.4464783668518066,1.336590051651001,
61-90-5,CC(C)CC(N)C(=O)O,"{[#SC2][#SN6d][#SP2]}.{#SC2=CC(C)[$],#SN6d=NC(C[$])[$],#SP2=O=C(O)[$]}",0.48136910796165466,0.05452508106827736,0.41545817255973816,
6108-61-8,CC=CC=CC,{[#SC4][#SC4]}.{#SC4=CC=C[$]},1.243507981300354,1.4465277194976807,1.3274028301239014,
611-13-2,C1=COC(C(=O)OC)=C1,"{[#TC5A]1[#TN2a][#TC5B]1[#N4a]}.{#N4a=COC(=O)[$],#TC5A=C(=C[$])[$],#TC5B=C(=C[$][$])[$],#TN2a=O[$][$]}",0.7136439085006714,0.5424788594245911,0.7747498154640198,
6125-90-2,CCC1=C(C)C(=S)SS1,"{[#TC3][#SC4]1[#TC6B][#TC6A]1}.{#SC4=CC(=C[$][$])[$],#TC3=CC[$],#TC6A=S(S[$])[$],#TC6B=S=C[$][$]}",1.218778133392334,1.4460667371749878,1.35489821434021,
61345-66-2,NC(=O)NC(=O)C(Cl)C(C)C,"{[#SP5][#SP3][#X3]}.{#SP3=O=C(N[$])[$],#SP5=NC(=O)[$],#X3=CC(C)C(Cl)[$]}",0.08128341287374496,-0.5616573691368103,0.0830036923289299,
615-36-1,c1c(Br)c(N)ccc1,"{[#SX2]1[#SN6d][#TC5]1}.{#SN6d=NC(=C[$])[$],#SX2=BrC(=C[$])[$],#TC5=C(=C[$])[$]}",0.5612764358520508,0.23564355075359344,0.5559841394424438,
615-43-0,c1c(I)c(N)ccc1,"{[#X1]1[#SN6d][#TC5]1}.{#SN6d=NC(=C[$])[$],#TC5=C(=C[$])[$],#X1=IC(=C[$])[$]}",0.6974197030067444,0.4713117480278015,0.7023009657859802,
615-58-7,c1c(O)c(Br)cc(Br)c1,"{[#SN6]1[#SX2][#SX2]1}.{#SN6=OC(=C[$])[$],#SX2=BrC(=C[$])[$]}",0.8846415281295776,0.92484050989151,1.0687992572784424,
615-67-8,c1c(O)c(Cl)cc(O)c1,"{[#SN6]1[#SX3][#SN6]1}.{#SN6=OC(=C[$])[$],#SX3=ClC(=C[$])[$]}",-0.25882357358932495,-1.5755478143692017,-0.8254035115242004,
615-77-0,N1(C)C(=O)NC(=O)C=C1,"{[#SC4]1[#TN6a][#TN6d][#SN6a]1}.{#SC4=CN(C[$])[$],#SN6a=O=C(C[$])[$],#TN6a=O=C[$][$],#TN6d=N[$][$]}",-0.0906534492969513,-0.9533794522285461,-0.22193165123462677,
616-06-8,CCCCC(N)C(=O)O,"{[#C1][#P6]}.{#C1=CCCC[$],#P6=NC(C(=O)O)[$]}",-0.35437870025634766,-1.893264889717102,-1.122583031654358,
616-44-4,C1(C)=CSC=C1,"{[#SC4]1[#TC6][#TC5]1}.{#SC4=CC(=C[$])[$],#TC5=C(=C[$])[$],#TC6=S[$][$]}",1.2109918594360352,1.4462562799453735,1.3639830350875854,
61655-72-9,n1cc(Cl)nc(N(C)C)c1,"{[#TN6aA]1[#SX3][#TN6aB]1[#SN1]}.{#SN1=CN(C)[$],#SX3=ClC(C[$])[$],#TN6aA=C(N[$])[$],#TN6aB=N(C[$][$])[$]}",0.45697835087776184,-0.12001696974039078,0.22028286755084991,
618-51-9,c1c(I)cc(C(=O)O)cc1,"{[#X1]1[#TC5B][#SP2]([#TC5A]1)}.{#SP2=O=C(O)[$],#TC5A=C(=C[$])[$],#TC5B=C(=C[$][$])[$],#X1=IC(=C[$])[$]}",0.775833785533905,0.6464146971702576,0.8368412256240845,
618-76-8,OC(=O)c1cc(I)c(O)c(I)c1,"{[#SP2][#TC5]1[#TX1][#TN6][#X1]1}.{#SP2=O=C(O)[$],#TC5=C(=C[$][$])[$],#TN6=OC[$][$],#TX1=IC[$][$],#X1=IC(=C[$])[$]}",0.7978377342224121,0.6909129023551941,0.8686730265617371,
620-08-6,c1c(OC)ccnc1,"{[#TC5B]1[#TN2a]([#TC5A][#TN6a]1)}.{#TC5A=C(=C[$])[$],#TC5B=C(=C[$][$])[$],#TN2a=CO[$],#TN6a=C(=N[$])[$]}",0.3405258059501648,-0.16019245982170105,0.3012310862541199,
620957-93-9,O=C1SSC(C(=O)C)=C1,"{[#SN6][#SC6][#SN4a]}.{#SC6=S(S[$])C[$][$],#SN4a=CC(=O)[$],#SN6=O=C(C[$])[$]}",-0.06324850022792816,-0.7318223118782043,0.029854731634259224,
620957-94-0,O=C1SSC(C(=O)C)=C1C,"{[#TN6]1[#SC6][#SN4a]([#TC4]1)}.{#SC6=S(S[$])C[$][$],#SN4a=CC(=O)[$],#TC4=CC[$][$],#TN6=O=C[$][$]}",0.37201690673828125,-0.08122767508029938,0.3662993311882019,
62182-10-9,O1C(O)C(F)C(O)C(O)C1CO,"{[#TN4a]1[#TN6][#TX4e][#SP4]1([#TP1])}.{#SP4=OC(C(O)[$])[$],#TN4a=O(C[$][$])[$],#TN6=OC[$][$],#TP1=OC[$],#TX4e=FC[$][$]}",-0.4920419752597809,-1.5391110181808472,-0.5140242576599121,
623-37-0,CCC(O)CCC,"{[#P1][#SC2]}.{#P1=CCC(O)[$],#SC2=CCC[$]}",0.35360491275787354,-0.3222616910934448,0.07943027466535568,
623-42-7,CCCC(=O)OC,"{[#SC2][#N4a]}.{#N4a=COC(=O)[$],#SC2=CCC[$]}",0.7591545581817627,0.6592392921447754,0.8721588253974915,
624-24-8,CCCCC(=O)OC,"{[#C1][#N4a]}.{#C1=CCCC[$],#N4a=COC(=O)[$]}",1.1167900562286377,0.9472354650497437,0.8337580561637878,
624-64-6,CC=CC,{[#C4]}.{#C4=CC=CC},1.2976276874542236,1.4454317092895508,1.2645426988601685,
624-73-7,ICCI,{[#SX1][#SX1]}.{#SX1=IC[$]},1.2297321557998657,1.4464987516403198,1.3430100679397583,
624-89-5,CCSC,"{[#TC3][#TC6]}.{#TC3=CC[$],#TC6=CS[$]}",1.191668152809143,1.445805549621582,1.3853521347045898,
624-92-0,CSSC,{[#TC6][#TC6]}.{#TC6=CS[$]},1.1421058177947998,1.443627119064331,1.4388554096221924,
625-80-9,CC(C)SC(C)C,"{[#SC2][#SC6]}.{#SC2=CC(C)[$],#SC6=CC(C)S[$]}",1.2431846857070923,1.4465080499649048,1.3277440071105957,
625-84-3,CC1=CC=C(C)N1,"{[#SC4]1[#SC4][#TN6d]1}.{#SC4=CC(=C[$])[$],#TN6d=N[$][$]}",0.9858511686325073,1.0247992277145386,1.0814995765686035,
625-86-5,CC1=CC=C(C)O1,"{[#SC4]1[#SC4][#TN2a]1}.{#SC4=CC(=C[$])[$],#TN2a=O[$][$]}",1.2478314638137817,1.4464492797851562,1.3223928213119507,
626-01-7,c1c(I)cc(N)cc1,"{[#X1]1[#SN6d][#TC5]1}.{#SN6d=NC(=C[$])[$],#TC5=C(=C[$])[$],#X1=IC(=C[$])[$]}",0.6974197030067444,0.4713117480278015,0.7023009657859802,
626-02-8,c1c(I)cc(O)cc1,"{[#X1]1[#SN6][#TC5]1}.{#SN6=OC(=C[$])[$],#TC5=C(=C[$])[$],#X1=IC(=C[$])[$]}",0.7007330656051636,0.4166465401649475,0.6287357807159424,
626-39-1,c1(Br)cc(Br)cc(Br)c1,{[#SX2]1[#SX2][#SX2]1}.{#SX2=BrC(=C[$])[$]},1.2095377445220947,1.4462610483169556,1.3656402826309204,
626-43-7,c1(Cl)cc(N)cc(Cl)c1,"{[#SX3]1[#SN6d][#SX3]1}.{#SN6d=NC(=C[$])[$],#SX3=ClC(=C[$])[$]}",0.7747029066085815,0.7180156111717224,0.9295534491539001,
626-55-1,c1cc(Br)cnc1,"{[#TC5]1[#SX2][#TN6a]1}.{#SX2=BrC(C[$])[$],#TC5=C(C[$])[$],#TN6a=C(N[$])[$]}",0.7527618408203125,0.7542412281036377,1.0007275342941284,
626-60-8,c1cc(Cl)cnc1,"{[#TC5]1[#SX3][#TN6a]1}.{#SX3=ClC(C[$])[$],#TC5=C(C[$])[$],#TN6a=C(N[$])[$]}",0.5088669061660767,0.2530532479286194,0.6377331018447876,
626-61-9,c1c(Cl)ccnc1,"{[#SX3]1[#TC5][#TN6a]1}.{#SX3=ClC(=C[$])[$],#TC5=C(=C[$])[$],#TN6a=C(=N[$])[$]}",0.338747501373291,-0.09947376698255539,0.3807829022407532,
626-67-5,C1CCN(C)CC1,"{[#TC3]1[#SN1][#TC3]1}.{#SN1=CN(C[$])[$],#TC3=C(C[$])[$]}",1.0411866903305054,0.9292138814926147,0.8966041803359985,
626-93-7,CC(O)CCCC,"{[#SP1][#C1]}.{#C1=CCCC[$],#SP1=CC(O)[$]}",0.5801432728767395,0.15256202220916748,0.42847028374671936,
627-31-6,ICCCI,"{[#X1][#SX1]}.{#SX1=IC[$],#X1=ICC[$]}",1.2367597818374634,1.4465155601501465,1.3350509405136108,
628-17-1,CCCCCI,"{[#SC2][#X1]}.{#SC2=CCC[$],#X1=ICC[$]}",1.2475014925003052,1.4464869499206543,1.3228158950805664,
628-28-4,COCCCC,"{[#SN3r][#SC2]}.{#SC2=CCC[$],#SN3r=COC[$]}",1.0088557004928589,0.8761812448501587,0.8656027913093567,
628-41-1,C1C=CCC=C1,"{[#TC5B]1=[#TC5B][#TC5A]1}.{#TC5A=C(=C[$])[$],#TC5B=C(C[$])[$]}",1.2106640338897705,1.4462896585464478,1.364397406578064,
628-81-9,CCOCCCC,"{[#N3r][#SC2]}.{#N3r=CCOC[$],#SC2=CCC[$]}",0.9440360069274902,0.7962705492973328,0.8371762037277222,
6293-55-6,O=C1C(Br)=CC(=O)C=C1C,"{[#TN6a]1[#SX2][#SN6a]=[#TC4]1}.{#SN6a=O=C(C[$])[$],#SX2=BrC(=C[$])[$],#TC4=CC[$][$],#TN6a=O=C[$][$]}",0.25655677914619446,-0.35159727931022644,0.15218320488929749,
630-20-6,ClC(Cl)(Cl)CCl,"{[#X2][#TX3]}.{#TX3=ClC[$],#X2=ClC(Cl)(Cl)[$]}",1.2154234647750854,1.44633150100708,1.359046220779419,
634-91-3,c1(N)cc(Cl)c(Cl)c(Cl)c1,"{[#TN6d]1[#SX3B][#TX3][#SX3A]1}.{#SX3A=ClC(=C[$])[$],#SX3B=ClC(C[$])[$],#TN6d=NC[$][$],#TX3=ClC[$][$]}",0.8830416798591614,0.8797744512557983,1.0130707025527954,
636-28-2,c1(Br)c(Br)cc(Br)c(Br)c1,"{[#SX2]1[#SX2][#TX2][#TX2]1}.{#SX2=BrC(C[$])[$],#TX2=BrC[$][$]}",1.2185553312301636,1.446384310722351,1.3555569648742676,
636-30-6,c1(N)c(Cl)cc(Cl)c(Cl)c1,"{[#SN6d]1[#SX3][#TX3][#TX3]1}.{#SN6d=NC(C[$])[$],#SX3=ClC(C[$])[$],#TX3=ClC[$][$]}",0.751463770866394,0.5954710245132446,0.7994664907455444,
637-78-5,CCC(=O)OC(C)C,"{[#N4a][#SC2]}.{#N4a=CCC(=O)O[$],#SC2=CC(C)[$]}",0.8737555742263794,0.7685683369636536,0.8816162943840027,
637-87-6,Ic1ccc(Cl)cc1,"{[#TX1]1[#TC5B][#TX3][#TC5A]1}.{#TC5A=C(=C[$])[$],#TC5B=C(C[$])[$],#TX1=IC[$][$],#TX3=ClC[$][$]}",1.2101794481277466,1.4461381435394287,1.3647546768188477,
638-45-9,CCCCCCI,"{[#C1][#X1]}.{#C1=CCCC[$],#X1=ICC[$]}",1.2576682567596436,1.4463880062103271,1.3111432790756226,
643-15-2,C1(Cl)C(Cl)C(Cl)C(Cl)C(Cl)=C1,"{[#TX3]1[#TX3][#TX3][#TX3][#SX3]1}.{#SX3=ClC(=C[$])[$],#TX3=ClC[$][$]}",1.190345048904419,1.445798397064209,1.386845588684082,
651-85-4,c1(F)c(F)c(F)c(S(=O)(=O)C)c(F)c1F,"{[#TX4e]1[#TX4e][#SX4e][#P4]([#TX4e][#TX4e]1)}.{#P4=CS(=O)(=O)[$],#SX4e=FC(=C[$][$])[$],#TX4e=FC[$][$]}",0.40076759457588196,0.4727872908115387,1.0410760641098022,
6515-38-4,c1(Cl)c(Cl)cc(Cl)c(O)n1,"{[#TC5B]1[#TX3]([#SX3])([#TC5A][#TX3]([#TN6a]1[#TN6]))}.{#SX3=Cl[$],#TC5A=C(=C[$][$])[$],#TC5B=C(=C[$][$])[$][$],#TN6=O[$],#TN6a=N(=C[$][$])[$],#TX3=Cl[$]}",0.6863515973091125,0.5018291473388672,0.7538384795188904,
6556-12-3,C1(C(=O)O)C(O)C(O)C(O)C(O)O1,"{[#TN4a]1[#SP2]([#SP4][#SP4]1)}.{#SP2=O=C(O)[$],#SP4=OC(C(O)[$])[$],#TN4a=O(C[$][$])[$]}",-0.5809804797172546,-1.6804885864257812,-0.5935484170913696,
65611-47-4,FC(F)(F)CCCCCO,"{[#SX4e][#SC2][#SP1]}.{#SC2=C(C[$])C[$],#SP1=OCC[$],#SX4e=FC(F)(F)[$]}",0.5058577060699463,0.15088708698749542,0.5106936097145081,
66-22-8,N1C(=O)NC(=O)C=C1,"{[#TN6d][#TC5B]1=[#TN6a]([#TN6d][#TC5A]1=[#SN6a])}.{#SN6a=O[$],#TC5A=C(C[$][$])[$],#TC5B=C[$][$][$].C[$][$],#TN6a=O[$],#TN6d=N[$][$]}",0.06224321946501732,-0.7186944484710693,-0.09589610248804092,
66-25-1,CCCCCC=O,"{[#C1][#SN4a]}.{#C1=CCCC[$],#SN4a=O=CC[$]}",1.0005109310150146,0.9072443246841431,0.9147447347640991,
660-88-8,NCCCCC(=O)O,"{[#N6d][#SP2]}.{#N6d=NCCC[$],#SP2=O=C(O)C[$]}",0.22544673085212708,-0.7330187559127808,-0.29952773451805115,
6600-40-4,CCCC(N)C(=O)O,"{[#SC2][#TN6d][#SP2]}.{#SC2=CCC[$],#SP2=O=C(O)[$],#TN6d=NC[$][$]}",0.4740350544452667,0.012468752451241016,0.3700850009918213,
67-51-6,CC1=NNC(C)=C1,"{[#SN6a]1[#TN6d][#SC4]1}.{#SC4=CC(=C[$])[$],#SN6a=CC(=N[$])[$],#TN6d=N[$][$]}",-0.13125954568386078,-1.0465052127838135,-0.29473093152046204,
67-52-7,C1(=O)NC(=O)NC(=O)C1,"{[#SC3B]=[#TN6a](=[#TN6a])([#SC3A]=[#SN6a])}.{#SC3A=C(C(N[$])[$])[$],#SC3B=N(C[$][$])C[$][$],#SN6a=O[$],#TN6a=O[$]}",0.052288103848695755,-0.7310186624526978,-0.10032758861780167,
67-66-3,ClC(Cl)Cl,{[#X2]}.{#X2=ClC(Cl)Cl},1.2208446264266968,1.446411371231079,1.3529917001724243,
67-68-5,CS(=O)C,{[#P4]}.{#P4=CS(C)=O},-0.6847913265228271,-1.953574776649475,-0.8243623971939087,
67-72-1,ClC(Cl)(Cl)C(Cl)(Cl)Cl,{[#X2][#X2]}.{#X2=ClC(Cl)(Cl)[$]},1.229456901550293,1.4464991092681885,1.3433234691619873,
68-12-2,O=CN(C)C,{[#P3a]}.{#P3a=CN(C)C=O},-0.7043295502662659,-1.952994704246521,-0.8014336228370667,
68-94-0,C12=C(NC=N1)C(=O)NC=N2,"{[#TC5]12[#TN6d][#TN6aA]1([#TN6aB][#TN6d][#TN6aA]2)}.{#TC5=C(=C[$][$])[$][$],#TN6aA=C(=N[$])[$],#TN6aB=O=C[$][$],#TN6d=N[$][$]}",-0.25052687525749207,-1.3251804113388062,-0.5151290893554688,
6915-15-7,OC(=O)C(O)CC(=O)O,"{[#SP2][#SP1][#SP2]}.{#SP1=OC(C[$])[$],#SP2=O=C(O)[$]}",-0.3475642502307892,-1.2715929746627808,-0.33650290966033936,
6936-40-9,c1c(Cl)c(Cl)c(OC)c(Cl)c1Cl,"{[#SX3]1[#TX3][#SN2a][#TX3][#TX3]1}.{#SN2a=COC[$][$],#SX3=ClC(=C[$])[$],#TX3=ClC[$][$]}",0.987490177154541,1.1896671056747437,1.290159821510315,
695-19-2,C1(=O)C=CN(C)C=C1,"{[#TN6a]1[#TC5][#TN1][#TC5]1}.{#TC5=C(=C[$])[$],#TN1=CN[$][$],#TN6a=O=C[$][$]}",0.38895225524902344,-0.13989156484603882,0.27215835452079773,
70-47-3,NC(=O)CC(N)C(=O)O,"{[#SP5][#SN6d][#SP2]}.{#SN6d=NC(C[$])[$],#SP2=O=C(O)[$],#SP5=NC(=O)[$]}",-0.35674262046813965,-1.3527597188949585,-0.4297219216823578,
71-00-1,N1=CNC=C1CC(N)C(=O)O,"{[#TN6a]1[#TN6d][#TC5]1[#SN6d][#SP2]}.{#SN6d=NC(C[$])[$],#SP2=O=C(O)[$],#TC5=C(=C[$][$])[$],#TN6a=C(=N[$])[$],#TN6d=N[$][$]}",-0.26703980565071106,-1.2737363576889038,-0.43068671226501465,
71-33-0,N1C=NC(=O)NC1=O,"{[#TN6d]1[#TN6aA][#TN6aB][#TN6d][#TN6aB]1}.{#TN6aA=C(=N[$])[$],#TN6aB=O=C[$][$],#TN6d=N[$][$]}",-0.467212975025177,-1.6495680809020996,-0.6832649111747742,
71-41-0,CCCCCO,"{[#SC2][#SP1]}.{#SC2=CCC[$],#SP1=OCC[$]}",0.4065459966659546,-0.06468800455331802,0.34820640087127686,
71-43-2,c1ccccc1,{[#TC5]1[#TC5][#TC5]1}.{#TC5=C(=C[$])[$]},1.1977378129959106,1.4460135698318481,1.3787249326705933,
71-55-6,ClC(Cl)(Cl)C,{[#X1]}.{#X1=CC(Cl)(Cl)Cl},1.2350342273712158,1.4464727640151978,1.3369557857513428,
7113-30-6,CCC1=CSSC1=S,"{[#TC3][#TC5]1[#TC6A][#TC6B]1}.{#TC3=CC[$],#TC5=C(=C[$][$])[$],#TC6A=S(S[$])[$],#TC6B=S=C[$][$]}",1.2062755823135376,1.445729374885559,1.3686660528182983,
72-18-4,CC(C)C(N)C(=O)O,"{[#SC2][#P6]}.{#P6=NC(C(=O)O)[$],#SC2=CC(C)[$]}",-0.7158510088920593,-1.9521105289459229,-0.7872201204299927,
72-19-5,OC(C)C(N)C(=O)O,"{[#SP1][#P6]}.{#P6=NC(C(=O)O)[$],#SP1=CC(O)[$]}",-0.7307923436164856,-1.9504796266555786,-0.7681698799133301,
73-32-5,CCC(C)C(N)C(=O)O,"{[#C1][#TN6d][#SP2]}.{#C1=CCC(C)[$],#SP2=O=C(O)[$],#TN6d=NC[$][$]}",0.46536749601364136,-0.2196430265903473,0.08354251086711884,
7314-32-1,CS(=O)(=O)CCC(N)C(=O)O,"{[#P4][#N6d][#SP2]}.{#N6d=NC(CC[$])[$],#P4=CS(=O)(=O)[$],#SP2=O=C(O)[$]}",-0.22824311256408691,-1.1732455492019653,-0.3464290499687195,
74-83-9,CBr,{[#SX2]}.{#SX2=CBr},1.1996181011199951,1.4459716081619263,1.3765360116958618,
74-84-0,CC,{[#TC3]}.{#TC3=CC},1.2708494663238525,1.4462119340896606,1.295949101448059,
74-85-1,C=C,{[#TC5]}.{#TC5=C=C},1.2270079851150513,1.4464894533157349,1.346091866493225,
74-88-4,CI,{[#SX1]}.{#SX1=CI},1.2105023860931396,1.446265697479248,1.3645508289337158,
74-96-4,CCBr,{[#X2]}.{#X2=CCBr},1.2334880828857422,1.4464240074157715,1.3386495113372803,
74-97-5,BrCCl,{[#SX2]}.{#SX2=ClCBr},1.195023775100708,1.4458671808242798,1.381619930267334,
74-98-6,CCC,{[#SC2]}.{#SC2=CCC},1.2599122524261475,1.4463887214660645,1.308596134185791,
7491-74-9,NC(=O)CN1CCCC1=O,"{[#SP5][#TN6d]1[#TC3][#TN6a]1}.{#SP5=NC(=O)C[$],#TC3=C(C[$])[$],#TN6a=O=C[$][$],#TN6d=C(N[$][$])[$]}",0.0032390833366662264,-1.0340216159820557,-0.4315330982208252,
75-00-3,CCCl,{[#SX3]}.{#SX3=CCCl},1.1958656311035156,1.445943832397461,1.3807621002197266,
75-01-4,C=CCl,{[#SX3]}.{#SX3=C=CCl},1.1902875900268555,1.4457979202270508,1.386910080909729,
75-03-6,CCI,{[#X1]}.{#X1=CCI},1.2429463863372803,1.4464915990829468,1.3279942274093628,
75-09-2,ClCCl,{[#SX3h]}.{#SX3h=ClCCl},1.2031586170196533,1.4461208581924438,1.3727058172225952,
75-11-6,ICI,{[#X2]}.{#X2=ICI},1.2254533767700195,1.4464447498321533,1.347800612449646,
75-12-7,O=CN,{[#SP5]}.{#SP5=NC=O},-0.6719012260437012,-1.953725814819336,-0.8391940593719482,
75-15-0,S=C=S,{[#C6]}.{#C6=S=C=S},1.2601054906845093,1.4463787078857422,1.3083635568618774,
75-18-3,CSC,{[#SC6]}.{#SC6=CSC},1.219127893447876,1.446379542350769,1.3549002408981323,
75-28-5,CC(C)C,{[#SC1]}.{#SC1=CC(C)C},1.2688349485397339,1.4462422132492065,1.298275351524353,
75-34-3,CC(Cl)Cl,{[#SX3h]}.{#SX3h=CC(Cl)Cl},1.2093505859375,1.4462323188781738,1.365816354751587,
75-69-4,FC(Cl)(Cl)Cl,{[#X1]}.{#X1=FC(Cl)(Cl)Cl},1.208819031715393,1.4461301565170288,1.366289496421814,
75-71-8,ClC(Cl)(F)F,{[#X1]}.{#X1=FC(F)(Cl)Cl},1.197183609008789,1.4458335638046265,1.379124402999878,
75-83-2,CCC(C)(C)C,"{[#TC3][#SC1]}.{#SC1=CC(C)(C)[$],#TC3=CC[$]}",1.2667291164398193,1.4462839365005493,1.3007209300994873,
75-84-3,CC(C)(C)CO,"{[#SC1][#TP1]}.{#SC1=CC(C)(C)[$],#TP1=OC[$]}",-0.645211935043335,-1.9533381462097168,-0.8690090775489807,
75-87-6,O=CC(Cl)(Cl)Cl,"{[#TN4a][#X2]}.{#TN4a=O=C[$],#X2=ClC(Cl)(Cl)[$]}",1.216585397720337,1.4461376667022705,1.357479214668274,
75-97-8,CC(=O)C(C)(C)C,"{[#SN4a][#SC1]}.{#SC1=CC(C)(C)[$],#SN4a=CC(=O)[$]}",0.9524362683296204,0.913430392742157,0.9772385954856873,
75-98-9,OC(=O)C(C)(C)C,"{[#SP2][#SC1]}.{#SC1=CC(C)(C)[$],#SP2=O=C(O)[$]}",0.489435076713562,0.045398615300655365,0.39464467763900757,
75-99-0,CC(Cl)(Cl)C(=O)O,"{[#SX3h][#SP2]}.{#SP2=O=C(O)[$],#SX3h=CC(Cl)(Cl)[$]}",0.44967901706695557,0.44738101959228516,0.9530887603759766,
7541-59-5,OCC(O)C(O)CO,{[#P4][#P4]}.{#P4=OCC(O)[$]},-0.6932387948036194,-1.953627109527588,-0.8148360848426819,
76-01-7,ClC(Cl)(Cl)C(Cl)Cl,"{[#X2][#SX3h]}.{#SX3h=ClC(Cl)[$],#X2=ClC(Cl)(Cl)[$]}",1.2269147634506226,1.4464844465255737,1.34619140625,
76-03-9,OC(=O)C(Cl)(Cl)Cl,"{[#SP2][#X2]}.{#SP2=O=C(O)[$],#X2=ClC(Cl)(Cl)[$]}",1.1973239183425903,1.44581139087677,1.378936767578125,
76-16-4,FC(F)(F)C(F)(F)F,{[#SX4e][#SX4e]}.{#SX4e=FC(F)(F)[$]},1.1999266147613525,1.446073055267334,1.3763151168823242,
760-78-1,CCCC(N)C(=O)O,"{[#SC2][#TN6d][#SP2]}.{#SC2=CCC[$],#SP2=O=C(O)[$],#TN6d=NC[$][$]}",0.4740350544452667,0.012468752451241016,0.3700850009918213,
7606-79-3,CC(=O)NCC(=O)NC,"{[#SN4a][#TN6d][#TN4a][#TN5]}.{#SN4a=CC(=O)[$],#TN4a=O=C[$][$],#TN5=CN[$],#TN6d=C(N[$])[$]}",0.23231194913387299,-0.6487860679626465,-0.19976678490638733,
77-92-9,OC(=O)CC(O)(C(=O)O)CC(=O)O,"{[#SP2B][#SP1][#SP2B]([#SP2A])}.{#SP1=OC(C[$])[$][$],#SP2A=O=C(O)C[$],#SP2B=O=C(O)[$]}",-0.36465930938720703,-1.0739872455596924,-0.0647641271352768,
771-61-9,c1(O)c(F)c(F)c(F)c(F)c1F,"{[#TN6]1[#TX4e][#TX4e][#TX4e][#TX4e][#TX4e]1}.{#TN6=OC[$][$],#TX4e=FC[$][$]}",0.789149284362793,0.9288421273231506,1.182354211807251,
77580-78-0,CC1=NON=C1CCC,"{[#SN6a]1[#TN2a][#TN6a]1[#SC2]}.{#SC2=CCC[$],#SN6a=CC(=N[$])[$],#TN2a=O[$][$],#TN6a=N(=C[$][$])[$]}",0.512596845626831,0.00891881249845028,0.32175976037979126,
79-01-6,ClC=C(Cl)Cl,{[#X3h]}.{#X3h=ClC=C(Cl)Cl},1.2350130081176758,1.4465080499649048,1.3370251655578613,
79-16-3,CC(=O)NC,{[#P3]}.{#P3=CNC(C)=O},-0.6877023577690125,-1.9534393548965454,-0.8208836913108826,
79-29-8,CC(C)C(C)C,{[#SC2][#SC2]}.{#SC2=CC(C)[$]},1.2623944282531738,1.446354866027832,1.305733561515808,
79-34-5,ClC(Cl)C(Cl)Cl,{[#SX3h][#SX3h]}.{#SX3h=ClC(Cl)[$]},1.2231903076171875,1.4464524984359741,1.3503801822662354,
80-58-0,CCC(Br)C(=O)O,"{[#X2][#SP2]}.{#SP2=O=C(O)[$],#X2=CCC(Br)[$]}",1.0932482481002808,1.203017234802246,1.187103033065796,
80-60-4,CCC(N)C(=O)O,"{[#N6d][#SP2]}.{#N6d=CCC(N)[$],#SP2=O=C(O)[$]}",0.09429028630256653,-0.6810871958732605,-0.08426912873983383,
819-06-7,FC(F)(F)CN(C)C,"{[#SX4e][#SN3a]}.{#SN3a=CN(C)C[$],#SX4e=FC(F)(F)[$]}",1.2383480072021484,1.4456108808517456,1.3320914506912231,
822-86-6,C1C(Cl)C(Cl)CCC1,"{[#TC3]1[#TX3][#TX3][#TC3]1}.{#TC3=C(C[$])[$],#TX3=ClC[$][$]}",1.2169206142425537,1.4460639953613281,1.3570044040679932,
823-09-6,n1c(SC)nccc1,"{[#TN6aB]1[#TC6]([#TN6aA][#TC5]1)}.{#TC5=C(=C[$])[$],#TC6=CS[$],#TN6aA=C(=N[$])[$],#TN6aB=N(=C[$][$])[$]}",-0.036148637533187866,-0.8926681280136108,-0.20630693435668945,
83293-50-9,CCNC(CO)C(=O)O,"{[#SN5][#SP1][#SP2]}.{#SN5=CCN[$],#SP1=OCC[$][$],#SP2=O=C(O)[$]}",0.10719408094882965,-0.5946989059448242,0.011386657133698463,
84652-30-2,NC(=O)CC(NC(=O)C)C(=O)N,"{[#SP5][#SN5][#SN4a]([#SP5])}.{#SN4a=CC(=O)[$],#SN5=C(C(N[$])[$])[$],#SP5=NC(=O)[$]}",-0.21554039418697357,-1.1260906457901,-0.3006414473056793,
87-40-1,c1c(Cl)c(OC)c(Cl)cc1Cl,"{[#SX3A]1[#SN2a][#SX3B][#TX3]1}.{#SN2a=COC[$][$],#SX3A=ClC(=C[$])[$],#SX3B=ClC(C[$])[$],#TX3=ClC[$][$]}",1.1093645095825195,1.276740312576294,1.2629387378692627,
87-61-6,c1c(Cl)c(Cl)c(Cl)cc1,"{[#TC5]1[#TX3][#TX3][#SX3]1}.{#SX3=ClC(C[$])[$],#TC5=C(C[$])[$],#TX3=ClC[$][$]}",1.2010011672973633,1.445984125137329,1.3749812841415405,
87-65-0,c1c(Cl)c(O)c(Cl)cc1,"{[#TC5]1[#TX3][#TN6][#SX3]1}.{#SX3=ClC(C[$])[$],#TC5=C(C[$])[$],#TN6=OC[$][$],#TX3=ClC[$][$]}",0.9014605283737183,0.910010814666748,1.0307625532150269,
87-68-3,ClC(Cl)=C(Cl)C(Cl)=C(Cl)Cl,"{[#SX3h]=[#X3h]=[#SX3h]}.{#SX3h=ClC(Cl)[$],#X3h=ClC(C(Cl)[$])[$]}",1.2336827516555786,1.4465078115463257,1.3385353088378906,
87-69-4,OC(=O)C(O)C(O)C(=O)O,"{[#SP2][#P4][#SP2]}.{#P4=OC(C(O)[$])[$],#SP2=O=C(O)[$]}",-0.4541283845901489,-1.5282554626464844,-0.5432189702987671,
87-82-1,c1(Br)c(Br)c(Br)c(Br)c(Br)c1Br,{[#TX2]1[#TX2][#TX2][#TX2][#TX2][#TX2]1}.{#TX2=BrC[$][$]},1.2109438180923462,1.4462814331054688,1.3640692234039307,
872-31-1,C1=CC(Br)=CS1,"{[#TC5]1[#SX2][#TC6]1}.{#SX2=BrC(=C[$])[$],#TC5=C(=C[$])[$],#TC6=S[$][$]}",1.198282241821289,1.4458346366882324,1.3778780698776245,
872-55-9,C1=CSC(CC)=C1,"{[#TC5A]1[#TC6][#TC5B]1[#TC3]}.{#TC3=CC[$],#TC5A=C(=C[$])[$],#TC5B=C(=C[$][$])[$],#TC6=S[$][$]}",1.2150893211364746,1.4460997581481934,1.359129786491394,
88-09-5,CCC(CC)C(=O)O,"{[#SC2][#TC3]([#SP2])}.{#SC2=CCC[$][$],#SP2=O=C(O)[$],#TC3=CC[$]}",0.8281096816062927,0.6734316349029541,0.8119728565216064,
88-13-1,C1(C(=O)O)=CSC=C1,"{[#TC5B]1[#SP2]([#TC6][#TC5A]1)}.{#SP2=O=C(O)[$],#TC5A=C(=C[$])[$],#TC5B=C(=C[$][$])[$],#TC6=S[$][$]}",0.6716970801353455,0.474846214056015,0.7360259294509888,
88-15-3,C1=CSC(C(=O)C)=C1,"{[#TC5A]1[#TC6][#TC5B]1[#SN4a]}.{#SN4a=CC(=O)[$],#TC5A=C(=C[$])[$],#TC5B=C(=C[$][$])[$],#TC6=S[$][$]}",0.8042021989822388,0.7190032005310059,0.8973137736320496,
88-65-3,c1c(Br)c(C(=O)O)ccc1,"{[#SX2]1[#TC5B][#SP2]([#TC5A]1)}.{#SP2=O=C(O)[$],#SX2=BrC(=C[$])[$],#TC5A=C(=C[$])[$],#TC5B=C(=C[$][$])[$]}",0.7698500752449036,0.6462334990501404,0.8434052467346191,
88-67-5,c1c(I)c(C(=O)O)ccc1,"{[#X1]1[#TC5B][#SP2]([#TC5A]1)}.{#SP2=O=C(O)[$],#TC5A=C(=C[$])[$],#TC5B=C(=C[$][$])[$],#X1=IC(=C[$])[$]}",0.775833785533905,0.6464146971702576,0.8368412256240845,
88095-60-7,N1N=CC(OCCC)=C1,"{[#TN6d]1[#TN6a][#TC5]1[#N3r]}.{#N3r=CCCO[$],#TC5=C(=C[$][$])[$],#TN6a=C(=N[$])[$],#TN6d=N[$][$]}",0.17107920348644257,-0.5237790942192078,0.029394470155239105,
88511-48-2,n1c(C(=O)N)nccc1,"{[#TN6aB]1[#SP5]([#TN6aA][#TC5]1)}.{#SP5=NC(=O)[$],#TC5=C(=C[$])[$],#TN6aA=C(=N[$])[$],#TN6aB=N(=C[$][$])[$]}",-0.4350910782814026,-1.5289300680160522,-0.5656998157501221,
89-98-5,c1c(Cl)c(C=O)ccc1,"{[#SX3]1[#TC5B][#TN4a]([#TC5A]1)}.{#SX3=ClC(=C[$])[$],#TC5A=C(=C[$])[$],#TC5B=C(=C[$][$])[$],#TN4a=O=C[$]}",0.9441359639167786,1.0289322137832642,1.134150505065918,
89674-85-1,C1(Cl)c(Cl)C(Cl)C=C(Cl)c1,"{[#SX3B]1[#TX3][#TX3][#SX3A]1}.{#SX3A=ClC(=C[$])[$],#SX3B=ClC(C[$])[$],#TX3=ClC[$][$]}",1.2017415761947632,1.4461055994033813,1.374295711517334,
89674-87-3,C1(Cl)C(Cl)C(Cl)C=C(Cl)C1,"{[#SX3B]1[#TX3][#TX3][#SX3A]1}.{#SX3A=ClC(=C[$])[$],#SX3B=ClC(C[$])[$],#TX3=ClC[$][$]}",1.2017415761947632,1.4461055994033813,1.374295711517334,
89674-88-4,C1(Cl)C(Cl)C(Cl)C=C(Cl)C1,"{[#SX3B]1[#TX3][#TX3][#SX3A]1}.{#SX3A=ClC(=C[$])[$],#SX3B=ClC(C[$])[$],#TX3=ClC[$][$]}",1.2017415761947632,1.4461055994033813,1.374295711517334,
921-60-8,OCC(O)C(O)C(O)C(O)C=O,"{[#P4B][#P4A][#TP1d][#TN4a]}.{#P4A=OC(C(O)[$])[$],#P4B=OCC(O)[$],#TN4a=O=C[$],#TP1d=OC[$][$]}",-0.723455011844635,-1.9474873542785645,-0.772681474685669,
927-62-8,CCCCN(C)C,"{[#C1][#SN1]}.{#C1=CCCC[$],#SN1=CN(C)[$]}",1.1575217247009277,1.13125479221344,1.022477149963379,
927-68-4,CC(=O)OCCBr,"{[#SN4a][#TP1d][#SX2]}.{#SN4a=CC(=O)[$],#SX2=BrC[$],#TP1d=C(O[$])[$]}",0.7395924925804138,0.2828955054283142,0.4138178527355194,
94-97-3,N1c2ccc(Cl)cc2N=N1,"{[#TN6d]2[#TC5B]1[#TC5A][#SX3]1([#TN1a]2)}.{#SX3=ClC(C[$])[$],#TC5A=C(C[$])[$],#TC5B=C(C[$][$])[$][$],#TN1a=N(=N[$])[$],#TN6d=N[$][$]}",0.7866343855857849,0.6738192439079285,0.8595690131187439,
94-99-5,c1c(Cl)cc(Cl)c(CCl)c1,"{[#SX3]1[#SX3][#TC5]1[#TX3]}.{#SX3=ClC(=C[$])[$],#TC5=C(=C[$][$])[$],#TX3=ClC[$]}",1.1873135566711426,1.4457036256790161,1.3901673555374146,
95-14-7,N1=Nc2ccccc2N1,"{[#TN1a]2[#TC5B]1[#TC5A][#TC5A]1([#TN6d]2)}.{#TC5A=C(C[$])[$],#TC5B=C(C[$][$])[$][$],#TN1a=N(=N[$])[$],#TN6d=N[$][$]}",0.7943389415740967,0.67429518699646,0.851426899433136,
95-50-1,c1c(Cl)c(Cl)ccc1,"{[#SX3]1[#SX3][#TC5]1}.{#SX3=ClC(=C[$])[$],#TC5=C(=C[$])[$]}",1.1921755075454712,1.4457968473434448,1.3847646713256836,
95-51-2,c1c(Cl)c(N)ccc1,"{[#SX3]1[#SN6d][#TC5]1}.{#SN6d=NC(=C[$])[$],#SX3=ClC(=C[$])[$],#TC5=C(=C[$])[$]}",0.40257447957992554,-0.010412863455712795,0.4220208525657654,
95-56-7,c1c(Br)c(O)ccc1,"{[#SX2]1[#SN6][#TC5]1}.{#SN6=OC(=C[$])[$],#SX2=BrC(=C[$])[$],#TC5=C(=C[$])[$]}",0.48420020937919617,0.13883662223815918,0.5199013948440552,
95-76-1,c1c(N)cc(Cl)c(Cl)c1,"{[#SN6d]1[#SX3][#SX3]1}.{#SN6d=NC(=C[$])[$],#SX3=ClC(=C[$])[$]}",0.7745999693870544,0.718012809753418,0.9296669363975525,
95-77-2,c1c(O)cc(Cl)c(Cl)c1,"{[#SN6]1[#SX3][#SX3]1}.{#SN6=OC(=C[$])[$],#SX3=ClC(=C[$])[$]}",0.5472254753112793,0.3967195749282837,0.7776209115982056,
95-82-9,c1c(Cl)cc(N)c(Cl)c1,"{[#SX3]1[#SN6d][#SX3]1}.{#SN6d=NC(=C[$])[$],#SX3=ClC(=C[$])[$]}",0.7747029066085815,0.7180156111717224,0.9295534491539001,
95-83-0,Nc1ccc(Cl)cc1N,"{[#SN6d]1[#SX3][#SN6d]1}.{#SN6d=NC(=C[$])[$],#SX3=ClC(=C[$])[$]}",0.15849405527114868,-0.7467906475067139,-0.24107909202575684,
95-85-2,Oc1ccc(Cl)cc1N,"{[#SN6]1[#SX3][#SN6d]1}.{#SN6=OC(=C[$])[$],#SN6d=NC(=C[$])[$],#SX3=ClC(=C[$])[$]}",-0.19511295855045319,-1.2551089525222778,-0.4885842502117157,
95-89-6,c1c(C)nc(Cl)c(C)n1,"{[#TC5]1[#SC4]([#TN6a][#TX3]([#TN6a]1[#TC4]))}.{#SC4=C[$],#TC4=C[$],#TC5=C(=C[$][$])[$],#TN6a=N(=C[$][$])[$],#TX3=Cl[$]}",0.30691808462142944,-0.25157630443573,0.22270837426185608,
95-94-3,c1(Cl)c(Cl)cc(Cl)c(Cl)c1,"{[#SX3]1[#SX3][#TX3][#TX3]1}.{#SX3=ClC(C[$])[$],#TX3=ClC[$][$]}",1.2034085988998413,1.446141242980957,1.3724478483200073,
95853-68-2,FC(F)(F)C(C)CCO,"{[#SX4e][#SC2][#TP1]}.{#SC2=CC(C[$])[$],#SX4e=FC(F)(F)[$],#TP1=OC[$]}",0.6858513355255127,0.5015643239021301,0.7540683746337891,
96-14-0,CCC(C)CC,"{[#C1][#TC3]}.{#C1=CCC(C)[$],#TC3=CC[$]}",1.2919479608535767,1.4455758333206177,1.271176815032959,
96-37-7,C1CC(C)CC1,"{[#SC3A][#SC3B]}.{#SC3A=C(C[$])C[$],#SC3B=CC(C[$])[$]}",1.2802989482879639,1.4459846019744873,1.284928560256958,
96-43-5,C1=CC=C(Cl)S1,"{[#TC5]1[#SX3][#TC6]1}.{#SX3=ClC(=C[$])[$],#TC5=C(=C[$])[$],#TC6=S[$][$]}",1.1882411241531372,1.4456241130828857,1.3890124559402466,
96-47-9,CC1CCCO1,"{[#SN4a][#SC3]}.{#SC3=C(C[$])C[$],#SN4a=CC(O[$])[$]}",0.8950225114822388,0.6834843754768372,0.7488201856613159,
96-54-8,C1=CN(C)C=C1,"{[#TC5]1[#TN1][#TC5]1}.{#TC5=C(=C[$])[$],#TN1=CN[$][$]}",1.0968654155731201,1.1849722862243652,1.1599538326263428,
97-61-0,CCCC(C)C(=O)O,"{[#SC2][#TC3][#SP2]}.{#SC2=CCC[$],#SP2=O=C(O)[$],#TC3=CC[$][$]}",0.8773974180221558,0.7662476301193237,0.8745171427726746,
97-62-1,CC(C)C(=O)OCC,"{[#SC2][#SN4a][#TC3]}.{#SC2=CC(C)[$],#SN4a=O=C(O[$])[$],#TC3=CC[$]}",0.9373382329940796,0.9358434677124023,1.0230045318603516,
97-63-2,C=C(C)C(=O)OCC,"{[#SC4][#SN4a][#TC3]}.{#SC4=C=C(C)[$],#SN4a=O=C(O[$])[$],#TC3=CC[$]}",0.7891924977302551,0.8003168106079102,1.0181899070739746,
97-69-8,CC(=O)NC(C)C(=O)O,"{[#SN4a][#SN5][#SP2]}.{#SN4a=CC(=O)[$],#SN5=CC(N[$])[$],#SP2=O=C(O)[$]}",0.09841562062501907,-0.5425270199775696,0.08797471225261688,
97-95-0,CCC(CC)CO,"{[#SC2][#TC3]([#TP1])}.{#SC2=CCC[$][$],#TC3=CC[$],#TP1=OC[$]}",0.7576252222061157,0.5593884587287903,0.7463944554328918,
98-03-3,C1=C(C=O)SC=C1,"{[#TC5B]1[#TN4a]([#TC6][#TC5A]1)}.{#TC5A=C(=C[$])[$],#TC5B=C(=C[$][$])[$],#TC6=S[$][$],#TN4a=O=C[$]}",0.8895364999771118,0.9281545281410217,1.067471981048584,
"1,1-dichloroethane",CC(Cl)Cl,{[#SX3h]}.{#SX3h=CC(Cl)Cl},1.2093505859375,1.4462323188781738,1.365816354751587,
"1,2,3,4,5,6-hexamethylbenzene",Cc1c(C)c(C)c(C)c(C)c1C,{[#TC4]1[#TC4][#TC4][#TC4][#TC4][#TC4]1}.{#TC4=CC[$][$]},1.2130860090255737,1.4463303089141846,1.3616985082626343,
"1,2,3,4-tetrahydronaphthalen-2-amine",NC1CCc2ccccc2C1,"{[#SN6d]1[#TC3][#TC5B]12[#TC5A][#TC5A]2}.{#SN6d=NC(C[$])[$],#TC3=C(C[$])[$],#TC5A=C(C[$])[$],#TC5B=C(C[$][$])[$][$]}",0.7347663044929504,0.5396525263786316,0.747153639793396,
"1,2,4-Trichlorobenzene",Clc1ccc(Cl)c(Cl)c1,{[#SX3]1[#SX3][#SX3]1}.{#SX3=ClC(=C[$])[$]},1.1959517002105713,1.445970058441162,1.3806978464126587,
"1,2-dichloroethane",ClCCCl,{[#X3h]}.{#X3h=ClCCCl},1.247972011566162,1.446466326713562,1.3222546577453613,
"1,2-diethylbenzene",CCc1ccccc1CC,"{[#TC3][#TC5B]1[#TC5A][#TC5B]1[#TC3]}.{#TC3=CC[$],#TC5A=C(=C[$])[$],#TC5B=C(=C[$][$])[$]}",1.2271686792373657,1.4463297128677368,1.3457056283950806,
"1,3 - butadiene",C=CC=C,{[#SC5]}.{#SC5=C=CC=C},1.2297704219818115,1.446502685546875,1.3429710865020752,
"1,3,5-tribromo-2-methoxybenzene",COc1c(Br)cc(Br)cc1Br,"{[#SN2a]1[#SX2][#SX2][#TX2]1}.{#SN2a=COC[$][$],#SX2=BrC(C[$])[$],#TX2=BrC[$][$]}",1.2221907377243042,1.4463036060333252,1.351325511932373,
"1,3-Benzendiol",Oc1cc(ccc1)O,"{[#SN6]1[#SN6][#TC5]1}.{#SN6=OC(=C[$])[$],#TC5=C(=C[$])[$]}",-0.4060521423816681,-1.8468525409698486,-1.0046358108520508,
"1,3-Butanediol",CC(O)CCO,"{[#SP1A][#SP1B]}.{#SP1A=CC(O)[$],#SP1B=OCC[$]}",-0.9362316131591797,-1.9082448482513428,-0.480934202671051,
"1,3-Dibromobenzene",Brc1cccc(Br)c1,"{[#SX2]1[#TC5][#SX2]1}.{#SX2=BrC(=C[$])[$],#TC5=C(=C[$])[$]}",1.202602744102478,1.4460340738296509,1.373226284980774,
"1,3-Dichlorobenzene",Clc1cccc(Cl)c1,"{[#SX3]1[#TC5][#SX3]1}.{#SX3=ClC(=C[$])[$],#TC5=C(=C[$])[$]}",1.1921807527542114,1.4457978010177612,1.3847602605819702,
"1,3-Dioxolane",O1CCOC1,"{[#SN5a][#TC3]}.{#SN5a=C(O[$])O[$],#TC3=C(C[$])[$]}",0.10541588813066483,-0.6462244391441345,-0.052387312054634094,
"1,4-Dioxane",O1CCOCC1,{[#SN3a][#SN3a]}.{#SN3a=C(OC[$])[$]},0.5148578882217407,0.19765302538871765,0.5601885318756104,
1-(2-hydroxyphenyl)ethanone,CC(=O)c1ccccc1O,"{[#SN4a][#SN6]1[#TC5][#TC5]1}.{#SN4a=CC(=O)[$],#SN6=OC(C[$][$])[$],#TC5=C(C[$])[$]}",0.5207071900367737,0.20160000026226044,0.5585858821868896,
1-4-hexadiene,C=CCC=CC,"{[#SC4A][#SC4B]}.{#SC4A=C=CC[$],#SC4B=CC=C[$]}",1.2435660362243652,1.4465278387069702,1.3273369073867798,
1-chloropropane,CCCCl,{[#X3]}.{#X3=CCCCl},1.2415752410888672,1.4465022087097168,1.3295650482177734,
1-dodecene,CCCCCCCCCCC=C,"{[#C1B][#C1A][#C4]}.{#C1A=C(CC[$])C[$],#C1B=CCCC[$],#C4=C=CCC[$]}",1.291607141494751,1.4456316232681274,1.2716355323791504,
1-hexyne,CCCCC#C,"{[#SC2][#SC6r]}.{#SC2=CCC[$],#SC6r=C#CC[$]}",0.04849507659673691,-0.6786564588546753,-0.02915814518928528,
1-methoxy-2-propyl acetate,COCC(C)OC(C)=O,"{[#SN3rB][#SN3rA][#SN4a]}.{#SN3rA=CC(O[$])[$],#SN3rB=COC[$],#SN4a=CC(=O)[$]}",0.4287152588367462,0.010082324035465717,0.4185047745704651,
1-Methylimidazole,C[n]1ccnc1,"{[#TN1]1[#TC5][#TN6a]1}.{#TC5=C(=C[$])[$],#TN1=CN[$][$],#TN6a=C(=N[$])[$]}",0.18142925202846527,-0.5403106212615967,-0.003468890907242894,
1-methylpyrrole,Cn1cccc1,"{[#TN1]1[#TC5][#TC5]1}.{#TC5=C(=C[$])[$],#TN1=CN[$][$]}",1.0968652963638306,1.1849721670150757,1.1599538326263428,
1-octyne,CCCCCCC#C,"{[#C1][#C6r]}.{#C1=CCCC[$],#C6r=C#CCC[$]}",0.15318924188613892,-0.5625841617584229,0.00016019561735447496,
1-propanol,CCCO,{[#P1]}.{#P1=CCCO},-0.6225396394729614,-1.952517032623291,-0.8937075734138489,
1-propylsulfonylpropane,CCC[S](=O)(=O)CCC,"{[#SC2][#SP5][#SC2]}.{#SC2=CCC[$],#SP5=O=S(=O)[$][$]}",0.6588552594184875,0.4122486412525177,0.6706781387329102,
12-Butadiene,CCC=C,{[#C4]}.{#C4=C=CCC},1.297448754310608,1.445439338684082,1.2647556066513062,
135-tribromobenzene,Brc1cc(Br)cc(Br)c1,{[#SX2]1[#SX2][#SX2]1}.{#SX2=BrC(=C[$])[$]},1.2095377445220947,1.4462610483169556,1.3656402826309204,
"2,3-dimethylnaphthalene",Cc1cc2ccccc2cc1C,"{[#SC4]2[#TC5e]1[#TC5][#TC5]1([#SC4]2)}.{#SC4=CC(=C[$])[$],#TC5=C(C[$])[$],#TC5e=C(C[$][$])[$][$]}",1.227512001991272,1.4464324712753296,1.3454469442367554,
"2,4,5-trimethylaniline",Cc1cc(C)c(N)cc1C,"{[#SC4]1[#TC4][#SN6d][#TC4]1}.{#SC4=CC(=C[$])[$],#SN6d=NC(C[$])[$],#TC4=CC[$][$]}",0.6742424964904785,0.43899261951446533,0.6873533725738525,
"2,4-dichlorotoluene",Cc1ccc(Cl)cc1Cl,"{[#SC4]1[#SX3][#SX3]1}.{#SC4=CC(=C[$])[$],#SX3=ClC(=C[$])[$]}",1.2089005708694458,1.4460628032684326,1.366110920906067,
"2,4-dimethylaniline",Cc1ccc(N)c(C)c1,"{[#SC4]1[#SN6d][#SC4]1}.{#SC4=CC(=C[$])[$],#SN6d=NC(=C[$])[$]}",0.6696228384971619,0.42643603682518005,0.6765660047531128,
"2,5-dichloroaniline",Nc1cc(Cl)ccc1Cl,"{[#SN6d]1[#SX3][#SX3]1}.{#SN6d=NC(=C[$])[$],#SX3=ClC(=C[$])[$]}",0.7745999693870544,0.718012809753418,0.9296669363975525,
"2,5-dimethyl-1,4-benzoquinone",Cc1cc(=O)c(cc1=O)C,"{[#SC4]1[#TN6a][#SC4][#TN6a]1}.{#SC4=CC(=C[$])[$],#TN6a=O=C[$][$]}",0.26905736327171326,-0.4357081949710846,0.030584897845983505,
"2,5-dimethylaniline",Cc1ccc(C)c(N)c1,"{[#SC4]1[#SC4][#SN6d]1}.{#SC4=CC(=C[$])[$],#SN6d=NC(=C[$])[$]}",0.6693994998931885,0.42643433809280396,0.6768175363540649,
"2,5-dimethylphenol",Cc1ccc(C)c(O)c1,"{[#SC4]1[#SC4][#SN6]1}.{#SC4=CC(=C[$])[$],#SN6=OC(=C[$])[$]}",0.7416896820068359,0.5516752600669861,0.7546431422233582,
"2,5-dimethylpyrazine",Cc1cnc(C)cn1,"{[#TC4]1[#TN6aB][#TC4][#TN6aA]1}.{#TC4=CC[$][$],#TN6aA=C(=N[$])[$],#TN6aB=C(N[$])[$]}",0.13438889384269714,-0.5950512886047363,-0.019946694374084473,
2-aminobenzenethiol,Nc1ccccc1S,"{[#SN6d]1[#TC5][#SC6]1}.{#SC6=SC(=C[$])[$],#SN6d=NC(=C[$])[$],#TC5=C(=C[$])[$]}",0.4711966812610626,0.0863548293709755,0.46765413880348206,
2-aminophenol,Nc1ccccc1O,"{[#SN6d]1[#TC5][#SN6]1}.{#SN6=OC(=C[$])[$],#SN6d=NC(=C[$])[$],#TC5=C(=C[$])[$]}",-0.35767221450805664,-1.5027116537094116,-0.620141327381134,
2-bromoaniline,Nc1ccccc1Br,"{[#SN6d]1[#TC5][#SX2]1}.{#SN6d=NC(=C[$])[$],#SX2=BrC(=C[$])[$],#TC5=C(=C[$])[$]}",0.555654764175415,0.23562999069690704,0.5623510479927063,
2-bromophenol,Oc1ccccc1Br,"{[#SN6]1[#TC5][#SX2]1}.{#SN6=OC(=C[$])[$],#SX2=BrC(=C[$])[$],#TC5=C(=C[$])[$]}",0.4852997660636902,0.13883553445339203,0.5186513066291809,
2-butoxyethanol,CCCCOCCO,"{[#C1][#P4]}.{#C1=CCCC[$],#P4=OCCO[$]}",-0.624197781085968,-1.9433315992355347,-0.8800957202911377,
2-chloro-1-nitrobenzene,[O-][N+](=O)c1ccccc1Cl,"{[#SN3a][#SX3]1[#TC5][#TC5]1}.{#SN3a=O=[N+]([O-])[$],#SX3=ClC(C[$][$])[$],#TC5=C(C[$])[$]}",0.8858264684677124,1.0889098644256592,1.2769551277160645,
2-chloroaniline,Nc1ccccc1Cl,"{[#SN6d]1[#TC5][#SX3]1}.{#SN6d=NC(=C[$])[$],#SX3=ClC(=C[$])[$],#TC5=C(=C[$])[$]}",0.527334988117218,0.2314223051071167,0.5891393423080444,
2-chlorobenzaldehyde,Clc1ccccc1C=O,"{[#SX3]1[#TC5A][#TC5B]1[#TN4a]}.{#SX3=ClC(=C[$])[$],#TC5A=C(=C[$])[$],#TC5B=C(=C[$][$])[$],#TN4a=O=C[$]}",0.9051334261894226,0.9642413258552551,1.0958389043807983,
2-chlorophenol,Oc1ccccc1Cl,"{[#SN6]1[#TC5][#SX3]1}.{#SN6=OC(=C[$])[$],#SX3=ClC(=C[$])[$],#TC5=C(=C[$])[$]}",0.48669734597206116,0.13857895135879517,0.516736626625061,
2-Ethylpyrdine,CCc1ncccc1,"{[#TC3][#TN6a]1[#TC5][#TC5]1}.{#TC3=CC[$],#TC5=C(=C[$])[$],#TN6a=N(=C[$][$])[$]}",0.650899350643158,0.251384437084198,0.47430431842803955,
2-hydroxybenzaldehyde,Oc1ccccc1C=O,"{[#SN6]1[#TC5A][#TC5B]1[#TN4a]}.{#SN6=OC(=C[$])[$],#TC5A=C(=C[$])[$],#TC5B=C(=C[$][$])[$],#TN4a=O=C[$]}",0.10870204120874405,-0.5911405086517334,0.014218147844076157,
2-Iodophenol,c1ccc(c(c1)O)I,"{[#TC5]1[#X1][#SN6]1}.{#SN6=OC(=C[$])[$],#TC5=C(=C[$])[$],#X1=IC(=C[$])[$]}",0.6942261457443237,0.4166092574596405,0.6360778212547302,
2-methoxyfuran,COc1occc1,"{[#TN2aA][#TC5B]1[#TN2aB][#TC5A]1}.{#TC5A=C(=C[$])[$],#TC5B=C(=C[$][$])[$],#TN2aA=CO[$],#TN2aB=O[$][$]}",1.1038762331008911,1.1841927766799927,1.150996446609497,
2-methyl-propane,CC(C)C,{[#SC1]}.{#SC1=CC(C)C},1.2688349485397339,1.4462422132492065,1.298275351524353,
2-Methyl-pyridine,Cc1ccccn1,"{[#SC4]1[#TC5][#TN6a]1}.{#SC4=CC(=C[$])[$],#TC5=C(=C[$])[$],#TN6a=C(=N[$])[$]}",0.5652942061424255,0.23203876614570618,0.5468183755874634,
2-methylaniline,Cc1ccccc1N,"{[#SC4]1[#TC5][#SN6d]1}.{#SC4=CC(=C[$])[$],#SN6d=NC(=C[$])[$],#TC5=C(=C[$])[$]}",0.5682321190834045,0.24640071392059326,0.5618207454681396,
2-methylhydroquinone,Cc1cc(O)ccc1O,"{[#SC4]1[#SN6][#SN6]1}.{#SC4=CC(=C[$])[$],#SN6=OC(=C[$])[$]}",-0.1661939024925232,-1.154678225517273,-0.3931851089000702,
2-methylpropane,CC(C)C,{[#SC1]}.{#SC1=CC(C)C},1.2688349485397339,1.4462422132492065,1.298275351524353,
2-methylpropyl 2-methylprop-2-enoate,CC(C)COC(=O)C(C)=C,"{[#SC2][#N4a][#SC4]}.{#N4a=O=C(OC[$])[$],#SC2=CC(C)[$],#SC4=C=C(C)[$]}",0.8726162314414978,0.9017588496208191,1.0529823303222656,
2-methylquinoline,Cc1ccc2ccccc2n1,"{[#SC4][#TC5B]1[#TC5B]2[#TC5A][#TC5A][#TN6a]12}.{#SC4=C[$],#TC5A=C(=C[$])[$],#TC5B=C(=C[$][$])[$],#TN6a=N(=C[$][$])[$]}",1.0433580875396729,1.1039624214172363,1.1172759532928467,
2-Nitro-m-xylene,Cc1c(c(ccc1)C)[N+](=O)[O-],"{[#SC4B]1[#SC4A][#TC5]1([#SN3a])}.{#SC4A=CC(=C[$])[$],#SC4B=CC(=C[$][$])[$],#SN3a=O=[N+]([O-])[$],#TC5=C(=C[$])[$]}",0.9063004851341248,0.9833869338035583,1.1189615726470947,
2-Nitrotoluene,Cc1ccccc1[N+](=O)[O-],"{[#SC4]1[#TC5A][#TC5B]1[#SN3a]}.{#SC4=CC(=C[$])[$],#SN3a=O=[N+]([O-])[$],#TC5A=C(=C[$])[$],#TC5B=C(=C[$][$])[$]}",0.8410984873771667,0.8528106808662415,1.0262728929519653,
2-propanol,CC(C)O,{[#P1]}.{#P1=CC(C)O},-0.6225072741508484,-1.9525166749954224,-0.8937440514564514,
2-vinyl pyridine,C=Cc1ncccc1,"{[#TC5B][#TN6a]1[#TC5A][#TC5A]1}.{#TC5A=C(=C[$])[$],#TC5B=C=C[$],#TN6a=N(=C[$][$])[$]}",0.5866342782974243,0.10128316283226013,0.3556203246116638,
2244-tetramethylpentan-3-one',CC(C)(C)C(=O)C(C)(C)C,"{[#SC1][#TN4a][#SC1]}.{#SC1=CC(C)(C)[$],#TN4a=O=C[$][$]}",1.2738484144210815,1.445688009262085,1.2918742895126343,
246-trimethyl-135-trioxane,CC1OC(C)OC(C)O1,"{[#TC4][#SC3B][#TC4]([#SC3A][#TC4])}.{#SC3A=O(C(O[$])[$])[$],#SC3B=O(C[$][$])C[$][$],#TC4=C[$]}",1.1931155920028687,1.442781925201416,1.379847764968872,
"3,4-dichloroaniline",Nc1ccc(Cl)c(Cl)c1,"{[#SN6d]1[#SX3][#SX3]1}.{#SN6d=NC(=C[$])[$],#SX3=ClC(=C[$])[$]}",0.7745999693870544,0.718012809753418,0.9296669363975525,
"3,4-dichlorophenol",Oc1ccc(Cl)c(Cl)c1,"{[#SN6]1[#SX3][#SX3]1}.{#SN6=OC(=C[$])[$],#SX3=ClC(=C[$])[$]}",0.5472254753112793,0.3967195749282837,0.7776209115982056,
"3,4-dichlorotoluene",Cc1ccc(Cl)c(Cl)c1,"{[#SC4]1[#SX3][#SX3]1}.{#SC4=CC(=C[$])[$],#SX3=ClC(=C[$])[$]}",1.2089005708694458,1.4460628032684326,1.366110920906067,
"3,4-dimethylaniline",Cc1ccc(N)cc1C,"{[#SC4]1[#SN6d][#SC4]1}.{#SC4=CC(=C[$])[$],#SN6d=NC(=C[$])[$]}",0.6696228384971619,0.42643603682518005,0.6765660047531128,
"3,4-dimethylphenol",Cc1ccc(O)cc1C,"{[#SC4]1[#SN6][#SC4]1}.{#SC4=CC(=C[$])[$],#SN6=OC(=C[$])[$]}",0.7418081164360046,0.5516760945320129,0.754509687423706,
3-aminobenzenesulfonamide,Nc1cccc(c1)[S](N)(=O)=O,"{[#SN6d]1[#TC5A][#TC5B]1[#P4]}.{#P4=NS(=O)(=O)[$],#SN6d=NC(=C[$])[$],#TC5A=C(=C[$])[$],#TC5B=C(=C[$][$])[$]}",-0.13778893649578094,-1.0744597911834717,-0.3230116069316864,
3-hexyl-thiophene,CCCCCCc1cc[s]c1,"{[#SC2B][#SC2A][#TC5B]1[#TC5A][#TC6]1}.{#SC2A=C(C[$])C[$],#SC2B=CCC[$],#TC5A=C(=C[$])[$],#TC5B=C(=C[$][$])[$],#TC6=S[$][$]}",1.2409934997558594,1.4462765455245972,1.3299376964569092,
3-methylphenol,Cc1cccc(O)c1,"{[#SC4]1[#TC5][#SN6]1}.{#SC4=CC(=C[$])[$],#SN6=OC(=C[$])[$],#TC5=C(=C[$])[$]}",0.6536957025527954,0.3838168680667877,0.6402329802513123,
3-propyl-thiophene,CCCc1cc[s]c1,"{[#SC2][#TC5B]1[#TC5A][#TC6]1}.{#SC2=CCC[$],#TC5A=C(=C[$])[$],#TC5B=C(=C[$][$])[$],#TC6=S[$][$]}",1.2265757322311401,1.446283221244812,1.3463197946548462,
35-dimethylpyridine,Cc1cncc(C)c1,"{[#SC4]1[#TN6a][#SC4]1}.{#SC4=CC(=C[$])[$],#TN6a=C(=N[$])[$]}",0.7940547466278076,0.6464403867721558,0.8161816000938416,
355120-85-3,S=C=S,{[#C6]}.{#C6=S=C=S},1.2601054906845093,1.4463787078857422,1.3083635568618774,
4-acetamidobenzenesulfonyl fluoride,CC(=O)Nc1ccc(cc1)[S](F)(=O)=O,"{[#SP3][#TC5B]1[#TC5B][#TC5A]1([#X4])}.{#SP3=CC(=O)N[$],#TC5A=C(=C[$])[$],#TC5B=C(=C[$][$])[$],#X4=O=S(=O)(F)[$]}",0.4955681562423706,0.1712808609008789,0.5484198927879333,
4-Bromoanisole,COc1ccc(cc1)Br,"{[#TN2a][#TC5B]1[#SX2][#TC5A]1}.{#SX2=BrC(=C[$])[$],#TC5A=C(=C[$])[$],#TC5B=C(=C[$][$])[$],#TN2a=CO[$]}",1.1054160594940186,1.2334449291229248,1.212138295173645,
4-bromobenzenesulfonamide,N[S](=O)(=O)c1ccc(Br)cc1,"{[#P4][#TC5B]1[#SX2][#TC5A]1}.{#P4=NS(=O)(=O)[$],#SX2=BrC(=C[$])[$],#TC5A=C(=C[$])[$],#TC5B=C(=C[$][$])[$]}",0.5275799036026001,0.2463308721780777,0.6078979969024658,
4-chlorobenzenesulfonamide,N[S](=O)(=O)c1ccc(Cl)cc1,"{[#P4][#TC5B]1[#SX3][#TC5A]1}.{#P4=NS(=O)(=O)[$],#SX3=ClC(=C[$])[$],#TC5A=C(=C[$])[$],#TC5B=C(=C[$][$])[$]}",0.5139521360397339,0.24567489326000214,0.6225365996360779,
4-ethylbenzenesulfonamide,CCc1ccc(cc1)[S](N)(=O)=O,"{[#TC3][#TC5B]1[#TC5B][#TC5A]1([#P4])}.{#P4=NS(=O)(=O)[$],#TC3=CC[$],#TC5A=C(=C[$])[$],#TC5B=C(=C[$][$])[$]}",0.2863002121448517,-0.010912294499576092,0.5534290671348572,
4-Ethylpyridine,CCc1ccncc1,"{[#TC3][#TC5B]1[#TN6a][#TC5A]1}.{#TC3=CC[$],#TC5A=C(=C[$])[$],#TC5B=C(=C[$][$])[$],#TN6a=C(=N[$])[$]}",0.7944318056106567,0.6464607119560242,0.8157795071601868,
4-Methylimidazole,[nH]1cc(nc1)C,"{[#TN6d]1[#SC4][#TN6a]1}.{#SC4=CC(=C[$])[$],#TN6a=C(=N[$])[$],#TN6d=N[$][$]}",-0.00971547793596983,-0.8209437727928162,-0.14473994076251984,
4-methylquinoline,Cc1ccnc2ccccc12,"{[#SC4]1[#TN6a][#TC5e]12[#TC5][#TC5]2}.{#SC4=CC(=C[$])[$],#TC5=C(C[$])[$],#TC5e=C(C[$][$])[$][$],#TN6a=C(=N[$])[$]}",1.006127119064331,1.0541892051696777,1.096001386642456,
4-methylsulfonylchlorobenzene,C[S](=O)(=O)c1ccc(Cl)cc1,"{[#P4][#TC5B]1[#SX3][#TC5A]1}.{#P4=CS(=O)(=O)[$],#SX3=ClC(=C[$])[$],#TC5A=C(=C[$])[$],#TC5B=C(=C[$][$])[$]}",0.44754061102867126,0.12358122318983078,0.5420538187026978,
4-Nitroanisole,COc1ccc(cc1)[N+](=O)[O-],"{[#TN2a][#TC5B]1[#TC5B][#TC5A]1([#SN3a])}.{#SN3a=O=[N+]([O-])[$],#TC5A=C(=C[$])[$],#TC5B=C(=C[$][$])[$],#TN2a=CO[$]}",0.7806065082550049,0.7668025493621826,0.9851454496383667,
4-vinyl pyridine,C=Cc1ccncc1,"{[#TC5C][#TC5B]1[#TN6a][#TC5A]1}.{#TC5A=C(=C[$])[$],#TC5B=C(=C[$][$])[$],#TC5C=C=C[$],#TN6a=C(=N[$])[$]}",0.7224592566490173,0.5397628545761108,0.7612712383270264,
"5,5,5-trifluoropentan-1-ol",OCCCCC(F)(F)F,"{[#SP1][#TC3][#SX4e]}.{#SP1=OCC[$],#SX4e=FC(F)(F)[$],#TC3=C(C[$])[$]}",0.3668448328971863,-0.06577576696872711,0.39190351963043213,
5944-41-2,CC(C)(C)c1ccccn1,"{[#SC1][#TC5B]1[#TC5A][#TN6a]1}.{#SC1=CC(C)(C)[$],#TC5A=C(=C[$])[$],#TC5B=C(=C[$][$])[$],#TN6a=C(=N[$])[$]}",0.9176667332649231,0.8551580309867859,0.942316472530365,
8-fluoroquinoline,Fc1cccc2cccnc12,"{[#SX4e]1[#TC5A][#TC5e]12[#TC5B][#TN6a]2}.{#SX4e=FC(=C[$])[$],#TC5A=C(=C[$])[$],#TC5B=C(C[$])[$],#TC5e=C(C[$][$])[$][$],#TN6a=C(N[$])[$]}",0.7325232028961182,0.5589153170585632,0.7742978930473328,
"8-quinolinol,5-chloro-",Oc1c2ncccc2c(Cl)cc1,"{[#SN6]2[#TC5e]1[#TN6a][#TC5]1([#SX3]2)}.{#SN6=OC(C[$])[$],#SX3=ClC(C[$])[$],#TC5=C(=C[$])[$],#TC5e=C(C[$][$])[$][$],#TN6a=C(=N[$])[$]}",0.37864458560943604,-0.23483793437480927,0.16262748837471008,
acetamide,CC(N)=O,{[#SP5]}.{#SP5=CC(N)=O},-0.6708719730377197,-1.9537252187728882,-0.8403621315956116,
acetic,CC(O)=O,{[#SP2]}.{#SP2=CC(=O)O},-0.6764658093452454,-1.953650712966919,-0.8339146971702576,
acetonitrile,CC#N,{[#SN2a]}.{#SN2a=CC#N},0.3642054498195648,-0.2607175409793854,0.1459779143333435,
Acetophenone,CC(=O)c1ccccc1,"{[#SN4a][#TC5B]1[#TC5A][#TC5A]1}.{#SN4a=CC(=O)[$],#TC5A=C(=C[$])[$],#TC5B=C(=C[$][$])[$]}",0.882300853729248,0.8474356532096863,0.9726184606552124,
acetylacetone,CC(=O)CC(C)=O,"{[#SN4a][#SN5a]}.{#SN4a=CC(=O)[$],#SN5a=CC(=O)C[$]}",0.5550325512886047,0.09264567494392395,0.380479633808136,
acrylamide,C=CC(=O)N,{[#P5]}.{#P5=C=CC(N)=O},-0.668422520160675,-1.9537248611450195,-0.8431433439254761,
acrylic acid,C=CC(=O)O,{[#P2]}.{#P2=C=CC(=O)O},-0.674274742603302,-1.9534459114074707,-0.8361413478851318,
Amine2_link_alcohol,CCCCCN(CCO)CCCCC,"{[#C1][#SN1][#SP1]([#C1])}.{#C1=CCCC[$],#SN1=C(N(C[$])[$])[$],#SP1=OCC[$]}",0.8697454929351807,0.6574306488037109,0.7442574501037598,
Amine_branched,C(N(CCCCC)CCCCC),"{[#SN3a][#C1]([#C1])}.{#C1=CCCC[$],#SN3a=CN(C[$])C[$]}",1.1286413669586182,1.093214511871338,1.0067012310028076,
Amine_carbamat,CN(CC(CNC(CCCCC)=O)NC(CCCCC)=O)C,"{[#SN1][#SN5][#P3][#C1]([#SN4a][#C1])}.{#C1=CCCC[$],#P3=O=C(C[$])NC[$],#SN1=CN(C)[$],#SN4a=O=C(C[$])[$],#SN5=C(C(N[$])[$])[$]}",0.5592921376228333,0.060197096318006516,0.3342078924179077,
Amine_ester_disulfied,CN(C)CCCCCCC(=O)OCCSSCCCCCCCCC,"{[#SN1][#C1A][#N6a][#TN3r][#TC6][#TC6][#C1A][#C1B]}.{#C1A=C(CC[$])C[$],#C1B=CCCC[$],#N6a=O=C(CC[$])[$],#SN1=CN(C)[$],#TC6=C(S[$])[$],#TN3r=C(O[$])[$]}",1.0829955339431763,1.0234049558639526,0.9693976640701294,
Amine_link_alcohol,CCCCCN(CCCCO)CCCCC,"{[#C1][#SN3a][#P1]([#C1])}.{#C1=CCCC[$],#P1=OCCC[$],#SN3a=C(N(C[$])C[$])[$]}",0.7651140093803406,0.4063468873500824,0.5424700975418091,
Amine_link_ester,CN(C)CCCCCCOC(=O)CCCC,"{[#SN3a][#C1A][#N4a][#C1B]}.{#C1A=C(CC[$])C[$],#C1B=CCCC[$],#N4a=O=C(OC[$])[$],#SN3a=CN(C)C[$]}",1.1225920915603638,0.94476717710495,0.824016809463501,
Amine_link_ether,CN(C)CCCCCCOCCCCC,"{[#SN1][#C1A][#N3r][#C1B]}.{#C1A=C(CC[$])C[$],#C1B=CCCC[$],#N3r=C(C[$])OC[$],#SN1=CN(C)[$]}",1.1189697980880737,0.9740231037139893,0.8654884696006775,
Aniline,Nc1ccccc1,"{[#SN6d]1[#TC5][#TC5]1}.{#SN6d=NC(=C[$])[$],#TC5=C(=C[$])[$]}",0.42569756507873535,-0.010755045339465141,0.3953244686126709,
Benzaldehyde,O=Cc1ccccc1,"{[#TN4a][#TC5B]1[#TC5A][#TC5A]1}.{#TC5A=C(=C[$])[$],#TC5B=C(=C[$][$])[$],#TN4a=O=C[$]}",0.919063150882721,0.9646883010864258,1.0805906057357788,
Benzene,c1ccccc1,{[#TC5]1[#TC5][#TC5]1}.{#TC5=C(=C[$])[$]},1.1977378129959106,1.4460135698318481,1.3787249326705933,
"benzene, 2-chloro-1,4-dimethyl-",Cc1ccc(C)c(Cl)c1,"{[#SC4]1[#SC4][#SX3]1}.{#SC4=CC(=C[$])[$],#SX3=ClC(=C[$])[$]}",1.222855806350708,1.4462285041809082,1.3504738807678223,
"benzene-1,2-diamine",Nc1ccccc1N,"{[#SN6d]1[#TC5][#SN6d]1}.{#SN6d=NC(=C[$])[$],#TC5=C(=C[$])[$]}",-0.15331527590751648,-1.102779507637024,-0.3415405750274658,
benzenesulfonamide,N[S](=O)(=O)c1ccccc1,"{[#P4][#TC5B]1[#TC5A][#TC5A]1}.{#P4=NS(=O)(=O)[$],#TC5A=C(=C[$])[$],#TC5B=C(=C[$][$])[$]}",0.377797394990921,0.039936233311891556,0.5144501328468323,
benzenesulfonamide_decoy,N[S](=O)(=O)c1ccccc1,"{[#P4][#TC5B]1[#TC5A][#TC5A]1}.{#P4=NS(=O)(=O)[$],#TC5A=C(=C[$])[$],#TC5B=C(=C[$][$])[$]}",0.377797394990921,0.039936233311891556,0.5144501328468323,
Benzonitrile,N#Cc1ccccc1,"{[#TN4a][#TC5B]1[#TC5A][#TC5A]1}.{#TC5A=C(=C[$])[$],#TC5B=C(=C[$][$])[$],#TN4a=N#C[$]}",0.9056161642074585,0.9239808320999146,1.043881893157959,
Benzotrifluoride,c1ccc(cc1)C(F)(F)F,"{[#TC5A]1[#TC5B][#TC5A]1([#SX4e])}.{#SX4e=FC(F)(F)[$],#TC5A=C(=C[$])[$],#TC5B=C(=C[$][$])[$]}",1.1829622983932495,1.4453028440475464,1.394596815109253,
Beta-Sitosterol,O[C@@H]4CC3=CC[C@@H]1[C@H](CC[C@]2([C@H]1CC[C@@H]2[C@H](C)CC[C@@H](CC)C(C)C)C)[C@@]3(C)CC4,"{[#SN6]3[#SC4]1=[#TC3][#TC5]12[#TC3][#SC4]2[#SC3][#C1][#SC2B][#SC2A]([#TC3]3)}.{#C1=CC(CC[$])[$],#SC2A=CC(C)[$],#SC2B=CCC[$][$],#SC3=C(C[$])C[$][$],#SC4=CC(C[$][$])[$][$],#SN6=OC(C[$])[$],#TC3=C(C[$])[$],#TC5=C(C[$][$])[$][$]}",1.1104828119277954,1.1693308353424072,1.124516248703003,
Bromobenzene,Brc1ccccc1,"{[#SX2]1[#TC5][#TC5]1}.{#SX2=BrC(=C[$])[$],#TC5=C(=C[$])[$]}",1.197588562965393,1.445852279663086,1.3786886930465698,
bromoethane,CCBr,{[#X2]}.{#X2=CCBr},1.2334880828857422,1.4464240074157715,1.3386495113372803,
bromoethene,BrC=C,{[#SX1]}.{#SX1=C=CBr},1.20472252368927,1.4460989236831665,1.3709017038345337,
bromomethane,CBr,{[#SX2]}.{#SX2=CBr},1.1996181011199951,1.4459716081619263,1.3765360116958618,
bromopropane,CCCBr,{[#X2]}.{#X2=CCCBr},1.239647388458252,1.4464294910430908,1.3316614627838135,
"buta-1,3-diene",C=CC=C,{[#SC5]}.{#SC5=C=CC=C},1.2297704219818115,1.446502685546875,1.3429710865020752,
butan-2-ylbenzene,CCC(C)c1ccccc1,"{[#C1][#TC5B]1[#TC5A][#TC5A]1}.{#C1=CCC(C)[$],#TC5A=C(=C[$])[$],#TC5B=C(=C[$][$])[$]}",1.2508078813552856,1.4460846185684204,1.3185466527938843,
butanal,CCCC=O,"{[#SC2][#TN4a]}.{#SC2=CCC[$],#TN4a=O=C[$]}",0.9201231598854065,1.053126335144043,1.1923143863677979,
butane,CCCC,{[#C1]}.{#C1=CCCC},1.303170084953308,1.4452146291732788,1.2579714059829712,
butanol,CCCCO,"{[#SC2][#TP1]}.{#SC2=CCC[$],#TP1=OC[$]}",-0.6794478893280029,-1.953630805015564,-0.8305017948150635,
Butanone,CC(=O)CC,{[#N5a]}.{#N5a=CCC(C)=O},0.6521822214126587,0.12374018877744675,0.30985692143440247,
butene,CCC=C,{[#C4]}.{#C4=C=CCC},1.297448754310608,1.445439338684082,1.2647556066513062,
butyl benzoate,CCCCOC(=O)c1ccccc1,"{[#C1][#SN4a][#TC5B]1[#TC5A][#TC5A]1}.{#C1=CCCC[$],#SN4a=O=C(O[$])[$],#TC5A=C(=C[$])[$],#TC5B=C(=C[$][$])[$]}",1.0950480699539185,1.196663498878479,1.176945686340332,
butylamine,CCCCN,"{[#SC2][#TN6d]}.{#SC2=CCC[$],#TN6d=NC[$]}",0.26450759172439575,-0.4605556130409241,0.004023730754852295,
butyne,CCC#C,{[#C6r]}.{#C6r=C#CCC},1.273289680480957,1.4461487531661987,1.2930976152420044,
C1_ester_C1,CCCCCOC(=O)CCCC,"{[#C1][#N4a][#C1]}.{#C1=CCCC[$],#N4a=O=C(OC[$])[$]}",1.2069194316864014,1.224609375,1.0855841636657715,
C4h_ester_C4h,CCC=CCOC(=O)C=CCC,"{[#C4][#N4a][#C4]}.{#C4=CCC=C[$],#N4a=O=C(OC[$])[$]}",0.9613232016563416,0.979430079460144,1.051422119140625,
Campsterol,O[C@@H]4CC3=CC[C@@H]1[C@H](CC[C@]2([C@H]1CC[C@@H]2[C@H](C)CC[C@@H](C)C(C)C)C)[C@@]3(C)CC4,"{[#SN6]3[#SC4]1=[#TC3][#TC5]12[#TC3][#SC4]2[#SC3][#C1][#C2]([#TC3]3)}.{#C1=CC(CC[$])[$],#C2=CC(C)C(C)[$],#SC3=C(C[$])C[$][$],#SC4=CC(C[$][$])[$][$],#SN6=OC(C[$])[$],#TC3=C(C[$])[$],#TC5=C(C[$][$])[$][$]}",1.1130775213241577,1.1590874195098877,1.1084903478622437,
carbondioxide,O=C=O,{[#SC6]}.{#SC6=O=C=O},1.1769143342971802,1.4453701972961426,1.401551604270935,
chloro(trifluoromethyl)benzene,FC(F)(F)c1ccccc1Cl,"{[#SX4e][#SX3]1[#TC5][#TC5]1}.{#SX3=ClC(C[$][$])[$],#SX4e=FC(F)(F)[$],#TC5=C(C[$])[$]}",1.2101366519927979,1.4461495876312256,1.3648172616958618,
Chlorobenzene,Clc1ccccc1,"{[#SX3]1[#TC5][#TC5]1}.{#SX3=ClC(=C[$])[$],#TC5=C(=C[$])[$]}",1.1914747953414917,1.4457406997680664,1.3854889869689941,
chlorobromomethane,ClCBr,{[#SX2]}.{#SX2=ClCBr},1.195023775100708,1.4458671808242798,1.381619930267334,
chloroethane,CCCl,{[#SX3]}.{#SX3=CCCl},1.1958656311035156,1.445943832397461,1.3807621002197266,
chlorofluoromethane,FCCl,{[#SX4]}.{#SX4=FCCl},1.1772617101669312,1.44512140750885,1.40083909034729,
chloromethane,CCl,{[#TX3]}.{#TX3=CCl},1.1902265548706055,1.4457900524139404,1.3869693279266357,
cinnoline,c1ccc2nnccc2c1,"{[#TC5B]1[#TC5B][#TC5e]12[#TN1a][#TC5A]2}.{#TC5A=C(=C[$])[$],#TC5B=C(C[$])[$],#TC5e=C(C[$][$])[$][$],#TN1a=N(=N[$])[$]}",1.207689642906189,1.4455291032791138,1.3668041229248047,
Cumene,CC(C)c1ccccc1,"{[#SC2][#TC5B]1[#TC5A][#TC5A]1}.{#SC2=CC(C)[$],#TC5A=C(=C[$])[$],#TC5B=C(=C[$][$])[$]}",1.2285734415054321,1.4463856220245361,1.3441810607910156,
cyanamide,NC#N,{[#P4d]}.{#P4d=N#CN},-0.6797486543655396,-1.953742265701294,-0.8303031921386719,
Cyclohexane,C1CCCCC1,{[#SC3][#SC3]}.{#SC3=C(C[$])C[$]},1.2804352045059204,1.4459835290908813,1.2847723960876465,
Cyclohexene,C1CCccC1,"{[#TC3]1[#TC3][#TC5]1}.{#TC3=C(C[$])[$],#TC5=C(=C[$])[$]}",1.2294788360595703,1.4464560747146606,1.3432437181472778,
Cyclopentane,C1CCCC1,"{[#TC3][#SC3]}.{#SC3=C(C[$])C[$],#TC3=C(C[$])[$]}",1.2677375078201294,1.4462668895721436,1.2995539903640747,
Cyclopentanol,C1CCC(C1)O,"{[#SC3][#SN6]}.{#SC3=C(C[$])C[$],#SN6=OC(C[$])[$]}",0.12680058181285858,-0.6334386467933655,-0.06034631282091141,
Cyclopentanone,C1CCC(=O)C1,"{[#SC3][#TN6a]}.{#SC3=C(C[$])C[$],#TN6a=O=C(C[$])[$]}",0.20993579924106598,-0.4680260717868805,0.05645884573459625,
Cyclopropane,C1CC1,{[#SC3]}.{#SC3=C1CC1},1.2741446495056152,1.446141004562378,1.2921168804168701,
D-fucose,CC1C(C(C(C(O1)O)O)O)O,"{[#TC4][#SN4a][#SC3][#TN6]([#TN6])([#TN6])([#TN6])}.{#SC3=C(C(C[$][$])[$])[$][$],#SN4a=O(C[$][$])C[$][$],#TC4=C[$],#TN6=O[$]}",0.20086106657981873,-0.41786715388298035,0.13081301748752594,
D-galactose,C(C1C(C(C(C(O1)O)O)O)O)O,"{[#TP1][#TN4a]1[#SP4][#SP4]1}.{#SP4=OC(C(O)[$])[$],#TN4a=O(C[$][$])[$],#TP1=OC[$]}",-0.6976744532585144,-1.9533594846725464,-0.8094565868377686,
D-glucose,C(C1C(C(C(C(O1)O)O)O)O)O,"{[#TP1][#TN4a]1[#SP4][#SP4]1}.{#SP4=OC(C(O)[$])[$],#TN4a=O(C[$][$])[$],#TP1=OC[$]}",-0.6976744532585144,-1.9533594846725464,-0.8094565868377686,
D-glucuronic acid,C1(C(C(OC(C1O)O)C(=O)O)O)O,"{[#SP4]1[#TN4a][#SP4]1([#SP2])}.{#SP2=O=C(O)[$],#SP4=OC(C(O)[$])[$],#TN4a=O(C[$][$])[$]}",-0.645304262638092,-1.7049750089645386,-0.5517667531967163,
D-mannose,C(C1C(C(C(C(O1)O)O)O)O)O,"{[#TP1][#TN4a]1[#SP4][#SP4]1}.{#SP4=OC(C(O)[$])[$],#TN4a=O(C[$][$])[$],#TP1=OC[$]}",-0.6976744532585144,-1.9533594846725464,-0.8094565868377686,
D-Ribofuranose,C([C@@H]1[C@H]([C@H]([C@@H](O1)O)O)O)O,"{[#TP1][#TN4a]1[#SP4][#TN6]1}.{#SP4=OC(C(O)[$])[$],#TN4a=O(C[$][$])[$],#TN6=OC[$][$],#TP1=OC[$]}",-0.6975178122520447,-1.9532769918441772,-0.8095300793647766,
D-xylose,OCC1(C(C(C(O1)O)O)O),"{[#TP1][#TN4a]1[#SP4][#TN6]1}.{#SP4=OC(C(O)[$])[$],#TN4a=O(C[$][$])[$],#TN6=OC[$][$],#TP1=OC[$]}",-0.6975178122520447,-1.9532769918441772,-0.8095300793647766,
DAP_amine,CN(CC(COC(CCCC)=O)OC(CCCC)=O)C,"{[#SN3a][#N4aB][#N4aA][#C1]([#C1])}.{#C1=CCCC[$],#N4aA=O=C(OC[$])[$],#N4aB=O=C(OC[$][$])[$],#SN3a=CN(C)C[$]}",1.0222193002700806,0.9081565141677856,0.8912559747695923,
dibromomethane,BrCBr,{[#SX1]}.{#SX1=BrCBr},1.1932073831558228,1.4457755088806152,1.383565902709961,
dichloromethane,ClCCl,{[#SX3h]}.{#SX3h=ClCCl},1.2031586170196533,1.4461208581924438,1.3727058172225952,
diethylether,CCOCC,"{[#SN3r][#TC3]}.{#SN3r=CCO[$],#TC3=CC[$]}",0.008320347405970097,-0.8224141597747803,-0.16709928214550018,
difluoromethane,FCF,{[#TX4]}.{#TX4=FCF},1.168121099472046,1.4446532726287842,1.4106218814849854,
diiodomethane,ICI,{[#X2]}.{#X2=ICI},1.2254533767700195,1.4464447498321533,1.347800612449646,
diisopropyl ehter,CC(C)OC(C)C,"{[#SC2][#N3r]}.{#N3r=CC(C)O[$],#SC2=CC(C)[$]}",1.0479437112808228,0.9566537141799927,0.9239689707756042,
diisopropylsufide,CC(C)SC(C)C,"{[#SC2][#SC6]}.{#SC2=CC(C)[$],#SC6=CC(C)S[$]}",1.2431846857070923,1.4465080499649048,1.3277440071105957,
Dimethoxyethane,COCCOC,{[#SN3r][#SN3r]}.{#SN3r=COC[$]},0.5780311822891235,0.16910065710544586,0.4519873857498169,
dimethyl-sulfide,CSC,{[#SC6]}.{#SC6=CSC},1.219127893447876,1.446379542350769,1.3549002408981323,
dimethylacetamide,CN(C)C(C)=O,"{[#SN1][#SN4a]}.{#SN1=CN(C)[$],#SN4a=CC(=O)[$]}",0.7821190357208252,0.3301721513271332,0.4258902370929718,
dimethylamine,CNC,{[#SN1]}.{#SN1=CNC},0.633358895778656,0.06934778392314911,0.26177966594696045,
dimethylethylamine,CCN(C)C,{[#N3a]}.{#N3a=CCN(C)C},0.787414014339447,0.37146297097206116,0.4726021885871887,
dimethylsulfoxide,C[S](C)=O,{[#P4]}.{#P4=CS(C)=O},-0.6847913265228271,-1.953574776649475,-0.8243623971939087,
DMG,O=C(CCCC)OCC(OC(CCCC)=O)COCCOC,"{[#N4a][#C1]([#SN3r][#SN4a][#C1]([#N3r]))}.{#C1=CCCC[$],#N3r=COCC[$],#N4a=O=C(OC[$])[$],#SN3r=C(O[$])C[$][$],#SN4a=O=C(O[$])[$]}",0.798620879650116,0.4935232102870941,0.6157354116439819,
dodecane,CCCCCCCCCCCC,"{[#C1B][#C1A][#C1B]}.{#C1A=C(CC[$])C[$],#C1B=CCCC[$]}",1.291074275970459,1.4456466436386108,1.2722585201263428,
Double_ester_long,CCCCCC(=O)OCCOC(=O)CCCCC,"{[#C1][#SN4a][#P4][#SN4a][#C1]}.{#C1=CCCC[$],#P4=C(CO[$])O[$],#SN4a=O=C(C[$])[$]}",0.662846028804779,0.36742690205574036,0.6089125871658325,
Double_ester_long_branched,CCCCC(=O)OCCOC(=O)C(C)C,"{[#C1][#N4a][#N4a][#SC2]}.{#C1=CCCC[$],#N4a=O=C(OC[$])[$],#SC2=CC(C)[$]}",1.0800138711929321,1.055224895477295,1.0134156942367554,
Ergosterol,O[C@@H]4CC3=CC=C1[C@H](CC[C@]2([C@H]1CC[C@@H]2[C@@H](C=C[C@H](C)C(C)C)C)C)[C@@]3(C)CC4,"{[#SN6]3[#SC4]1=[#TC5A]=[#TC5B]12[#TC3][#SC4]2[#SC3][#C4][#C2]([#TC3]3)}.{#C2=CC(C)C(C)[$],#C4=CC(C=C[$])[$],#SC3=C(C[$])C[$][$],#SC4=CC(C[$][$])[$][$],#SN6=OC(C[$])[$],#TC3=C(C[$])[$],#TC5A=C(C[$])[$],#TC5B=C(C[$][$])[$][$]}",1.103738784790039,1.1521021127700806,1.1101754903793335,
Ester_branched3,CCCCC(CCCC)OC(=O)CCCCC,"{[#C1][#N4a][#C1]([#C1])}.{#C1=CCCC[$],#N4a=O=C(C[$])OC[$][$]}",1.19150710105896,1.1736323833465576,1.037994146347046,
Ester_branched_long_sat,CCCCCCCCCC(CCCCCCCCC)OC(=O)CCCCC,"{[#C1B][#C1A][#SC2][#C1A][#C1B]([#SN4a][#C1B])}.{#C1A=C(CC[$])C[$],#C1B=CCCC[$],#SC2=C(C(C[$])[$])[$],#SN4a=O=C(C[$])O[$]}",1.1916027069091797,1.238944411277771,1.1212831735610962,
Ester_branched_long_unsat,CCC=CCCCCCC(CCCCCC=CCC)OC(=O)CCCCC,"{[#C4][#C1A][#SC2][#C1A][#C4]([#SN4a][#C1B])}.{#C1A=C(CC[$])C[$],#C1B=CCCC[$],#C4=CCC=C[$],#SC2=C(C(C[$])[$])[$],#SN4a=O=C(C[$])O[$]}",1.156220555305481,1.2194888591766357,1.1366215944290161,
ethanal,CC=O,{[#SN4a]}.{#SN4a=CC=O},0.47387805581092834,-0.013358389027416706,0.33728456497192383,
ethane,CC,{[#TC3]}.{#TC3=CC},1.2708494663238525,1.4462119340896606,1.295949101448059,
Ethanol,CCO,{[#SP1]}.{#SP1=CCO},-0.6658928990364075,-1.9537882804870605,-0.8460971117019653,
Ethene,C=C,{[#TC5]}.{#TC5=C=C},1.2270079851150513,1.4464894533157349,1.346091866493225,
Ether_0,CCOCC(CN(C)C)OCC,"{[#N3rA][#N3rB][#SN3a]}.{#N3rA=CCOC[$],#N3rB=CCOC[$][$],#SN3a=CN(C)C[$]}",0.619148850440979,0.20809908211231232,0.4550897777080536,
Ether_link_sat,COCCCCCCCCC,"{[#N3r][#C1][#SC2]}.{#C1=C(CC[$])C[$],#N3r=COCC[$],#SC2=CCC[$]}",1.0992833375930786,1.0289279222488403,0.9579525589942932,
Ether_link_unsat,COCCCCCCC=CC,"{[#N3r][#C1][#SC4]}.{#C1=C(CC[$])C[$],#N3r=COCC[$],#SC4=CC=C[$]}",1.0866779088974,1.0021451711654663,0.9380696415901184,
ethyl benzoate,CCOC(=O)c1ccccc1,"{[#SN3r][#TN4a][#TC5B]1[#TC5A][#TC5A]1}.{#SN3r=CCO[$],#TC5A=C(=C[$])[$],#TC5B=C(=C[$][$])[$],#TN4a=O=C[$][$]}",0.7637899518013,0.6387777328491211,0.8407670855522156,
Ethyl-benzene,CCc1ccccc1,"{[#TC3][#TC5B]1[#TC5A][#TC5A]1}.{#TC3=CC[$],#TC5A=C(=C[$])[$],#TC5B=C(=C[$][$])[$]}",1.2198138236999512,1.4462815523147583,1.3539959192276,
ethylacetate,CCOC(C)=O,"{[#SN3r][#SN4a]}.{#SN3r=CCO[$],#SN4a=CC(=O)[$]}",0.4150802791118622,0.07178626209497452,0.512779712677002,
Ethylamine,CCN,{[#SN6d]}.{#SN6d=CCN},-0.549191951751709,-1.9457769393920898,-0.9683976173400879,
Ethylbenzene,CCc1ccccc1,"{[#TC3][#TC5B]1[#TC5A][#TC5A]1}.{#TC3=CC[$],#TC5A=C(=C[$])[$],#TC5B=C(=C[$][$])[$]}",1.2198138236999512,1.4462815523147583,1.3539959192276,
formamide,NC=O,{[#SP5]}.{#SP5=NC=O},-0.6719012260437012,-1.953725814819336,-0.8391940593719482,
Fructofuranose,C([C@H]1[C@@H]([C@H]([C@@](O1)(CO)O)O)O)O,"{[#TP1][#TN4a]1[#SP4][#TN6]1[#TP1]}.{#SP4=OC(C(O)[$])[$],#TN4a=O(C[$][$])[$],#TN6=OC[$][$][$],#TP1=OC[$]}",-0.6896379590034485,-1.953514575958252,-0.8187811374664307,
Furan,c1ccoc1,"{[#TC5]1[#TC5][#TN2a]1}.{#TC5=C(=C[$])[$],#TN2a=O[$][$]}",1.2313814163208008,1.446401596069336,1.3410131931304932,
glycine,NCC(O)=O,{[#P6]}.{#P6=NCC(=O)O},-0.6742369532585144,-1.953710913658142,-0.8365222811698914,
hepta-2-one,CCCCCC(=O)C,"{[#C1][#SN5a]}.{#C1=CCCC[$],#SN5a=CC(=O)C[$]}",0.9451783895492554,0.6661065816879272,0.669671356678009,
heptanal,CCCCCCC=O,"{[#C1][#N6a]}.{#C1=CCCC[$],#N6a=O=CCC[$]}",0.677055299282074,0.2012336403131485,0.38056251406669617,
heptanol,CCCCCCCO,"{[#C1][#P1]}.{#C1=CCCC[$],#P1=OCCC[$]}",1.034970998764038,0.6833810806274414,0.5897565484046936,
hexa-2-one,CCCCC(=O)C,"{[#C1][#SN4a]}.{#C1=CCCC[$],#SN4a=CC(=O)[$]}",1.0069729089736938,0.9077755808830261,0.9080848693847656,
"hexa-l,4-diene",CC=CC=CC,{[#SC4][#SC4]}.{#SC4=CC=C[$]},1.243507981300354,1.4465277194976807,1.3274028301239014,
hexadecane,CCCCCCCCCCCCCCCC,"{[#C1B][#C1A][#C1A][#C1B]}.{#C1A=C(CC[$])C[$],#C1B=CCCC[$]}",1.2908308506011963,1.4456537961959839,1.272545337677002,
hexanal,CCCCCC=O,"{[#C1][#SN4a]}.{#C1=CCCC[$],#SN4a=O=CC[$]}",1.0005109310150146,0.9072443246841431,0.9147447347640991,
hexane,CCCCCC,{[#SC2][#SC2]}.{#SC2=CCC[$]},1.262552261352539,1.446353554725647,1.3055527210235596,
hexanol,CCCCCCO,"{[#C1][#SP1]}.{#C1=CCCC[$],#SP1=OCC[$]}",0.5801117420196533,0.15256156027317047,0.42850518226623535,
hexene,CCCCC=C,"{[#SC2][#SC4]}.{#SC2=CCC[$],#SC4=C=CC[$]}",1.2518391609191895,1.4464737176895142,1.3178727626800537,
hexyne,CCCCC#C,"{[#SC2][#SC6r]}.{#SC2=CCC[$],#SC6r=C#CC[$]}",0.04849507659673691,-0.6786564588546753,-0.02915814518928528,
Inositol,C1(C(C(C(C(C1O)O)O)O)O)O,{[#SP4]1[#SP4][#SP4]1}.{#SP4=OC(C(O)[$])[$]},-0.6917741298675537,-1.9536443948745728,-0.8165220618247986,
Iodobenzene,c1ccc(cc1)I,"{[#TC5]1[#X1][#TC5]1}.{#TC5=C(=C[$])[$],#X1=IC(=C[$])[$]}",1.2103357315063477,1.4462202787399292,1.3646817207336426,
iodoethane,CCI,{[#X1]}.{#X1=CCI},1.2429463863372803,1.4464915990829468,1.3279942274093628,
iodomethane,CI,{[#SX1]}.{#SX1=CI},1.2105023860931396,1.446265697479248,1.3645508289337158,
iso-butyl acetate,CC(C)COC(C)=O,"{[#SC2][#N4a]}.{#N4a=CC(=O)OC[$],#SC2=CC(C)[$]}",0.7622807025909424,0.6004801988601685,0.7935786247253418,
isobutanal,CC(C)C=O,{[#N4a]}.{#N4a=CC(C)C=O},0.6211955547332764,0.12934352457523346,0.35220178961753845,
Isobutyramide_Isobutanamide,O=C(N)C(C)C,"{[#SP5][#SC2]}.{#SC2=CC(C)[$],#SP5=NC(=O)[$]}",0.2606378495693207,-0.3683885633945465,0.12610748410224915,
isopropanol,CC(C)O,{[#P1]}.{#P1=CC(C)O},-0.6225072741508484,-1.9525166749954224,-0.8937440514564514,
isoquinoline,c1ccc2cnccc2c1,"{[#TC5B]1[#TC5B][#TC5e]12[#TN6a][#TC5A]2}.{#TC5A=C(=C[$])[$],#TC5B=C(C[$])[$],#TC5e=C(C[$][$])[$][$],#TN6a=C(=N[$])[$]}",0.8947118520736694,0.8550785183906555,0.9682827591896057,
KC1_amine,CN(CC1OC(CCCC)(CCCCC)OC1)C,"{[#SN3a][#TC3A][#SN5a][#C1]([#SC2][#TC3B])}.{#C1=CCCC[$],#SC2=C(C[$])C[$],#SN3a=CN(C)C[$],#SN5a=O(C(O[$])[$][$])[$],#TC3A=C(C[$][$])[$],#TC3B=CC[$]}",0.9948918223381042,0.7818111181259155,0.760958194732666,
KC2_amine,CN(CCC1OC(CCCC)(CCCCC)OC1)C,"{[#N3a][#TC3A][#SN5a][#C1]([#SC2][#TC3B])}.{#C1=CCCC[$],#N3a=CN(C)CC[$],#SC2=C(C[$])C[$],#SN5a=O(C(O[$])[$][$])[$],#TC3A=C(C[$][$])[$],#TC3B=CC[$]}",0.9531360864639282,0.7646154761314392,0.7864208221435547,
L-rhamnose,CC1C(C(C(C(O1)O)O)O)O,"{[#TC4][#SN4a][#SC3][#TN6]([#TN6])([#TN6])([#TN6])}.{#SC3=C(C(C[$][$])[$])[$][$],#SN4a=O(C[$][$])C[$][$],#TC4=C[$],#TN6=O[$]}",0.20086106657981873,-0.41786715388298035,0.13081301748752594,
Lactose,C([C@@H]1[C@@H]([C@@H]([C@H]([C@@H](O1)O[C@@H]2[C@H](O[C@H]([C@@H]([C@H]2O)O)O)CO)O)O)O)O,"{[#TP1][#TN4a]1[#SP4A][#SP4B]1[#SN6]2[#TN4a][#SP4A]2([#TP1])}.{#SN6=OC(C[$][$])[$],#SP4A=OC(C(O)[$])[$],#SP4B=OC(C(O[$])[$])[$],#TN4a=O(C[$][$])[$],#TP1=OC[$]}",-0.6407455801963806,-1.8061400651931763,-0.6861215233802795,
m-Xylene,Cc1cccc(c1)C,"{[#SC4]1[#TC5][#SC4]1}.{#SC4=CC(=C[$])[$],#TC5=C(=C[$])[$]}",1.2257858514785767,1.4464162588119507,1.3473862409591675,
MC3_amine,CCCCC(CCCC)OC(=O)CCCN(C)C,"{[#C1][#N4a][#C1]([#SC2][#SN1])}.{#C1=CCCC[$],#N4a=O=C(OC[$][$])[$],#SC2=C(C[$])C[$],#SN1=CN(C)[$]}",1.173757791519165,1.1684032678604126,1.051474928855896,
Mesitylene,Cc1cc(cc(c1)C)C,{[#SC4]1[#SC4][#SC4]1}.{#SC4=CC(=C[$])[$]},1.232604742050171,1.4464844465255737,1.3397291898727417,
methacrylamide,C=C(C)C(=O)N,"{[#SC4][#SP5]}.{#SC4=C=C(C)[$],#SP5=NC(=O)[$]}",0.07736881077289581,-0.6461118459701538,-0.020391885191202164,
methacrylic acid,C=C(C)C(=O)O,"{[#SC4][#SP2]}.{#SC4=C=C(C)[$],#SP2=O=C(O)[$]}",0.6278182864189148,0.31262779235839844,0.5787183046340942,
methanol,CO,{[#TP1]}.{#TP1=CO},-0.6658697724342346,-1.9537886381149292,-0.8461238741874695,
Methoxybenzene,COc1ccccc1,"{[#TN2a][#TC5B]1[#TC5A][#TC5A]1}.{#TC5A=C(=C[$])[$],#TC5B=C(=C[$][$])[$],#TN2a=CO[$]}",1.1060694456100464,1.2335457801818848,1.2115247249603271,
Methoxyethane,COC,{[#SN3r]}.{#SN3r=COC},0.7945791482925415,0.2893019914627075,0.35955265164375305,
methoxymethane,COC,{[#SN3r]}.{#SN3r=COC},0.7945791482925415,0.2893019914627075,0.35955265164375305,
methyl 2-methylbenzoate,COC(=O)c1ccccc1C,"{[#N4a][#SC4]1[#TC5][#TC5]1}.{#N4a=COC(=O)[$],#SC4=CC(C[$][$])[$],#TC5=C(C[$])[$]}",0.9306914210319519,0.9468824863433838,1.0446487665176392,
methyl 4-bromobenzoate,COC(=O)c1ccc(Br)cc1,"{[#N4a][#TC5B]1[#SX2][#TC5A]1}.{#N4a=COC(=O)[$],#SX2=BrC(=C[$])[$],#TC5A=C(=C[$])[$],#TC5B=C(=C[$][$])[$]}",0.784538209438324,0.6929829716682434,0.8864197134971619,
methyl acetate,COC(C)=O,{[#N4a]}.{#N4a=COC(C)=O},0.44383394718170166,-0.10550916194915771,0.25373533368110657,
Methyl acrylate,O=C(OC)C=C,"{[#N4a][#TC5]}.{#N4a=COC(=O)[$],#TC5=C=C[$]}",0.5647316575050354,0.32083621621131897,0.6608437299728394,
methyl formate,COC=O,{[#N4a]}.{#N4a=COC=O},0.33204761147499084,-0.2581285238265991,0.1858036071062088,
Methyl isobutyrate,O=C(OC)C(C)(C),"{[#N4a][#SC2]}.{#N4a=COC(=O)[$],#SC2=CC(C)[$]}",0.7593924403190613,0.659238874912262,0.8718881011009216,
Methyl methacrylate,O=C(OC)C(=C)(C),"{[#N4a][#SC4]}.{#N4a=COC(=O)[$],#SC4=C=C(C)[$]}",0.6634624600410461,0.5586415529251099,0.8523766994476318,
Methyl propanoate,O=C(OC)CC,"{[#N4a][#TC3]}.{#N4a=COC(=O)[$],#TC3=CC[$]}",0.7405367493629456,0.471788227558136,0.6539439558982849,
methyl vinyl ketone,C=CC(=O)C,{[#N5a]}.{#N5a=C=CC(C)=O},0.5026719570159912,-0.11297747492790222,0.1773802638053894,
Methyl-benzoate,COC(=O)c1ccccc1,"{[#N4a][#TC5B]1[#TC5A][#TC5A]1}.{#N4a=COC(=O)[$],#TC5A=C(=C[$])[$],#TC5B=C(=C[$][$])[$]}",0.7853962779045105,0.6930835247039795,0.8855736255645752,
methylamine,CN,{[#TN6d]}.{#TN6d=CN},-0.6252671480178833,-1.9527465105056763,-0.8909035921096802,
Methylcyclopentane,CC1CCCC1,"{[#SC3B][#SC3A]}.{#SC3A=C(C[$])C[$],#SC3B=CC(C[$])[$]}",1.2802989482879639,1.4459846019744873,1.284928560256958,
methylhydrazine,CNN,{[#P5d]}.{#P5d=CNN},-0.66203373670578,-1.9537819623947144,-0.8504716753959656,
"n,n,2-trimethylaniline",CN(C)c1ccccc1C,"{[#SN1][#SC4]1[#TC5][#TC5]1}.{#SC4=CC(C[$][$])[$],#SN1=CN(C)[$],#TC5=C(C[$])[$]}",1.125088095664978,1.2109123468399048,1.1610257625579834,
"N,N-dimethylaniline",CN(C)c1ccccc1,"{[#SN1][#TC5B]1[#TC5A][#TC5A]1}.{#SN1=CN(C)[$],#TC5A=C(=C[$])[$],#TC5B=C(=C[$][$])[$]}",1.070068120956421,1.1042282581329346,1.0872825384140015,
"N,N-dimethylformamide",CN(C)C=O,{[#P3a]}.{#P3a=CN(C)C=O},-0.7043295502662659,-1.952994704246521,-0.8014336228370667,
N-acetylglucosamine,O=C(N[C@@H]1[C@@H](O)[C@H](O)[C@H](O[C@H]1O)CO)C,"{[#SP3][#SN6]1[#SP4][#TN4a]1[#TP1]}.{#SN6=OC(C[$][$])[$],#SP3=CC(=O)N[$],#SP4=OC(C(O)[$])[$],#TN4a=O(C[$][$])[$],#TP1=OC[$]}",-0.7364381551742554,-1.949697732925415,-0.7607593536376953,
N-acetylneuraminic acid,CC(=O)NC1C(CC(OC1C(C(CO)O)O)(C(=O)O)O)O,"{[#SP3][#SN6B]1[#SN6A][#TN4a]1[#TP1][#P4]([#SP2])}.{#P4=OCC(O)[$],#SN6A=OC(C[$])[$][$],#SN6B=OC(C[$][$])[$],#SP2=O=C(O)[$],#SP3=CC(=O)N[$],#TN4a=O(C[$][$])[$],#TP1=OC[$][$]}",-0.49785637855529785,-1.4281891584396362,-0.3657836318016052,
n-butyl acetate,CCCCOC(C)=O,"{[#C1][#SN4a]}.{#C1=CCCC[$],#SN4a=CC(=O)O[$]}",1.035873532295227,0.9286209940910339,0.9018813967704773,
n-heptamine,CCCCCCCN,"{[#C1][#N6d]}.{#C1=CCCC[$],#N6d=NCCC[$]}",0.9057677388191223,0.6201320886611938,0.6557220220565796,
n-hexylamine,CCCCCCN,"{[#C1][#SN6d]}.{#C1=CCCC[$],#SN6d=NCC[$]}",0.9329826831817627,0.6601060032844543,0.6758589148521423,
N-hydroxybenzenesulfonamide,ON[S](=O)(=O)c1ccccc1,"{[#P4][#TC5B]1[#TC5A][#TC5A]1}.{#P4=O=S(=O)(NO)[$],#TC5A=C(=C[$])[$],#TC5B=C(=C[$][$])[$]}",0.3178504407405853,-0.0707935243844986,0.4411366283893585,
N-octanol,CCCCCCCCO,"{[#SC2B][#SC2A][#SP1]}.{#SC2A=C(C[$])C[$],#SC2B=CCC[$],#SP1=OCC[$]}",0.6911440491676331,0.4389839470386505,0.6681475639343262,
n-octylamine,CCCCCCCCN,"{[#SC2B][#SC2A][#SN6d]}.{#SC2A=C(C[$])C[$],#SC2B=CCC[$],#SN6d=NCC[$]}",1.0075043439865112,0.8121543526649475,0.7853805422782898,
n-pentylamine,CCCCCN,"{[#SC2][#SN6d]}.{#SC2=CCC[$],#SN6d=NCC[$]}",0.8694710731506348,0.5259304642677307,0.576655387878418,
n-propylamine,CCCN,{[#N6d]}.{#N6d=CCCN},0.565779983997345,-0.15319181978702545,0.05436209589242935,
n4-dimethylbenzenesulfonamide,CN[S](=O)(=O)c1ccc(C)cc1,"{[#P4][#TC5B]1[#SC4][#TC5A]1}.{#P4=CNS(=O)(=O)[$],#SC4=CC(=C[$])[$],#TC5A=C(=C[$])[$],#TC5B=C(=C[$][$])[$]}",0.3609726130962372,-0.03450513258576393,0.4385021924972534,
Naphtalene,c1ccc2ccccc2c1,"{[#TC5B]1[#TC5B][#TC5e]12[#TC5A][#TC5A]2}.{#TC5A=C(=C[$])[$],#TC5B=C(C[$])[$],#TC5e=C(C[$][$])[$][$]}",1.2091796398162842,1.4462536573410034,1.366037368774414,
naphthalen-1-amine,Nc1cccc2ccccc12,"{[#SN6d]1[#TC5A][#TC5e]12[#TC5B][#TC5B]2}.{#SN6d=NC(=C[$])[$],#TC5A=C(=C[$])[$],#TC5B=C(C[$])[$],#TC5e=C(C[$][$])[$][$]}",0.7854422330856323,0.6617568731307983,0.8455199599266052,
naphthalen-1-ol,Oc1cccc2ccccc12,"{[#SN6]1[#TC5A][#TC5e]12[#TC5B][#TC5B]2}.{#SN6=OC(=C[$])[$],#TC5A=C(=C[$])[$],#TC5B=C(C[$])[$],#TC5e=C(C[$][$])[$][$]}",0.8490456342697144,0.7662394642829895,0.9067041277885437,
naphthalen-2-amine,Nc1ccc2ccccc2c1,"{[#SN6d]1[#TC5B][#TC5e]12[#TC5A][#TC5A]2}.{#SN6d=NC(C[$])[$],#TC5A=C(=C[$])[$],#TC5B=C(C[$])[$],#TC5e=C(C[$][$])[$][$]}",0.646865963935852,0.4002375602722168,0.6689566373825073,
naphthalen-2-ol,Oc1ccc2ccccc2c1,"{[#SN6]1[#TC5B][#TC5e]12[#TC5A][#TC5A]2}.{#SN6=OC(C[$])[$],#TC5A=C(=C[$])[$],#TC5B=C(C[$])[$],#TC5e=C(C[$][$])[$][$]}",0.7082663178443909,0.49359795451164246,0.71844083070755,
Nitrobenzene,c1ccc(cc1)[N+](=O)[O-],"{[#TC5A]1[#TC5B][#TC5A]1([#SN3a])}.{#SN3a=O=[N+]([O-])[$],#TC5A=C(=C[$])[$],#TC5B=C(=C[$][$])[$]}",0.7677265405654907,0.8095201849937439,1.0543193817138672,
o-Xylene,Cc1c(C)cccc1,"{[#SC4]1[#SC4][#TC5]1}.{#SC4=CC(C[$])[$],#TC5=C(C[$])[$]}",1.2391645908355713,1.446513295173645,1.3323169946670532,
octan-2-one,CCCCCCC(C)=O,"{[#C1][#N5a]}.{#C1=CCCC[$],#N5a=CC(=O)CC[$]}",0.9749221801757812,0.7593778967857361,0.7549917697906494,
octane,CCCCCCCC,{[#C1][#C1]}.{#C1=CCCC[$]},1.2919820547103882,1.4456170797348022,1.2711906433105469,
octene,CCCCCCC=C,"{[#C1][#C4]}.{#C1=CCCC[$],#C4=C=CCC[$]}",1.2939558029174805,1.445550799369812,1.2688649892807007,
octyne,CCCCCCC#C,"{[#C1][#C6r]}.{#C1=CCCC[$],#C6r=C#CCC[$]}",0.15318924188613892,-0.5625841617584229,0.00016019561735447496,
ortho-Methylanisole,COc1ccccc1C,"{[#TN2a][#TC5B]1[#TC5A][#SC4]1}.{#SC4=CC(=C[$])[$],#TC5A=C(=C[$])[$],#TC5B=C(=C[$][$])[$],#TN2a=CO[$]}",1.1350215673446655,1.267287254333496,1.2217307090759277,
p-Cresol,Cc1ccc(O)cc1,"{[#TC4]1[#TC5B][#TN6][#TC5A]1}.{#TC4=CC[$][$],#TC5A=C(=C[$])[$],#TC5B=C(C[$])[$],#TN6=OC[$][$]}",0.8530120849609375,0.7664461135864258,0.9024637937545776,
p-Cymene,c1cc(ccc1C(C)C)C,"{[#TC5B]1[#SC4][#TC5A]1([#SC2])}.{#SC2=CC(C)[$],#SC4=CC(C[$])[$],#TC5A=C(C[$])[$],#TC5B=C(C[$][$])[$]}",1.2394883632659912,1.44650137424469,1.331933856010437,
p-Xylene,Cc1ccc(C)cc1,"{[#TC4]1[#TC5B][#TC4][#TC5A]1}.{#TC4=CC[$][$],#TC5A=C(=C[$])[$],#TC5B=C(C[$])[$]}",1.2108227014541626,1.4461811780929565,1.3640789985656738,
Para-benzoquinone,c1cc(=O)ccc1=O,"{[#TC5]1[#TN6a][#TC5][#TN6a]1}.{#TC5=C(=C[$])[$],#TN6a=O=C[$][$]}",0.015618552453815937,-0.8219348788261414,-0.1747758835554123,
Phenol,Oc1ccccc1,"{[#SN6]1[#TC5][#TC5]1}.{#SN6=OC(=C[$])[$],#TC5=C(=C[$])[$]}",0.2368999570608139,-0.38430294394493103,0.13274388015270233,
Piperazine,C1CN(C)CCN1CCCCC,"{[#TN6d]1[#SN1][#TC3A]1([#SC2][#TC3B])}.{#SC2=C(C[$])C[$],#SN1=CN(C[$])[$],#TC3A=C(C[$])[$],#TC3B=CC[$],#TN6d=C(N[$][$])[$]}",0.8748353719711304,0.6884878277778625,0.7781345844268799,
Piperidine,C1CCNCC1,"{[#SC3][#SN6d]}.{#SC3=C(C[$])C[$],#SN6d=C(NC[$])[$]}",0.38776206970214844,-0.16388197243213654,0.24287641048431396,
prop-2-en-1-ol,OCC=C,"{[#TP1d][#TC5]}.{#TC5=C=C[$],#TP1d=OC[$]}",0.08114492893218994,-0.3278619647026062,0.3816961348056793,
"propa-1,2-diene",[CH2]=[C]=[CH2],{[#SC5]}.{#SC5=C=C=C},1.2243268489837646,1.4464633464813232,1.349103569984436,
propanal,CCC=O,{[#N6a]}.{#N6a=CCC=O},0.6422358751296997,0.06613252311944962,0.24759288132190704,
propanamide,CCC(N)=O,{[#P5]}.{#P5=CCC(N)=O},-0.6687150001525879,-1.953728199005127,-0.8428158760070801,
propane,CCC,{[#SC2]}.{#SC2=CCC},1.2599122524261475,1.4463887214660645,1.308596134185791,
propane-1-thiol,CCCS,"{[#TC3][#TC6]}.{#TC3=CC[$],#TC6=SC[$]}",1.193399429321289,1.4458831548690796,1.3834853172302246,
Propane_branched,CC(C)CC(C)CC(C),"{[#SC2A][#SC2B][#SC2C]}.{#SC2A=CC(C)[$],#SC2B=CC(C[$])[$],#SC2C=CCC[$]}",1.2614530324935913,1.4463683366775513,1.3068190813064575,
Propaneamide,CCC(=O)N,{[#P5]}.{#P5=CCC(N)=O},-0.6687150001525879,-1.953728199005127,-0.8428158760070801,
propanoic,CCC(O)=O,{[#P2]}.{#P2=CCC(=O)O},-0.6686453223228455,-1.953400731086731,-0.8424766063690186,
propanone,CC(C)=O,{[#SN5a]}.{#SN5a=CC(C)=O},0.8895491361618042,-0.06094496324658394,-0.1955331712961197,
Propene,C=C-C,{[#SC4]}.{#SC4=C=CC},1.2536267042160034,1.4464590549468994,1.315824031829834,
propionic acid,CCC(=O)O,{[#P2]}.{#P2=CCC(=O)O},-0.6686453223228455,-1.953400731086731,-0.8424766063690186,
Propyl-benzene,CCCc1ccccc1,"{[#SC2][#TC5B]1[#TC5A][#TC5A]1}.{#SC2=CCC[$],#TC5A=C(=C[$])[$],#TC5B=C(=C[$][$])[$]}",1.2286325693130493,1.4463863372802734,1.3441147804260254,
Propyl-benzoate,CCCOC(=O)c1ccccc1,"{[#SC2][#SN4a][#TC5B]1[#TC5A][#TC5A]1}.{#SC2=CCC[$],#SN4a=O=C(O[$])[$],#TC5A=C(=C[$])[$],#TC5B=C(=C[$][$])[$]}",1.049777865409851,1.1670589447021484,1.1905542612075806,
propyne,CC#C,{[#SC6r]}.{#SC6r=C#CC},1.2066923379898071,1.446199655532837,1.3687933683395386,
Pyridazine,c1ccnnc1,"{[#TC5]1[#TC5][#TN1a]1}.{#TC5=C(C[$])[$],#TN1a=N(N[$])[$]}",0.7207689881324768,0.5994421243667603,0.8393952250480652,
"pyridazine, 3,6-dichloro-",Clc1ccc(Cl)nn1,"{[#TX3]1[#TC5][#TX3][#TN1a]1}.{#TC5=C(C[$])[$],#TN1a=N(=N[$])[$],#TX3=ClC[$][$]}",1.199973464012146,1.4458695650100708,1.3760019540786743,
Pyridine,c1cccnc1,"{[#TC5]1[#TC5][#TN6a]1}.{#TC5=C(=C[$])[$],#TN6a=C(=N[$])[$]}",0.05171528831124306,-0.7177209258079529,-0.08269701153039932,
Pyrrole,[nH]1cccc1,"{[#TN6d]1[#TC5][#TC5]1}.{#TC5=C(=C[$])[$],#TN6d=N[$][$]}",0.492070734500885,0.0866374522447586,0.44430971145629883,
Pyrrolidine,C1CCNC1,"{[#SC3][#TN6d]}.{#SC3=C(C[$])C[$],#TN6d=C(N[$])[$]}",0.2223217636346817,-0.46828681230545044,0.0420597642660141,
quinolin-8-ol,Oc1cccc2cccnc12,"{[#SN6]1[#TC5A][#TC5e]12[#TC5B][#TN6a]2}.{#SN6=OC(=C[$])[$],#TC5A=C(=C[$])[$],#TC5B=C(C[$])[$],#TC5e=C(C[$][$])[$][$],#TN6a=C(N[$])[$]}",0.39854517579078674,-0.11321262270212173,0.295330673456192,
quinoline,c1ccc2ncccc2c1,"{[#TC5B]1[#TC5B][#TC5e]12[#TN6a][#TC5A]2}.{#TC5A=C(=C[$])[$],#TC5B=C(C[$])[$],#TC5e=C(C[$][$])[$][$],#TN6a=C(=N[$])[$]}",0.8947118520736694,0.8550785183906555,0.9682827591896057,
SC1_ester_SC1,CCCCC(=O)OCCCC,"{[#C1][#SN4a][#C1]}.{#C1=CCCC[$],#SN4a=O=C(O[$])[$]}",1.2364652156829834,1.3274545669555664,1.1833552122116089,
Squaramide,C1(=C(C(=O)C1=O)N(C))NCCC(N(CCCCC)CCCCC),"{[#TC5][#SP4]([#TN5])([#N5][#SN1][#C1]([#C1]))}.{#C1=CCCC[$],#N5=C(CN[$])C[$],#SN1=C(N(C[$])[$])[$],#SP4=O=C(C(=O)[$])[$],#TC5=C(=C[$][$])[$][$],#TN5=CN[$]}",0.6149483919143677,0.23705101013183594,0.49682891368865967,
Stigmasterol,CCC(C=CC(C)C1CCC2C1(CCC3C2CC=C4C3(CCC(C4)O)C)C)C(C)C,"{[#SC2B][#C4][#TC3B][#SC3]1[#TC3A][#TC5]12[#TC3A]=[#SC4]23[#TC3A][#SN6]3([#SC2A])}.{#C4=CC(C=C[$])[$],#SC2A=CC(C)[$],#SC2B=CCC[$][$],#SC3=CC(C(C[$])[$])[$][$],#SC4=CC(C[$][$])[$][$],#SN6=OC(C[$])[$],#TC3A=C(C[$])[$],#TC3B=C(C[$][$])[$],#TC5=C(C[$][$])[$][$]}",1.1079261302947998,1.162846326828003,1.1191388368606567,
Styrene,c1ccccc1C=C,"{[#TC5A]1[#TC5A][#TC5B]1[#TC5C]}.{#TC5A=C(=C[$])[$],#TC5B=C(=C[$][$])[$],#TC5C=C=C[$]}",1.2017018795013428,1.4460718631744385,1.374297857284546,
Succerose,O1[C@H](CO)[C@@H](O)[C@H](O)[C@@H](O)[C@H]1O[C@@]2(O[C@@H]([C@@H](O)[C@@H]2O)CO)CO,"{[#TN4a]1[#TP1]([#SP4A][#SP4B]1[#SN4a][#SP4A]([#TP1])([#TP1]))}.{#SN4a=O(C[$][$])C[$][$][$],#SP4A=OC(C(O)[$])[$],#SP4B=OC(C(O[$])[$])[$],#TN4a=O(C[$][$])[$],#TP1=OC[$]}",-0.7091778516769409,-1.952820897102356,-0.7957059144973755,
t-butyl acetate,CC(=O)OC(C)(C)C,"{[#SN4a][#SC1]}.{#SC1=CC(C)(C)[$],#SN4a=CC(=O)O[$]}",0.9676488637924194,0.9389678239822388,0.9925718307495117,
tetrachloromethane,C(Cl)(Cl)(Cl)(Cl),{[#X1]}.{#X1=ClC(Cl)(Cl)Cl},1.2203857898712158,1.4464235305786133,1.3535282611846924,
Tetrahydrofuran,C1CCOC1,"{[#SC3][#TN4a]}.{#SC3=C(C[$])C[$],#TN4a=C(O[$])[$]}",0.5131329298019409,0.08526688069105148,0.41864049434661865,
Tetrahydropyran,O1CCCCC1,"{[#SN4a][#SC3]}.{#SC3=C(C[$])C[$],#SN4a=C(OC[$])[$]}",1.0048284530639648,0.8728242516517639,0.8658896684646606,
Tetrahydrothiophene,S1CCCC1,"{[#SC6][#TC3]}.{#SC6=C(SC[$])[$],#TC3=C(C[$])[$]}",1.214714765548706,1.4462506771087646,1.359748125076294,
Thiazole,n1ccsc1,"{[#TN6a]1[#TC5][#TC6]1}.{#TC5=C(=C[$])[$],#TC6=S[$][$],#TN6a=C(=N[$])[$]}",0.03449751436710358,-0.6783546209335327,-0.012876510620117188,
Thiophene,c1ccsc1,"{[#TC5]1[#TC5][#TC6]1}.{#TC5=C(=C[$])[$],#TC6=S[$][$]}",1.189612627029419,1.445784091949463,1.3876588344573975,
Thiophenol,Sc1ccccc1,"{[#SC6]1[#TC5][#TC5]1}.{#SC6=SC(=C[$])[$],#TC5=C(=C[$])[$]}",1.1923394203186035,1.4458497762680054,1.3846465349197388,
Threhalose,OC[C@@H]1[C@@H](O)[C@H](O)[C@@H](O)[C@H](O1)O[C@@H]2[C@H](O)[C@@H](O)[C@H](O)[C@H](O2)CO,"{[#TP1][#TN4a]1[#SP4A][#SP4B]1[#SN4a]2[#SP4A][#TN6]2([#TP1])}.{#SN4a=O(C[$][$])C[$][$],#SP4A=OC(C(O)[$])[$],#SP4B=OC(C(O[$])[$])[$],#TN4a=O(C[$][$])[$],#TN6=OC[$][$],#TP1=OC[$]}",-0.7128448486328125,-1.9519647359848022,-0.7904481887817383,
Toluene,Cc1ccccc1,"{[#SC4]1[#TC5][#TC5]1}.{#SC4=CC(=C[$])[$],#TC5=C(=C[$])[$]}",1.213746190071106,1.446287751197815,1.3608953952789307,
trichloroethylene,ClC=C(Cl)Cl,{[#X3h]}.{#X3h=ClC=C(Cl)Cl},1.2350130081176758,1.4465080499649048,1.3370251655578613,
trichloromethane,ClC(Cl)Cl,{[#X2]}.{#X2=ClC(Cl)Cl},1.2208446264266968,1.446411371231079,1.3529917001724243,
trifluoroethanol,OCC(F)(F)(F),"{[#TP1d][#SX4e]}.{#SX4e=FC(F)(F)[$],#TP1d=OC[$]}",1.1021558046340942,1.4369233846664429,1.4756643772125244,
triglyme,COCCOCCOCCOC,"{[#N3r][#P4][#N3r]}.{#N3r=COCC[$],#P4=C(CO[$])O[$]}",-0.728018045425415,-1.9522846937179565,-0.7736251354217529,
trimethylamine,CN(C)C,{[#SN3a]}.{#SN3a=CN(C)C},0.7745912075042725,0.3913753926753998,0.5125901699066162,
Triple_amine_0_0_0,CN(C)CCCN(C)CCCN(C)(C),"{[#SN1][#SC2][#TN3a][#SC2][#SN1]}.{#SC2=C(C[$])C[$],#SN1=CN(C)[$],#TN3a=CN[$][$]}",1.0886695384979248,1.0272159576416016,0.9678214192390442,
vinylchloride,ClC=C,{[#SX3]}.{#SX3=C=CCl},1.1902875900268555,1.4457979202270508,1.386910080909729,
C(=CI)Br,C(=CI)Br,"{[#SX2]=[#SX1]}.{#SX1=IC[$],#SX2=BrC[$]}",1.2256108522415161,1.4464691877365112,1.347652792930603,
C(C(CBr)Cl)Cl,C(C(CBr)Cl)Cl,"{[#TX3A][#TX3B][#SX2]}.{#SX2=BrC[$],#TX3A=ClC[$],#TX3B=ClC[$][$]}",1.1982421875,1.4459952116012573,1.3781287670135498,
C(C(CBr)I)Cl,C(C(CBr)I)Cl,"{[#TX3][#SX1][#SX2]}.{#SX1=IC[$][$],#SX2=BrC[$],#TX3=ClC[$]}",1.2224057912826538,1.4464315176010132,1.3512448072433472,
C(C(CBr)S)Br,C(C(CBr)S)Br,"{[#SX2][#TC6][#SX2]}.{#SX2=BrC[$],#TC6=SC[$][$]}",1.1855089664459229,1.4452515840530396,1.3916395902633667,
C(C(CCl)Br)F,C(C(CCl)Br)F,"{[#TX4e][#SX2][#TX3]}.{#SX2=BrC[$][$],#TX3=ClC[$],#TX4e=FC[$]}",1.2094643115997314,1.4461849927902222,1.3656264543533325,
C(C(CCl)CCl)N,C(C(CCl)CCl)N,"{[#TN6d][#SX3][#TX3]}.{#SX3=ClCC[$][$],#TN6d=NC[$],#TX3=ClC[$]}",0.7565524578094482,0.5950320363044739,0.7931270003318787,
C(C(CCl)N)F,C(C(CCl)N)F,"{[#TX4e][#TN6d][#TX3]}.{#TN6d=NC[$][$],#TX3=ClC[$],#TX4e=FC[$]}",0.5945356488227844,0.3996027410030365,0.7275746464729309,
C(C(CCl)O)Cl,C(C(CCl)O)Cl,"{[#TX3][#TP1d][#TX3]}.{#TP1d=OC[$][$],#TX3=ClC[$]}",0.5719410181045532,0.5666908621788025,0.9665904641151428,
C(C(CCl)O)F,C(C(CCl)O)F,"{[#TX4e][#TP1d][#TX3]}.{#TP1d=OC[$][$],#TX3=ClC[$],#TX4e=FC[$]}",0.7505013346672058,0.8669665455818176,1.1472347974777222,
C(C(CCl)S)Cl,C(C(CCl)S)Cl,"{[#TX3][#TC6][#TX3]}.{#TC6=SC[$][$],#TX3=ClC[$]}",1.1690421104431152,1.4448868036270142,1.4098739624023438,
C(C(CF)Cl)F,C(C(CF)Cl)F,"{[#TX4e][#TX3][#TX4e]}.{#TX3=ClC[$][$],#TX4e=FC[$]}",1.1842807531356812,1.4455145597457886,1.3933701515197754,
C(C(CI)Br)O,C(C(CI)Br)O,"{[#TP1][#SX2][#SX1]}.{#SX1=IC[$],#SX2=BrC[$][$],#TP1=OC[$]}",1.2087688446044922,1.4461050033569336,1.3663142919540405,
C(C(CN)CS)N,C(C(CN)CS)N,"{[#TN6d][#SN6d][#TC6]}.{#SN6d=NCC[$][$],#TC6=SC[$],#TN6d=NC[$]}",0.4494156539440155,-0.18807707726955414,0.1419644057750702,
C(C(CN)O)N,C(C(CN)O)N,"{[#TN6d][#TP1d][#TN6d]}.{#TN6d=NC[$],#TP1d=OC[$][$]}",-0.5058867335319519,-1.7938820123672485,-0.8236212730407715,
C(C(CO)Br)N,C(C(CO)Br)N,"{[#TN6d][#SX2][#TP1d]}.{#SX2=BrC[$][$],#TN6d=NC[$],#TP1d=OC[$]}",0.37513428926467896,-0.016187191009521484,0.445809930562973,
C(C(CO)N)N,C(C(CO)N)N,"{[#TN6dA][#TN6dB][#TP1d]}.{#TN6dA=NC[$],#TN6dB=NC[$][$],#TP1d=OC[$]}",-0.2716621458530426,-1.317842960357666,-0.4817575514316559,
C(C(CS)CS)S,C(C(CS)CS)S,"{[#TC6][#SC6][#TC6]}.{#SC6=SCC[$][$],#TC6=SC[$]}",1.1698106527328491,1.4445246458053589,1.4085386991500854,
C(C(CS)O)F,C(C(CS)O)F,"{[#TX4e][#TP1d][#TC6]}.{#TC6=SC[$],#TP1d=OC[$][$],#TX4e=FC[$]}",0.5525632500648499,0.39373019337654114,0.7677415609359741,
C(C(CS)S)O,C(C(CS)S)O,"{[#TP1][#TC6B][#TC6A]}.{#TC6A=SC[$],#TC6B=SC[$][$],#TP1=OC[$]}",-0.026303937658667564,-0.7404623031616211,-0.02313387393951416,
C(C(F)(F)F)F,C(C(F)(F)F)F,"{[#TX4e][#SX4e]}.{#SX4e=FC(F)(F)[$],#TX4e=FC[$]}",1.185996413230896,1.4454203844070435,1.3913012742996216,
C(C(F)(F)F)N,C(C(F)(F)F)N,"{[#TN6d][#SX4e]}.{#SX4e=FC(F)(F)[$],#TN6d=NC[$]}",0.9451683759689331,1.10518479347229,1.2303457260131836,
C(C(F)(F)F)O,C(C(F)(F)F)O,"{[#TP1d][#SX4e]}.{#SX4e=FC(F)(F)[$],#TP1d=OC[$]}",1.1021558046340942,1.4369233846664429,1.4756643772125244,
C(C=CBr)N,C(C=CBr)N,"{[#TN6d][#SX1]}.{#SX1=BrC=C[$],#TN6d=NC[$]}",1.0835998058319092,1.1370364427566528,1.1138088703155518,
C(C=CCI)I,C(C=CCI)I,{[#X1]=[#X1]}.{#X1=ICC[$]},1.2424391508102417,1.4465099573135376,1.3285942077636719,
C(CBr)C(Cl)Cl,C(CBr)C(Cl)Cl,"{[#X2][#SX3h]}.{#SX3h=ClC(Cl)[$],#X2=BrCC[$]}",1.2324552536010742,1.4464938640594482,1.339911699295044,
C(CBr)C=N,C(CBr)C=N,"{[#X2][#TN2]}.{#TN2=N=C[$],#X2=BrCC[$]}",1.2445406913757324,1.4463754892349243,1.3260353803634644,
C(CBr)NCCI,C(CBr)NCCI,"{[#TN6d][#SX2]([#X1])}.{#SX2=BrC[$],#TN6d=C(N[$])[$],#X1=ICC[$]}",0.9301487803459167,0.878819465637207,0.9583548307418823,
C(CC(Cl)Cl)CF,C(CC(Cl)Cl)CF,"{[#X4e][#SX3h]}.{#SX3h=ClC(Cl)[$],#X4e=FCCC[$]}",1.2328529357910156,1.4464616775512695,1.3394187688827515,
C(CC(Cl)Cl)CO,C(CC(Cl)Cl)CO,"{[#P1][#SX3h]}.{#P1=OCCC[$],#SX3h=ClC(Cl)[$]}",0.7860209941864014,0.5349265336990356,0.6829122304916382,
C(CC(F)F)CI,C(CC(F)F)CI,"{[#X1][#TX4]}.{#TX4=FC(F)[$],#X1=ICCC[$]}",1.2213935852050781,1.4464248418807983,1.3523857593536377,
C(CC(O)O)CI,C(CC(O)O)CI,"{[#X1][#P4]}.{#P4=OC(O)[$],#X1=ICCC[$]}",0.028703592717647552,-0.6782529950141907,-0.006167016923427582,
C(CC=O)CBr,C(CC=O)CBr,"{[#X2][#SN4a]}.{#SN4a=O=CC[$],#X2=BrCC[$]}",1.2459769248962402,1.4460182189941406,1.3239481449127197,
C(CC=O)CO,C(CC=O)CO,"{[#SP1][#SN4a]}.{#SN4a=O=CC[$],#SP1=OCC[$]}",-0.2200419157743454,-1.2248122692108154,-0.4215877950191498,
C(CCBr)CBr,C(CCBr)CBr,{[#X2][#X2]}.{#X2=BrCC[$]},1.2370703220367432,1.4465043544769287,1.3346835374832153,
C(CCCBr)CCO,C(CCCBr)CCO,"{[#P1][#X2]}.{#P1=OCCC[$],#X2=BrCCC[$]}",0.9871689081192017,0.8061892986297607,0.8008578419685364,
C(CCCCl)CCO,C(CCCCl)CCO,"{[#P1][#X3]}.{#P1=OCCC[$],#X3=ClCCC[$]}",0.8547695875167847,0.6307144165039062,0.7271506190299988,
C(CCCl)CO,C(CCCl)CO,"{[#SP1][#SX3]}.{#SP1=OCC[$],#SX3=ClCC[$]}",0.6649901270866394,0.5401856303215027,0.827075183391571,
C(CCCS)CCN,C(CCCS)CCN,"{[#N6d][#TC3][#TC6]}.{#N6d=NCCC[$],#TC3=C(C[$])[$],#TC6=SC[$]}",0.9938318729400635,0.35934963822364807,0.22271697223186493,
C(CCF)CF,C(CCF)CF,{[#SX4e][#SX4e]}.{#SX4e=FCC[$]},1.219257116317749,1.4463779926300049,1.3547523021697998,
C(CCI)CBr,C(CCI)CBr,"{[#X2][#X1]}.{#X1=ICC[$],#X2=BrCC[$]}",1.2402697801589966,1.4465110301971436,1.331059217453003,
C(CCl)CBr,C(CCl)CBr,"{[#SX3][#SX2]}.{#SX2=BrC[$],#SX3=ClCC[$]}",1.2192493677139282,1.4463889598846436,1.354775071144104,
C(CCl)CCl,C(CCl)CCl,"{[#SX3][#TX3]}.{#SX3=ClCC[$],#TX3=ClC[$]}",1.2006194591522217,1.446060061454773,1.375511646270752,
C(CCN)CCS,C(CCN)CCS,"{[#N6d][#SC6]}.{#N6d=NCCC[$],#SC6=SCC[$]}",0.6865826845169067,0.4254961609840393,0.6561056971549988,
C(CCO)CCBr,C(CCO)CCBr,"{[#P1][#X2]}.{#P1=OCCC[$],#X2=BrCC[$]}",0.9424518942832947,0.6996796131134033,0.7156374454498291,
C(CCO)CN,C(CCO)CN,"{[#SN6d][#SP1]}.{#SN6d=NCC[$],#SP1=OCC[$]}",0.278541624546051,-0.35611265897750854,0.12145058065652847,
C(CCS)CS,C(CCS)CS,{[#SC6][#SC6]}.{#SC6=SCC[$]},1.2000278234481812,1.4460595846176147,1.376183271408081,
C(CF)NCCI,C(CF)NCCI,"{[#TN6d][#TX4e]([#X1])}.{#TN6d=C(N[$])[$],#TX4e=FC[$],#X1=ICC[$]}",0.6281172037124634,0.31705328822135925,0.5840299129486084,
C(CI)CI,C(CI)CI,"{[#X1][#SX1]}.{#SX1=IC[$],#X1=ICC[$]}",1.2367597818374634,1.4465155601501465,1.3350509405136108,
C(CI)I,C(CI)I,{[#SX1][#SX1]}.{#SX1=IC[$]},1.2297321557998657,1.4464987516403198,1.3430100679397583,
C(CI)S,C(CI)S,"{[#TC6][#SX1]}.{#SX1=IC[$],#TC6=SC[$]}",1.2055959701538086,1.4457685947418213,1.369488000869751,
C(CN)CBr,C(CN)CBr,"{[#SN6d][#SX2]}.{#SN6d=NCC[$],#SX2=BrC[$]}",0.620732843875885,0.4039115905761719,0.7033259272575378,
C(CN)CCl,C(CN)CCl,"{[#SN6d][#TX3]}.{#SN6d=NCC[$],#TX3=ClC[$]}",0.5744456648826599,0.12989768385887146,0.40600043535232544,
C(CNCCBr)N,C(CNCCBr)N,"{[#SN6d][#TN6d][#SX2]}.{#SN6d=NCC[$],#SX2=BrC[$],#TN6d=C(N[$])[$]}",0.4376765489578247,-0.0645991712808609,0.31296661496162415,
C(CO)NCCO,C(CO)NCCO,"{[#TN6d][#TP1d]([#SP1])}.{#SP1=OCC[$],#TN6d=C(N[$])[$],#TP1d=OC[$]}",-0.4947136342525482,-1.6136128902435303,-0.6061223745346069,
C(COCCBr)N,C(COCCBr)N,"{[#SN6d][#TP1d][#SX2]}.{#SN6d=NCC[$],#SX2=BrC[$],#TP1d=C(O[$])[$]}",0.19090233743190765,-0.353864848613739,0.22384756803512573,
C(COCCF)N,C(COCCF)N,"{[#SN6d][#TP1d][#TX4e]}.{#SN6d=NCC[$],#TP1d=C(O[$])[$],#TX4e=FC[$]}",0.05323397368192673,-0.5540357828140259,0.12458924949169159,
C(COCCN)N,C(COCCN)N,"{[#SN6d][#TP1d][#TN6d]}.{#SN6d=NCC[$],#TN6d=NC[$],#TP1d=C(O[$])[$]}",-0.4204147160053253,-1.6221603155136108,-0.7014138102531433,
C(COCCO)O,C(COCCO)O,"{[#SP1][#P4]}.{#P4=OCCO[$],#SP1=OCC[$]}",-0.3173774182796478,-1.1588650941848755,-0.2268407791852951,
C(COCN)CS,C(COCN)CS,"{[#SC6][#TP1d][#TN6d]}.{#SC6=SCC[$],#TN6d=NC[$],#TP1d=C(O[$])[$]}",0.13537971675395966,-0.44297635555267334,0.17311416566371918,
C(CS)CBr,C(CS)CBr,"{[#SC6][#SX2]}.{#SC6=SCC[$],#SX2=BrC[$]}",1.2193821668624878,1.4461661577224731,1.3543397188186646,
C(CS)OC=O,C(CS)OC=O,"{[#SC6][#SN4a]}.{#SC6=SCC[$],#SN4a=O=CO[$]}",0.7138180732727051,0.6049985885620117,0.8543846011161804,
C(CS)OCO,C(CS)OCO,"{[#SC6][#SP2]}.{#SC6=SCC[$],#SP2=OCO[$]}",0.11830996721982956,-0.49887242913246155,0.12112502753734589,
C(CSCCCl)N,C(CSCCCl)N,"{[#SN6d][#TC6][#TX3]}.{#SN6d=NCC[$],#TC6=C(S[$])[$],#TX3=ClC[$]}",0.21085309982299805,-0.3541688919067383,0.2008024901151657,
C(CSCCN)N,C(CSCCN)N,"{[#SN6d][#TC6][#TN6d]}.{#SN6d=NCC[$],#TC6=C(S[$])[$],#TN6d=NC[$]}",-0.34552979469299316,-1.4173498153686523,-0.5249315500259399,
C(F)(Cl)(Cl)Br,C(F)(Cl)(Cl)Br,{[#X1]}.{#X1=FC(Cl)(Cl)Br},1.203086495399475,1.4460290670394897,1.3726705312728882,
C(I)I,C(I)I,{[#X2]}.{#X2=ICI},1.2254533767700195,1.4464447498321533,1.347800612449646,
C(NC=O)Cl,C(NC=O)Cl,"{[#TX3][#SP3]}.{#SP3=O=CN[$],#TX3=ClC[$]}",-0.27095332741737366,-0.8531817197799683,0.11076793074607849,
C(O)OCOCO,C(O)OCOCO,"{[#P2][#SP2]}.{#P2=OCOC[$],#SP2=OCO[$]}",0.002484345342963934,-0.5866502523422241,0.14057691395282745,
C(O)OCS,C(O)OCS,"{[#SP2][#TC6]}.{#SP2=OCO[$],#TC6=SC[$]}",-0.2046429067850113,-0.8556187152862549,0.032351210713386536,
C(O)OOC=O,C(O)OOC=O,"{[#SP2][#SN4a]}.{#SN4a=O=CO[$],#SP2=OCO[$]}",-0.5040025115013123,-1.4012579917907715,-0.324415385723114,
C(P)(P)(Cl)Cl,C(P)(P)(Cl)Cl,{[#X1]}.{#X1=PC(P)(Cl)Cl},1.239844799041748,1.4464792013168335,1.3315011262893677,
C1=CN=NC=N1,C1=CN=NC=N1,"{[#TC5]1[#TN1a][#TN6a]1}.{#TC5=C(=C[$])[$],#TN1a=N(=N[$])[$],#TN6a=C(=N[$])[$]}",-0.10525839775800705,-1.2291629314422607,-0.5574963092803955,
C1C(CO1)Cl,C1C(CO1)Cl,"{[#SN4a][#TX3]}.{#SN4a=C(OC[$])[$],#TX3=ClC[$][$]}",0.7565980553627014,0.5990607142448425,0.7982194423675537,
C1CC1CCN,C1CC1CCN,"{[#SC3][#SN6d]}.{#SC3=C1CC1[$],#SN6d=NCC[$]}",0.2735268175601959,-0.3532913625240326,0.13074813783168793,
C1CC1CS,C1CC1CS,"{[#SC3][#TC6]}.{#SC3=C1CC1[$],#TC6=SC[$]}",1.2101269960403442,1.4462370872497559,1.3649406433105469,
C1CCNNC1,C1CCNNC1,"{[#SC3A][#SC3B]}.{#SC3A=C(C[$])C[$],#SC3B=C(NN[$])[$]}",1.26914644241333,1.4461655616760254,1.2978243827819824,
C1CNSSC1,C1CNSSC1,"{[#TC3]1[#TN6d][#TC6]1}.{#TC3=C(C[$])[$],#TC6=S(S[$])[$],#TN6d=C(N[$])[$]}",0.2126922905445099,-0.3828651010990143,0.16207130253314972,
C1COC1Br,C1COC1Br,"{[#SX2][#TN4a]}.{#SX2=BrC(C[$])[$],#TN4a=C(O[$])[$]}",1.2102521657943726,1.445334792137146,1.363646149635315,
C1CONCO1,C1CONCO1,"{[#SN3aA][#SN3aB]}.{#SN3aA=C(OC[$])[$],#SN3aB=C(ON[$])[$]}",0.23199768364429474,-0.35354459285736084,0.17758703231811523,
C1CSSS1,C1CSSS1,"{[#TC3]1[#TC6A][#TC6B]1}.{#TC3=C(C[$])[$],#TC6A=S(S[$])[$],#TC6B=S[$][$]}",1.173034906387329,1.4450905323028564,1.4055999517440796,
C1NNCNN1,C1NNCNN1,{[#SC3][#SC3]}.{#SC3=C(NN[$])[$]},1.2550722360610962,1.4463908672332764,1.3140956163406372,
C1OOOOO1,C1OOOOO1,"{[#SC3A][#SC3B]}.{#SC3A=C(OO[$])[$],#SC3B=O(O[$])O[$]}",1.2276016473770142,1.4461171627044678,1.3449422121047974,
C=CCCC=C,C=CCCC=C,{[#SC4][#SC4]}.{#SC4=C=CC[$]},1.2436162233352661,1.4465279579162598,1.327280044555664,
C=CCCCl,C=CCCCl,"{[#SC4][#TX3]}.{#SC4=C=CC[$],#TX3=ClC[$]}",1.221084713935852,1.4462820291519165,1.3525543212890625,
C=CCCCN,C=CCCCN,"{[#SC4][#SN6d]}.{#SC4=C=CC[$],#SN6d=NCC[$]}",0.2773503065109253,-0.35159730911254883,0.12856937944889069,
C=CCCCO,C=CCCCO,"{[#SC4][#SP1]}.{#SC4=C=CC[$],#SP1=OCC[$]}",0.2876238226890564,-0.25365644693374634,0.2419634759426117,
C=CCI,C=CCI,"{[#TC5][#SX1]}.{#SX1=IC[$],#TC5=C=C[$]}",1.2163746356964111,1.4462168216705322,1.3578193187713623,
C=CNCCN,C=CNCCN,"{[#SN5][#SN6d]}.{#SN5=C=CN[$],#SN6d=NCC[$]}",0.27300509810447693,-0.47249463200569153,-0.0208713561296463,
C=NCCCCl,C=NCCCCl,"{[#SN1a][#SX3]}.{#SN1a=C=NC[$],#SX3=ClCC[$]}",1.070651888847351,1.202675461769104,1.2123278379440308,
C=NCCCN,C=NCCCN,"{[#SN1a][#SN6d]}.{#SN1a=C=NC[$],#SN6d=NCC[$]}",0.5574115514755249,-0.05304373800754547,0.19174569845199585,
C[C@H]([C@@H](C)Cl)Cl,C[C@H]([C@@H](C)Cl)Cl,{[#SX3][#SX3]}.{#SX3=CC(Cl)[$]},1.2147083282470703,1.446348786354065,1.3598804473876953,
CC(C(C)O)O,CC(C(C)O)O,{[#SP1][#SP1]}.{#SP1=CC(O)[$]},-0.9358550906181335,-1.9082562923431396,-0.48137617111206055,
CC(C(F)Cl)Cl,CC(C(F)Cl)Cl,"{[#SX3][#SX4]}.{#SX3=CC(Cl)[$],#SX4=FC(Cl)[$]}",1.2145761251449585,1.4462894201278687,1.359954595565796,
CC(C(F)F)Cl,CC(C(F)F)Cl,"{[#SX3][#TX4]}.{#SX3=CC(Cl)[$],#TX4=FC(F)[$]}",1.193184733390808,1.4458695650100708,1.3837116956710815,
CC(C(F)F)F,CC(C(F)F)F,"{[#SX4e][#TX4]}.{#SX4e=CC(F)[$],#TX4=FC(F)[$]}",1.196108341217041,1.4458743333816528,1.3803974390029907,
CC(C(F)F)O,CC(C(F)F)O,"{[#SP1][#TX4]}.{#SP1=CC(O)[$],#TX4=FC(F)[$]}",-0.09652143716812134,-0.8195163607597351,-0.04433681443333626,
CC(C(O)O)N,CC(C(O)O)N,"{[#SN6d][#P4]}.{#P4=OC(O)[$],#SN6d=CC(N)[$]}",-0.5466384291648865,-1.7275079488754272,-0.692587673664093,
CC(C)C(C)N,CC(C)C(C)N,"{[#SC2][#SN6d]}.{#SC2=CC(C)[$],#SN6d=CC(N)[$]}",0.8700277209281921,0.525942325592041,0.5760382413864136,
CC(C)C(C)O,CC(C)C(C)O,"{[#SC2][#SP1]}.{#SC2=CC(C)[$],#SP1=CC(O)[$]}",0.40658318996429443,-0.06468711048364639,0.3481651544570923,
CC(C)C(I)I,CC(C)C(I)I,"{[#SC2][#X2]}.{#SC2=CC(C)[$],#X2=IC(I)[$]}",1.2431678771972656,1.4464789628982544,1.32772696018219,
CC(C)CCCBr,CC(C)CCCBr,"{[#SC2][#X2]}.{#SC2=CC(C)[$],#X2=BrCCC[$]}",1.2470983266830444,1.4464609622955322,1.3232395648956299,
CC(C)COOC,CC(C)COOC,"{[#SC2][#TP1dA][#TP1dB]}.{#SC2=CC(C)[$],#TP1dA=C(O[$])[$],#TP1dB=CO[$]}",0.3296232223510742,-0.16412664949893951,0.30858877301216125,
CC(C)CSCO,CC(C)CSCO,"{[#SC2][#TC6][#TP1d]}.{#SC2=CC(C)[$],#TC6=C(S[$])[$],#TP1d=OC[$]}",0.7277674674987793,0.5516515374183655,0.7704237103462219,
CC(C)CSSC,CC(C)CSSC,"{[#SC2][#TC6A][#TC6B]}.{#SC2=CC(C)[$],#TC6A=C(S[$])[$],#TC6B=CS[$]}",1.2075815200805664,1.446048378944397,1.3675906658172607,
CC(C)NCCBr,CC(C)NCCBr,"{[#SC2][#TN6d][#SX2]}.{#SC2=CC(C)[$],#SX2=BrC[$],#TN6d=C(N[$])[$]}",0.8666026592254639,0.7294648289680481,0.8398078680038452,
CC(C)OCCS,CC(C)OCCS,"{[#SC2][#TP1d][#TC6]}.{#SC2=CC(C)[$],#TC6=SC[$],#TP1d=C(O[$])[$]}",0.7126368284225464,0.5513673424720764,0.7872434854507446,
CC(C)SCCN,CC(C)SCCN,"{[#SC2][#TC6][#TN6d]}.{#SC2=CC(C)[$],#TC6=C(S[$])[$],#TN6d=NC[$]}",0.6637055277824402,0.42640504240989685,0.6832464933395386,
CC(C)SCOC,CC(C)SCOC,"{[#SC2][#TC6][#TP1d]}.{#SC2=CC(C)[$],#TC6=C(S[$])[$],#TP1d=CO[$]}",0.7097253799438477,0.5506742596626282,0.7896651029586792,
CC(CCCBr)F,CC(CCCBr)F,"{[#SX4e][#X2]}.{#SX4e=CC(F)[$],#X2=BrCCC[$]}",1.2304714918136597,1.4464709758758545,1.3421353101730347,
CC(CCCI)Br,CC(CCCI)Br,"{[#X2][#X1]}.{#X1=ICCC[$],#X2=CC(Br)[$]}",1.2423200607299805,1.4465051889419556,1.3287235498428345,
CC(CCCl)Cl,CC(CCCl)Cl,"{[#SX3A][#SX3B]}.{#SX3A=CC(Cl)[$],#SX3B=ClCC[$]}",1.214737892150879,1.4463493824005127,1.3598476648330688,
CC(CCCl)N,CC(CCCl)N,"{[#SN6d][#SX3]}.{#SN6d=CC(N)[$],#SX3=ClCC[$]}",0.6382871866226196,0.3837697505950928,0.657671332359314,
CC(CCCO)N,CC(CCCO)N,"{[#SN6d][#P1]}.{#P1=OCCC[$],#SN6d=CC(N)[$]}",0.35669413208961487,-0.25700658559799194,0.15924671292304993,
CC(CCCO)O,CC(CCCO)O,"{[#SP1][#P1]}.{#P1=OCCC[$],#SP1=CC(O)[$]}",0.17469649016857147,-0.2145857810974121,0.4200984835624695,
CC(CCCS)N,CC(CCCS)N,"{[#SN6d][#TC3][#TC6]}.{#SN6d=CC(N)[$],#TC3=C(C[$])[$],#TC6=SC[$]}",0.30787134170532227,-0.253823459148407,0.2187565565109253,
CC(CCF)CBr,CC(CCF)CBr,"{[#X2][#SX4e]}.{#SX4e=FCC[$],#X2=CC(CBr)[$]}",1.2305086851119995,1.4464712142944336,1.3420933485031128,
CC(CCF)NC,CC(CCF)NC,"{[#N5][#SX4e]}.{#N5=CNC(C)[$],#SX4e=FCC[$]}",1.2551945447921753,1.446179747581482,1.313686728477478,
CC(CCNC)Cl,CC(CCNC)Cl,"{[#SX3][#N5]}.{#N5=CNCC[$],#SX3=CC(Cl)[$]}",0.7431970834732056,0.5517556071281433,0.7530338764190674,
CC(CF)CF,CC(CF)CF,"{[#X4e][#TX4e]}.{#TX4e=FC[$],#X4e=CC(CF)[$]}",1.213905692100525,1.4462579488754272,1.3606761693954468,
CC(CNN)N,CC(CNN)N,"{[#SN6d][#P5d]}.{#P5d=NNC[$],#SN6d=CC(N)[$]}",0.0388791561126709,-0.7564418911933899,-0.11756288260221481,
CC(CO)CBr,CC(CO)CBr,"{[#P1][#SX2]}.{#P1=CC(CO)[$],#SX2=BrC[$]}",0.7889807224273682,0.5383262038230896,0.6838919520378113,
CC(CO)OCO,CC(CO)OCO,"{[#P1][#SP2]}.{#P1=CC(CO)[$],#SP2=OCO[$]}",0.14916613698005676,-0.3631477952003479,0.25939157605171204,
CC(COC)CF,CC(COC)CF,"{[#X4e][#SN3r]}.{#SN3r=COC[$],#X4e=CC(CF)[$]}",1.2540868520736694,1.4455139636993408,1.3140946626663208,
CC(COC)NC,CC(COC)NC,"{[#N5][#SN3r]}.{#N5=CNC(C)[$],#SN3r=COC[$]}",0.5738717913627625,0.08607646822929382,0.3506963849067688,
CC(COC)SC,CC(COC)SC,"{[#TC3][#SN3r]([#TC6])}.{#SN3r=COC[$],#TC3=CC[$][$],#TC6=CS[$]}",0.24269551038742065,-0.33462756872177124,0.18959343433380127,
CC(COCO)O,CC(COCO)O,"{[#SP1][#P2]}.{#P2=OCOC[$],#SP1=CC(O)[$]}",0.20227807760238647,-0.3530524671077728,0.21196690201759338,
CC(CS)CBr,CC(CS)CBr,"{[#TC3][#TC6]([#SX2])}.{#SX2=BrC[$],#TC3=CC[$][$],#TC6=SC[$]}",1.2059670686721802,1.4459186792373657,1.3692586421966553,
CC(NC)SC,CC(NC)SC,"{[#N5][#TC6]}.{#N5=CNC(C)[$],#TC6=CS[$]}",1.0724990367889404,0.10544131696224213,-0.19083605706691742,
CC1CCC1C,CC1CCC1C,"{[#TC4]1[#TC3][#TC4]1}.{#TC3=C(C[$])[$],#TC4=CC[$][$]}",1.2215551137924194,1.4463878870010376,1.3521547317504883,
CC1COOC1,CC1COOC1,"{[#TC4]1[#TN4a][#TN4a]1}.{#TC4=CC[$][$],#TN4a=C(O[$])[$]}",0.729863166809082,0.473864883184433,0.6687172055244446,
CC=CCCBr,CC=CCCBr,"{[#SC4][#X2]}.{#SC4=CC=C[$],#X2=BrCC[$]}",1.2349140644073486,1.4464266300201416,1.337033987045288,
CC=CCCl,CC=CCCl,"{[#SC4][#TX3]}.{#SC4=CC=C[$],#TX3=ClC[$]}",1.2210053205490112,1.4462813138961792,1.3526431322097778,
CC=CCCS,CC=CCCS,"{[#SC4][#SC6]}.{#SC4=CC=C[$],#SC6=SCC[$]}",1.223438024520874,1.4464151859283447,1.3500514030456543,
CCC(C)C(C)C,CCC(C)C(C)C,"{[#C1][#SC2]}.{#C1=CCC(C)[$],#SC2=CC(C)[$]}",1.2831541299819946,1.4458152055740356,1.2814688682556152,
CCC(C)CCF,CCC(C)CCF,"{[#C1][#SX4e]}.{#C1=CCC(C)[$],#SX4e=FCC[$]}",1.245559573173523,1.4463915824890137,1.3249000310897827,
CCC(C)CN,CCC(C)CN,"{[#C1][#TN6d]}.{#C1=CCC(C)[$],#TN6d=NC[$]}",0.7108445167541504,0.06413058191537857,0.16712141036987305,
CCC(C)COC,CCC(C)COC,"{[#C1][#SN3r]}.{#C1=CCC(C)[$],#SN3r=COC[$]}",0.9825707674026489,0.6189990639686584,0.5670549273490906,
CCC(C)OCO,CCC(C)OCO,"{[#C1][#SP2]}.{#C1=CCC(C)[$],#SP2=OCO[$]}",0.3352731168270111,-0.3414456844329834,0.07575209438800812,
CCC(C)SC,CCC(C)SC,"{[#C1][#TC6]}.{#C1=CCC(C)[$],#TC6=CS[$]}",1.2536805868148804,1.4464560747146606,1.3157590627670288,
CCC(CBr)NC,CCC(CBr)NC,"{[#SC2][#SX2]([#TN5])}.{#SC2=CCC[$][$],#SX2=BrC[$],#TN5=CN[$]}",1.2318862676620483,1.4463437795639038,1.340366244316101,
CCC(CC)CCl,CCC(CC)CCl,"{[#SC2][#TC3]([#TX3])}.{#SC2=CCC[$][$],#TC3=CC[$],#TX3=ClC[$]}",1.2413779497146606,1.446207880973816,1.3294132947921753,
CCC(CC)S,CCC(CC)S,"{[#TC3][#TC6][#TC3]}.{#TC3=CC[$],#TC6=SC[$][$]}",1.2030445337295532,1.4460375308990479,1.372728943824768,
CCC(CC)SCC,CCC(CC)SCC,"{[#SC2][#TC3]([#SC6])}.{#SC2=CCC[$][$],#SC6=CCS[$],#TC3=CC[$]}",1.2426016330718994,1.4463766813278198,1.3282389640808105,
CCC(CCCl)Br,CCC(CCCl)Br,"{[#X2][#SX3]}.{#SX3=ClCC[$],#X2=CCC(Br)[$]}",1.231013536453247,1.4464880228042603,1.341541051864624,
CCC(CCCl)N,CCC(CCCl)N,"{[#N6d][#SX3]}.{#N6d=CCC(N)[$],#SX3=ClCC[$]}",0.6496036648750305,0.371238112449646,0.6288179159164429,
CCC(CCl)NC,CCC(CCl)NC,"{[#SC2][#TX3]([#TN5])}.{#SC2=CCC[$][$],#TN5=CN[$],#TX3=ClC[$]}",0.8730076551437378,0.7987990379333496,0.9210673570632935,
CCC(CCl)OC,CCC(CCl)OC,"{[#SC2][#TX3]([#TN3r])}.{#SC2=CCC[$][$],#TN3r=CO[$],#TX3=ClC[$]}",0.9451988935470581,0.9371345639228821,1.01572585105896,
CCC(CCN)S,CCC(CCN)S,"{[#TC3][#TC6][#SN6d]}.{#SN6d=NCC[$],#TC3=CC[$],#TC6=SC[$][$]}",0.3779030442237854,-0.0836762934923172,0.35648804903030396,
CCC(CCS)Cl,CCC(CCS)Cl,"{[#X3][#SC6]}.{#SC6=SCC[$],#X3=CCC(Cl)[$]}",1.228322982788086,1.4464375972747803,1.3445326089859009,
CCC(CCS)S,CCC(CCS)S,"{[#TC3][#TC6][#SC6]}.{#SC6=SCC[$],#TC3=CC[$],#TC6=SC[$][$]}",1.1884275674819946,1.4456497430801392,1.3888335227966309,
CCC(CF)Cl,CCC(CF)Cl,"{[#X3][#TX4e]}.{#TX4e=FC[$],#X3=CCC(Cl)[$]}",1.2156904935836792,1.4463434219360352,1.3587586879730225,
CCC(CF)O,CCC(CF)O,"{[#P1][#TX4e]}.{#P1=CCC(O)[$],#TX4e=FC[$]}",0.6285520195960999,0.3103077709674835,0.5749230980873108,
CCC(CN)CO,CCC(CN)CO,"{[#SC2][#TN6d]([#TP1])}.{#SC2=CCC[$][$],#TN6d=NC[$],#TP1=OC[$]}",0.24366217851638794,-0.40696290135383606,0.09612958878278732,
CCC(CN)O,CCC(CN)O,"{[#P1][#TN6d]}.{#P1=CCC(O)[$],#TN6d=NC[$]}",0.30118998885154724,-0.3587805926799774,0.09232336282730103,
CCC(CO)Br,CCC(CO)Br,"{[#X2][#TP1]}.{#TP1=OC[$],#X2=CCC(Br)[$]}",-0.06862093508243561,-0.8185086846351624,-0.07473479211330414,
CCC(CO)CS,CCC(CO)CS,"{[#SC2][#TP1]([#TC6])}.{#SC2=CCC[$][$],#TC6=SC[$],#TP1=OC[$]}",-0.05675804615020752,-0.8202856183052063,-0.09047605097293854,
CCC(CO)S,CCC(CO)S,"{[#TC3][#TC6][#TP1]}.{#TC3=CC[$],#TC6=SC[$][$],#TP1=OC[$]}",0.20650282502174377,-0.13455316424369812,0.4861721992492676,
CCC(CS)F,CCC(CS)F,"{[#X4e][#TC6]}.{#TC6=SC[$],#X4e=CCC(F)[$]}",1.1994175910949707,1.44548761844635,1.3761457204818726,
CCC(N)NCC,CCC(N)NCC,"{[#N6d][#SN5]}.{#N6d=CCC(N)[$],#SN5=CCN[$]}",0.44804778695106506,-0.1793328821659088,0.15468379855155945,
CCC(NC)Cl,CCC(NC)Cl,"{[#X3][#TN5]}.{#TN5=CN[$],#X3=CCC(Cl)[$]}",1.2543730735778809,1.4457343816757202,1.3140511512756348,
CCC(NCC)O,CCC(NCC)O,"{[#P1][#SN5]}.{#P1=CCC(O)[$],#SN5=CCN[$]}",0.4919779896736145,-0.09676717221736908,0.21022391319274902,
CCC(OC)F,CCC(OC)F,"{[#X4e][#TN3r]}.{#TN3r=CO[$],#X4e=CCC(F)[$]}",1.236620306968689,1.444776177406311,1.3329883813858032,
CCC=C.CC=CC,CCC=C,{[#C4]}.{#C4=C=CCC},1.297448754310608,1.445439338684082,1.2647556066513062,
CCCC(C)(C)C,CCCC(C)(C)C,"{[#SC2][#SC1]}.{#SC1=CC(C)(C)[$],#SC2=CCC[$]}",1.2667185068130493,1.4462741613388062,1.3007198572158813,
CCCC(C)Br,CCCC(C)Br,"{[#SC2][#X2]}.{#SC2=CCC[$],#X2=CC(Br)[$]}",1.2445120811462402,1.4464695453643799,1.326188325881958,
CCCC(C)CCC,CCCC(C)CCC,"{[#SC2][#TC3][#SC2]}.{#SC2=CCC[$],#TC3=CC[$][$]}",1.2624945640563965,1.4463369846343994,1.3055973052978516,
CCCC(C)CF,CCCC(C)CF,"{[#SC2][#X4e]}.{#SC2=CCC[$],#X4e=CC(CF)[$]}",1.2411338090896606,1.4464232921600342,1.3299667835235596,
CCCC(C)CO,CCCC(C)CO,"{[#SC2][#P1]}.{#P1=CC(CO)[$],#SC2=CCC[$]}",0.3531395196914673,-0.32226499915122986,0.07995456457138062,
CCCC(C)S,CCCC(C)S,"{[#SC2][#SC6]}.{#SC2=CCC[$],#SC6=CC(S)[$]}",1.240322232246399,1.4465198516845703,1.3310105800628662,
CCCC(CBr)Cl,CCCC(CBr)Cl,"{[#SC2][#TX3][#SX2]}.{#SC2=CCC[$],#SX2=BrC[$],#TX3=ClC[$][$]}",1.2289119958877563,1.4463409185409546,1.3437401056289673,
CCCC(CBr)F,CCCC(CBr)F,"{[#SC2][#TX4e][#SX2]}.{#SC2=CCC[$],#SX2=BrC[$],#TX4e=FC[$][$]}",1.2210370302200317,1.446304202079773,1.352636456489563,
CCCC(CC)Br,CCCC(CC)Br,"{[#SC2][#X2]}.{#SC2=CCC[$],#X2=CCC(Br)[$]}",1.2471811771392822,1.4464600086212158,1.323144555091858,
CCCC(CCC)Br,CCCC(CCC)Br,"{[#SC2][#SX2][#SC2]}.{#SC2=CCC[$],#SX2=BrC[$][$]}",1.243908166885376,1.446445107460022,1.3268425464630127,
CCCC(CCC)S,CCCC(CCC)S,"{[#SC2][#TC6][#SC2]}.{#SC2=CCC[$],#TC6=SC[$][$]}",1.2293964624404907,1.446493148803711,1.3433842658996582,
CCCC(CI)O,CCCC(CI)O,"{[#SC2][#TP1d][#SX1]}.{#SC2=CCC[$],#SX1=IC[$],#TP1d=OC[$][$]}",1.007773518562317,1.0684148073196411,1.1122967004776,
CCCC(CN)F,CCCC(CN)F,"{[#SC2][#TX4e][#TN6d]}.{#SC2=CCC[$],#TN6d=NC[$],#TX4e=FC[$][$]}",0.6663479804992676,0.37642690539360046,0.616428017616272,
CCCC(CO)F,CCCC(CO)F,"{[#SC2][#TX4e][#TP1d]}.{#SC2=CCC[$],#TP1d=OC[$],#TX4e=FC[$][$]}",0.7025738954544067,0.5019095540046692,0.7355182766914368,
CCCC(NC)O,CCCC(NC)O,"{[#SC2][#TP1d][#TN6d]}.{#SC2=CCC[$],#TN6d=CN[$],#TP1d=OC[$][$]}",0.2821321189403534,-0.2534704804420471,0.24843767285346985,
CCCC(O)O,CCCC(O)O,"{[#SC2][#P4]}.{#P4=OC(O)[$],#SC2=CCC[$]}",-0.6994223594665527,-1.953202724456787,-0.80727219581604,
CCCCC(C)I,CCCCC(C)I,"{[#C1][#X1]}.{#C1=CCCC[$],#X1=CC(I)[$]}",1.2576041221618652,1.4463881254196167,1.3112163543701172,
CCCCCCCI,CCCCCCCI,"{[#C1][#X1]}.{#C1=CCCC[$],#X1=ICCC[$]}",1.259393572807312,1.4463698863983154,1.3091601133346558,
CCCCCCCN,CCCCCCCN,"{[#C1][#N6d]}.{#C1=CCCC[$],#N6d=NCCC[$]}",0.9057677388191223,0.6201320886611938,0.6557220220565796,
CCCCCCOC,CCCCCCOC,"{[#C1][#N3r]}.{#C1=CCCC[$],#N3r=COCC[$]}",1.0999599695205688,0.8649904131889343,0.7478510737419128,
CCCCCl,CCCCCl,"{[#SC2][#TX3]}.{#SC2=CCC[$],#TX3=ClC[$]}",1.232804536819458,1.4464761018753052,1.339491844177246,
CCCCCNCBr,CCCCCNCBr,"{[#C1][#TN6d][#SX2]}.{#C1=CCCC[$],#SX2=BrC[$],#TN6d=C(N[$])[$]}",0.9049310088157654,0.5298805832862854,0.5414295196533203,
CCCCCNOC,CCCCCNOC,"{[#C1][#TN6d][#TP1d]}.{#C1=CCCC[$],#TN6d=C(N[$])[$],#TP1d=CO[$]}",0.6632624864578247,0.07252585142850876,0.23187795281410217,
CCCCCOC,CCCCCOC,"{[#C1][#SN3r]}.{#C1=CCCC[$],#SN3r=COC[$]}",1.0661494731903076,0.6569114923477173,0.5205498933792114,
CCCCCOCN,CCCCCOCN,"{[#C1][#TP1d][#TN6d]}.{#C1=CCCC[$],#TN6d=NC[$],#TP1d=C(O[$])[$]}",0.44580715894699097,-0.0323914960026741,0.3448595106601715,
CCCCCOCS,CCCCCOCS,"{[#C1][#TP1d][#TC6]}.{#C1=CCCC[$],#TC6=SC[$],#TP1d=C(O[$])[$]}",0.821723997592926,0.6726919412612915,0.8182801604270935,
CCCCNCCCl,CCCCNCCCl,"{[#C1][#TN6d][#TX3]}.{#C1=CCCC[$],#TN6d=C(N[$])[$],#TX3=ClC[$]}",0.864480197429657,0.5041539669036865,0.5545165538787842,
CCCCOC,CCCCOC,"{[#SC2][#SN3r]}.{#SC2=CCC[$],#SN3r=COC[$]}",1.0088558197021484,0.8761813640594482,0.8656027317047119,
CCCCOCC,CCCCOCC,"{[#C1][#SN3r]}.{#C1=CCCC[$],#SN3r=CCO[$]}",0.991435170173645,0.6168795824050903,0.5542815923690796,
CCCCOCCCC,CCCCOCCCC,"{[#SC2][#SN3r][#SC2]}.{#SC2=CCC[$],#SN3r=C(OC[$])[$]}",1.0850509405136108,1.0677754878997803,1.023720622062683,
CCCCSCCBr,CCCCSCCBr,"{[#C1][#TC6][#SX2]}.{#C1=CCCC[$],#SX2=BrC[$],#TC6=C(S[$])[$]}",1.242982268333435,1.4459697008132935,1.327286958694458,
CCCCSCNC,CCCCSCNC,"{[#C1][#TC6][#TN6d]}.{#C1=CCCC[$],#TC6=C(S[$])[$],#TN6d=CN[$]}",0.761141300201416,0.559326171875,0.7423223257064819,
CCCI,CCCI,{[#X1]}.{#X1=CCCI},1.2487136125564575,1.4464653730392456,1.3214112520217896,
CCCN(C)OC,CCCN(C)OC,"{[#SC2][#TN6d][#TP1d]}.{#SC2=CCC[$],#TN6d=CN[$][$],#TP1d=CO[$]}",0.5271198153495789,0.08582557737827301,0.40346986055374146,
CCCNCCBr,CCCNCCBr,"{[#N5][#X2]}.{#N5=CCCN[$],#X2=BrCC[$]}",1.3045687675476074,1.443251132965088,1.2538756132125854,
CCCNCCI,CCCNCCI,"{[#N5][#X1]}.{#N5=CCCN[$],#X1=ICC[$]}",1.268646478652954,1.4461743831634521,1.298403263092041,
CCCNCCNC,CCCNCCNC,"{[#N5A][#N5B]}.{#N5A=CCCN[$],#N5B=CNCC[$]}",0.5913386344909668,0.019449323415756226,0.24578368663787842,
CCCNCCS,CCCNCCS,"{[#N5][#SC6]}.{#N5=CCCN[$],#SC6=SCC[$]}",0.7910727262496948,0.595598042011261,0.7546468377113342,
CCCNCNC,CCCNCNC,"{[#N5][#SN1]}.{#N5=CCCN[$],#SN1=CNC[$]}",0.5540393590927124,-0.01852451078593731,0.23965315520763397,
CCCNSCCC,CCCNSCCC,"{[#N5][#TC6][#TC3]}.{#N5=CCCN[$],#TC3=CC[$],#TC6=C(S[$])[$]}",1.0852234363555908,0.5500916838645935,0.3624878227710724,
CCCOC(C)F,CCCOC(C)F,"{[#N3r][#SX4e]}.{#N3r=CCCO[$],#SX4e=CC(F)[$]}",1.2471364736557007,1.4454845190048218,1.3219503164291382,
CCCOC(C)N,CCCOC(C)N,"{[#N3r][#SN6d]}.{#N3r=CCCO[$],#SN6d=CC(N)[$]}",0.6517342329025269,0.0186141487210989,0.17612989246845245,
CCCOC(O)O,CCCOC(O)O,"{[#N3r][#P4]}.{#N3r=CCCO[$],#P4=OC(O)[$]}",-0.7134993076324463,-1.9529695510864258,-0.7909878492355347,
CCCOCCCN,CCCOCCCN,"{[#N3r][#N6d]}.{#N3r=CCCO[$],#N6d=NCCC[$]}",0.5979810953140259,0.10370611399412155,0.34582841396331787,
CCCOCNCC,CCCOCNCC,"{[#N3r][#N5]}.{#N3r=CCCO[$],#N5=CCNC[$]}",0.6543145179748535,0.2302200347185135,0.4434007704257965,
CCCON(C)C,CCCON(C)C,"{[#N3r][#SN1]}.{#N3r=CCCO[$],#SN1=CN(C)[$]}",0.6966177225112915,0.24638411402702332,0.41599971055984497,
CCCONCC,CCCONCC,"{[#N3r][#SN5]}.{#N3r=CCCO[$],#SN5=CCN[$]}",0.687923789024353,0.03475434333086014,0.15564081072807312,
CCCONNC,CCCONNC,"{[#N3r][#P5d]}.{#N3r=CCCO[$],#P5d=CNN[$]}",0.07236980646848679,-0.7031115293502808,-0.08749856799840927,
CCCOSCCC,CCCOSCCC,"{[#N3r][#TC6][#TC3]}.{#N3r=CCCO[$],#TC3=CC[$],#TC6=C(S[$])[$]}",0.8079798221588135,0.7097240090370178,0.8811753988265991,
CCCSCSC,CCCSCSC,"{[#TC3][#TC6][#SC6]}.{#SC6=CSC[$],#TC3=CC[$],#TC6=C(S[$])[$]}",1.1874020099639893,1.4455907344818115,1.3899229764938354,
CCI(C)NC,CCI(C)NC,"{[#TC3][#SX1][#TN5]}.{#SX1=CI[$][$],#TC3=CC[$],#TN5=CN[$]}",1.2362642288208008,1.4464530944824219,1.3355339765548706,
CCN(C)CCF,CCN(C)CCF,"{[#N3a][#SX4e]}.{#N3a=CCN(C)[$],#SX4e=FCC[$]}",1.269386887550354,1.4455506801605225,1.2967660427093506,
CCN(C)CCO,CCN(C)CCO,"{[#N3a][#SP1]}.{#N3a=CCN(C)[$],#SP1=OCC[$]}",0.1882047951221466,-0.6011492013931274,-0.08884873986244202,
CCN(C)CSC,CCN(C)CSC,"{[#N3a][#SC6]}.{#N3a=CCN(C)[$],#SC6=CSC[$]}",0.6725279092788696,0.4268082082271576,0.6737419366836548,
CCN(C)SC,CCN(C)SC,"{[#N3a][#TC6]}.{#N3a=CCN(C)[$],#TC6=CS[$]}",0.6975180506706238,0.43989741802215576,0.6620761752128601,
CCN(CC)CN,CCN(CC)CN,"{[#SN3a][#TC3]([#TN6d])}.{#SN3a=CCN[$][$],#TC3=CC[$],#TN6d=NC[$]}",0.33102527260780334,-0.5182008147239685,-0.1451243907213211,
CCN(CC)SC,CCN(CC)SC,"{[#SN3a][#TC3]([#TC6])}.{#SN3a=CCN[$][$],#TC3=CC[$],#TC6=CS[$]}",0.8674497604370117,0.47493869066238403,0.5138388276100159,
CCN=NCC,CCN=NCC,{[#SN3a]=[#SN3a]}.{#SN3a=CCN[$]},0.46226489543914795,-0.0679473876953125,0.2807677090167999,
CCNC(C)CBr,CCNC(C)CBr,"{[#SN5][#X2]}.{#SN5=CCN[$],#X2=CC(CBr)[$]}",1.2549155950546265,1.4461755752563477,1.3139978647232056,
CCNC(C)CCl,CCNC(C)CCl,"{[#SN5][#X3]}.{#SN5=CCN[$],#X3=CC(CCl)[$]}",0.940960705280304,0.9079623818397522,0.9832888245582581,
CCNC(C)N,CCNC(C)N,"{[#SN5][#SN6d]}.{#SN5=CCN[$],#SN6d=CC(N)[$]}",0.3915433883666992,-0.25988632440567017,0.11599317938089371,
CCNC(C)S,CCNC(C)S,"{[#SN5][#SC6]}.{#SC6=CC(S)[$],#SN5=CCN[$]}",0.192024365067482,0.3504871428012848,1.1219648122787476,
CCNC(Cl)Cl,CCNC(Cl)Cl,"{[#SN5][#SX3h]}.{#SN5=CCN[$],#SX3h=ClC(Cl)[$]}",0.7860836386680603,0.6622527241706848,0.8454249501228333,
CCNC(O)O,CCNC(O)O,"{[#SN5][#P4]}.{#P4=OC(O)[$],#SN5=CCN[$]}",-0.6610859036445618,-1.9508413076400757,-0.8477935194969177,
CCNCC(C)F,CCNCC(C)F,"{[#N5][#SX4e]}.{#N5=CCNC[$],#SX4e=CC(F)[$]}",1.2554172277450562,1.4461678266525269,1.3134185075759888,
CCNCCCCS,CCNCCCCS,"{[#N5][#TC3][#TC6]}.{#N5=CCNC[$],#TC3=C(C[$])[$],#TC6=SC[$]}",1.0543203353881836,0.6303206086158752,0.5000297427177429,
CCNCCCN,CCNCCCN,"{[#N5][#SN6d]}.{#N5=CCNC[$],#SN6d=NCC[$]}",0.4618126451969147,-0.18270349502563477,0.13474802672863007,
CCNCI,CCNCI,"{[#SN5][#SX1]}.{#SN5=CCN[$],#SX1=IC[$]}",1.2400842905044556,1.4464800357818604,1.3312301635742188,
CCNCN(C)C,CCNCN(C)C,"{[#N5][#SN1]}.{#N5=CCNC[$],#SN1=CN(C)[$]}",0.6778686046600342,0.14761674404144287,0.31117475032806396,
CCNOCC,CCNOCC,"{[#SN5][#SN3r]}.{#SN3r=CCO[$],#SN5=CCN[$]}",0.5955014824867249,0.028756912797689438,0.252940833568573,
CCOC(C)Cl,CCOC(C)Cl,"{[#SN3r][#SX3]}.{#SN3r=CCO[$],#SX3=CC(Cl)[$]}",0.6893326044082642,0.6915177702903748,0.9926685094833374,
CCOC(C)CO,CCOC(C)CO,"{[#SN3r][#P1]}.{#P1=CC(CO)[$],#SN3r=CCO[$]}",0.6422874927520752,-0.5027073621749878,-0.47882211208343506,
CCOC(CO)O,CCOC(CO)O,"{[#SN3r][#P4]}.{#P4=OCC(O)[$],#SN3r=CCO[$]}",-0.7063841819763184,-1.9532066583633423,-0.7993713021278381,
CCOCC(C)F,CCOCC(C)F,"{[#N3r][#SX4e]}.{#N3r=CCOC[$],#SX4e=CC(F)[$]}",1.2486988306045532,1.445543646812439,1.32025146484375,
CCOCC(Cl)Cl,CCOCC(Cl)Cl,"{[#N3r][#SX3h]}.{#N3r=CCOC[$],#SX3h=ClC(Cl)[$]}",0.8849500417709351,0.7639103531837463,0.8629557490348816,
CCOCC=O,CCOCC=O,"{[#SN3r][#SN4a]}.{#SN3r=CCO[$],#SN4a=O=CC[$]}",0.4383091926574707,0.1200692281126976,0.548052966594696,
CCOCCCCCl,CCOCCCCCl,"{[#N3r][#X3]}.{#N3r=CCOC[$],#X3=ClCCC[$]}",1.0217386484146118,0.9583169221878052,0.9558521509170532,
CCOCCCO,CCOCCCO,"{[#N3r][#SP1]}.{#N3r=CCOC[$],#SP1=OCC[$]}",0.09892486780881882,-0.707144021987915,-0.12280454486608505,
CCOCCNC,CCOCCNC,"{[#N3r][#SN1]}.{#N3r=CCOC[$],#SN1=CNC[$]}",0.688524067401886,0.2471398413181305,0.4261561930179596,
CCOCOCC,CCOCOCC,"{[#N3r][#SN3r]}.{#N3r=CCOC[$],#SN3r=CCO[$]}",0.606173038482666,0.18972329795360565,0.44636133313179016,
CCONC=O,CCONC=O,"{[#SN3r][#SP3]}.{#SN3r=CCO[$],#SP3=O=CN[$]}",-0.3304430842399597,-0.7295200824737549,0.33623188734054565,
CCSC(C)O,CCSC(C)O,"{[#SC6][#SP1]}.{#SC6=CCS[$],#SP1=CC(O)[$]}",0.27182483673095703,-0.2537000775337219,0.25985002517700195,
CCSC=N,CCSC=N,"{[#SC6][#TN2]}.{#SC6=CCS[$],#TN2=N=C[$]}",0.711959183216095,0.6043520569801331,0.8556699752807617,
CCSCC=O,CCSCC=O,"{[#SC6][#SN4a]}.{#SC6=CCS[$],#SN4a=O=CC[$]}",0.7932089567184448,0.724553108215332,0.916885256767273,
CCSCCCCl,CCSCCCCl,"{[#TC3][#TC6][#SX3]}.{#SX3=ClCC[$],#TC3=CC[$],#TC6=C(S[$])[$]}",1.1896477937698364,1.4455877542495728,1.3873684406280518,
CCSCCCCN,CCSCCCCN,"{[#TC3][#TC6][#N6d]}.{#N6d=NCCC[$],#TC3=CC[$],#TC6=C(S[$])[$]}",0.4325198233127594,-0.2870110273361206,0.03482332080602646,
CCSCCN,CCSCCN,"{[#SC6][#SN6d]}.{#SC6=CCS[$],#SN6d=NCC[$]}",0.21112531423568726,-0.3532102108001709,0.20171771943569183,
CCSCCNC,CCSCCNC,"{[#TC3][#TC6][#SN1]}.{#SN1=CNC[$],#TC3=CC[$],#TC6=C(S[$])[$]}",0.8732038736343384,0.7648507952690125,0.8774958848953247,
CCSCN(C)C,CCSCN(C)C,"{[#TC3][#TC6][#SN1]}.{#SN1=CN(C)[$],#TC3=CC[$],#TC6=C(S[$])[$]}",1.0751738548278809,1.1042468547821045,1.0815083980560303,
CCSCN=C,CCSCN=C,"{[#SC6][#SN1a]}.{#SC6=CCS[$],#SN1a=C=NC[$]}",0.8388859033584595,0.7680263519287109,0.9205239415168762,
CCSN(C)C,CCSN(C)C,"{[#SC6][#SN1]}.{#SC6=CCS[$],#SN1=CN(C)[$]}",1.0193108320236206,1.0466452836990356,1.071396827697754,
CN(C)CCCBr,CN(C)CCCBr,"{[#SN1][#X2]}.{#SN1=CN(C)[$],#X2=BrCCC[$]}",1.257766604423523,1.4462740421295166,1.3108855485916138,
CN(C)CCCS,CN(C)CCCS,"{[#SN1][#TC3][#TC6]}.{#SN1=CN(C)[$],#TC3=C(C[$])[$],#TC6=SC[$]}",1.032930612564087,0.9283288717269897,0.9048503637313843,
CN(C)CNCN,CN(C)CNCN,"{[#SN1][#TN6dA][#TN6dB]}.{#SN1=CN(C)[$],#TN6dA=C(N[$])[$],#TN6dB=NC[$]}",0.41713181138038635,-0.2674110531806946,0.07732562720775604,
CN(C)COC,CN(C)COC,"{[#SN1][#SN3r]}.{#SN1=CN(C)[$],#SN3r=COC[$]}",0.7911602258682251,0.43529924750328064,0.5498604774475098,
CN(CI)CI,CN(CI)CI,"{[#TN6d][#SX1]([#SX1])}.{#SX1=IC[$],#TN6d=CN[$][$]}",1.2435283660888672,1.446320652961731,1.3271149396896362,
CN(CN)CI,CN(CN)CI,"{[#TN6dA][#TN6dB]([#SX1])}.{#SX1=IC[$],#TN6dA=CN[$][$],#TN6dB=NC[$]}",0.5091204643249512,0.041804805397987366,0.3677001893520355,
CN(CO)OC,CN(CO)OC,"{[#TN6d][#TP1d]([#TN3r])}.{#TN3r=CO[$],#TN6d=CN[$][$],#TP1d=OC[$]}",-0.7199254035949707,-1.9517052173614502,-0.7820755839347839,
CN=CI,CN=CI,"{[#TN6d]=[#SX1]}.{#SX1=IC[$],#TN6d=CN[$]}",1.245388150215149,1.4454071521759033,1.3238365650177002,
CNC(NC)NC,CNC(NC)NC,"{[#SN1][#TN5]([#TN5])}.{#SN1=CNC[$][$],#TN5=CN[$]}",0.4226735830307007,-0.26750648021698,0.07091020792722702,
CNC=CNC,CNC=CNC,{[#SN1]=[#SN1]}.{#SN1=CNC[$]},0.5033460855484009,-0.06934387981891632,0.23233096301555634,
CNCCC=O,CNCCC=O,"{[#SN1][#SN4a]}.{#SN1=CNC[$],#SN4a=O=CC[$]}",0.5765132308006287,0.08224058896303177,0.34279873967170715,
CNCCCBr,CNCCCBr,"{[#SN1][#X2]}.{#SN1=CNC[$],#X2=BrCC[$]}",1.2551538944244385,1.4462828636169434,1.3138644695281982,
CNCCCCBr,CNCCCCBr,"{[#N5][#X2]}.{#N5=CNCC[$],#X2=BrCC[$]}",1.1978480815887451,1.26604425907135,1.1487947702407837,
CNCCCCCCl,CNCCCCCCl,"{[#N5][#X3]}.{#N5=CNCC[$],#X3=ClCCC[$]}",0.8597694635391235,0.6709868907928467,0.772896945476532,
CNCCCNC,CNCCCNC,"{[#N5][#SN1]}.{#N5=CNCC[$],#SN1=CNC[$]}",0.5541456341743469,-0.018528006970882416,0.23952801525592804,
CNCCI,CNCCI,"{[#SN1][#SX1]}.{#SN1=CNC[$],#SX1=IC[$]}",1.246349573135376,1.4464550018310547,1.3240827322006226,
CNCCN(C)N,CNCCN(C)N,"{[#N5][#P5d]}.{#N5=CNCC[$],#P5d=CN(N)[$]}",0.08280692994594574,-0.7655563950538635,-0.17908751964569092,
CNCNCCO,CNCNCCO,"{[#TN6dB][#TN6dA][#SP1]}.{#SP1=OCC[$],#TN6dA=C(N[$])[$],#TN6dB=CN[$]}",-0.12227869033813477,-1.0619570016860962,-0.3246604800224304,
CNCNCNCN,CNCNCNCN,"{[#TN6dB][#TN6dA][#TN6dA][#TN6dC]}.{#TN6dA=C(N[$])[$],#TN6dB=CN[$],#TN6dC=NC[$]}",0.00818067230284214,-0.8757442235946655,-0.23503893613815308,
CNN(C)CCN,CNN(C)CCN,"{[#TN6dA][#TN6dB][#SN6d]}.{#SN6d=NCC[$],#TN6dA=CN[$],#TN6dB=CN[$][$]}",0.39659756422042847,-0.2617979049682617,0.10781271755695343,
CNN(C)SC,CNN(C)SC,"{[#TN6dA][#TN6dB][#TC6]}.{#TC6=CS[$],#TN6dA=CN[$],#TN6dB=CN[$][$]}",0.1222212016582489,-0.6775940656661987,-0.11152845621109009,
CNN(CN)CN,CNN(CN)CN,"{[#P5d][#TN6d]([#TN6d])}.{#P5d=CNN[$][$],#TN6d=NC[$]}",-0.15381138026714325,-1.146712064743042,-0.39707502722740173,
CNNCCCN,CNNCCCN,"{[#TN6dB][#TN6dA][#SN6d]}.{#SN6d=NCC[$],#TN6dA=C(N[$])[$],#TN6dB=CN[$]}",0.2931382656097412,-0.4305400252342224,0.009836983866989613,
COC=CBr,COC=CBr,"{[#SN3r]=[#SX2]}.{#SN3r=COC[$],#SX2=BrC[$]}",1.237597942352295,1.4460163116455078,1.3334616422653198,
COCC(O)OC,COCC(O)OC,"{[#SN3r][#P2]}.{#P2=COC(O)[$],#SN3r=COC[$]}",-0.09934078902006149,-0.8755068182945251,-0.11263008415699005,
COCCC(Cl)Cl,COCCC(Cl)Cl,"{[#N3r][#SX3h]}.{#N3r=COCC[$],#SX3h=ClC(Cl)[$]}",1.0379914045333862,0.9876677393913269,0.974873423576355,
COCCC(F)F,COCCC(F)F,"{[#N3r][#TX4]}.{#N3r=COCC[$],#TX4=FC(F)[$]}",0.6898317337036133,0.5434653162956238,0.8030518889427185,
COCCCCO,COCCCCO,"{[#N3r][#SP1]}.{#N3r=COCC[$],#SP1=OCC[$]}",0.09843789041042328,-0.7071287035942078,-0.12223193794488907,
COCCCCOC,COCCCCOC,{[#N3r][#N3r]}.{#N3r=COCC[$]},0.6283980011940002,0.204509437084198,0.4400027096271515,
COCCCOOC,COCCCOOC,"{[#N3r][#TP1dA][#TP1dB]}.{#N3r=COCC[$],#TP1dA=C(O[$])[$],#TP1dB=CO[$]}",0.27383604645729065,-0.9137943387031555,-0.5853148102760315,
COCCCS,COCCCS,"{[#SN3r][#SC6]}.{#SC6=SCC[$],#SN3r=COC[$]}",0.5741045475006104,0.3821280002593994,0.7284634113311768,
COCCl,COCCl,"{[#TP1d][#TX3]}.{#TP1d=CO[$],#TX3=ClC[$]}",-0.02589641697704792,-0.32681703567504883,0.5045912265777588,
COCSC,COCSC,"{[#SN3r][#TC6]}.{#SN3r=COC[$],#TC6=CS[$]}",-0.15241743624210358,-0.9040809869766235,-0.08884001523256302,
COOCC(F)F,COOCC(F)F,"{[#TP1dB][#TP1dA][#TX4]}.{#TP1dA=C(O[$])[$],#TP1dB=CO[$],#TX4=FC(F)[$]}",-0.19902314245700836,-0.892716109752655,-0.021401120349764824,
CSC(CN)O,CSC(CN)O,"{[#TC6][#TP1d][#TN6d]}.{#TC6=CS[$],#TN6d=NC[$],#TP1d=OC[$][$]}",-0.25131478905677795,-0.952193558216095,-0.037963517010211945,
CSC(CO)O,CSC(CO)O,"{[#TC6][#TP1d][#TP1]}.{#TC6=CS[$],#TP1=OC[$],#TP1d=OC[$][$]}",-0.15417349338531494,-0.9827682375907898,-0.1873224526643753,
CSCCC(O)O,CSCCC(O)O,"{[#TC6][#TC3][#P4]}.{#P4=OC(O)[$],#TC3=C(C[$])[$],#TC6=CS[$]}",-0.15185600519180298,-0.9567356109619141,-0.15671326220035553,
CSCCCl,CSCCCl,"{[#SC6][#TX3]}.{#SC6=CSC[$],#TX3=ClC[$]}",1.2044084072113037,1.4460692405700684,1.3712204694747925,
CSCCCS,CSCCCS,"{[#SC6A][#SC6B]}.{#SC6A=CSC[$],#SC6B=SCC[$]}",1.1992168426513672,1.4460375308990479,1.3770759105682373,
CSCCCSSC,CSCCCSSC,"{[#TC6B][#TC3][#TC6A][#TC6B]}.{#TC3=C(C[$])[$],#TC6A=C(S[$])[$],#TC6B=CS[$]}",1.1752580404281616,1.4451730251312256,1.4031803607940674,
CSCCSC,CSCCSC,{[#SC6][#SC6]}.{#SC6=CSC[$]},1.1984058618545532,1.4460153579711914,1.377968668937683,
CSCOCO,CSCOCO,"{[#SC6][#SP2]}.{#SC6=CSC[$],#SP2=OCO[$]}",0.14915473759174347,-0.4964739680290222,0.08915901929140091,
CSCSCSC,CSCSCSC,"{[#TC6B][#TC6A][#SC6]}.{#SC6=CSC[$],#TC6A=C(S[$])[$],#TC6B=CS[$]}",1.1664140224456787,1.444907307624817,1.412885069847107,
CSCSSCSC,CSCSSCSC,"{[#TC6B][#TC6A][#TC6A][#TC6B]}.{#TC6A=C(S[$])[$],#TC6B=CS[$]}",1.144587516784668,1.4436447620391846,1.4360592365264893,
CSSCCCO,CSSCCCO,"{[#TC6B][#TC6A][#SP1]}.{#SP1=OCC[$],#TC6A=C(S[$])[$],#TC6B=CS[$]}",0.11864706873893738,-0.35454702377319336,0.3050326704978943,
CSSCCSSC,CSSCCSSC,"{[#TC6B][#TC6A][#TC6A][#TC6B]}.{#TC6A=C(S[$])[$],#TC6B=CS[$]}",1.144587516784668,1.4436447620391846,1.4360592365264893,
1MIMI,Cn1ccnc1,"{[#TN1]1[#TC5][#TN6a]1}.{#TC5=C(=C[$])[$],#TN1=CN[$][$],#TN6a=C(=N[$])[$]}",0.18142925202846527,-0.5403106212615967,-0.003468890907242894,
2MPYR,Cc1ccccn1,"{[#SC4]1[#TC5][#TN6a]1}.{#SC4=CC(=C[$])[$],#TC5=C(=C[$])[$],#TN6a=C(=N[$])[$]}",0.5652942061424255,0.23203876614570618,0.5468183755874634,
2NIMX,Cc1c(c(ccc1)C)[N+](=O)[O-],"{[#SC4B]1[#SC4A][#TC5]1([#SN3a])}.{#SC4A=CC(=C[$])[$],#SC4B=CC(=C[$][$])[$],#SN3a=O=[N+]([O-])[$],#TC5=C(=C[$])[$]}",0.9063004851341248,0.9833869338035583,1.1189615726470947,
2NITL,Cc1ccccc1[N+](=O)[O-],"{[#SC4]1[#TC5A][#TC5B]1[#SN3a]}.{#SC4=CC(=C[$])[$],#SN3a=O=[N+]([O-])[$],#TC5A=C(=C[$])[$],#TC5B=C(=C[$][$])[$]}",0.8410984873771667,0.8528106808662415,1.0262728929519653,
2T,c1cc(sc1)c2cccs2,"{[#TC5A]1[#TC5B][#TC6]1([#TC5B]2[#TC5A][#TC6]2)}.{#TC5A=C(=C[$])[$],#TC5B=C(=C[$][$])[$],#TC6=S[$][$]}",1.1895464658737183,1.4457768201828003,1.3877251148223877,
3HT,CCCCCCc1ccsc1,"{[#SC2B][#SC2A][#TC5B]1[#TC5A][#TC6]1}.{#SC2A=C(C[$])C[$],#SC2B=CCC[$],#TC5A=C(=C[$])[$],#TC5B=C(=C[$][$])[$],#TC6=S[$][$]}",1.2409934997558594,1.4462765455245972,1.3299376964569092,
3PT,CCCc1ccsc1,"{[#SC2][#TC5B]1[#TC5A][#TC6]1}.{#SC2=CCC[$],#TC5A=C(=C[$])[$],#TC5B=C(=C[$][$])[$],#TC6=S[$][$]}",1.2265757322311401,1.446283221244812,1.3463197946548462,
4MIMI,[nH]1cc(nc1)C,"{[#TN6d]1[#SC4][#TN6a]1}.{#SC4=CC(=C[$])[$],#TN6a=C(=N[$])[$],#TN6d=N[$][$]}",-0.00971547793596983,-0.8209437727928162,-0.14473994076251984,
4NIAN,COc1ccc(cc1)[N+](=O)[O-],"{[#TN2a][#TC5B]1[#TC5B][#TC5A]1([#SN3a])}.{#SN3a=O=[N+]([O-])[$],#TC5A=C(=C[$])[$],#TC5B=C(=C[$][$])[$],#TN2a=CO[$]}",0.7806065082550049,0.7668025493621826,0.9851454496383667,
ACPH,CC(=O)c1ccccc1,"{[#SN4a][#TC5B]1[#TC5A][#TC5A]1}.{#SN4a=CC(=O)[$],#TC5A=C(=C[$])[$],#TC5B=C(=C[$][$])[$]}",0.882300853729248,0.8474356532096863,0.9726184606552124,
ANIL,Nc1ccccc1,"{[#SN6d]1[#TC5][#TC5]1}.{#SN6d=NC(=C[$])[$],#TC5=C(=C[$])[$]}",0.42569756507873535,-0.010755045339465141,0.3953244686126709,
ANTH,c1ccc2cc3ccccc3cc2c1,"{[#TC5B]2[#TC5B][#TC5C]3[#TC5D]1[#TC5A][#TC5A]1([#TC5C]23)}.{#TC5A=C(=C[$])[$],#TC5B=C(C[$])[$],#TC5C=C(C[$][$])[$],#TC5D=C(C[$][$])[$][$]}",1.2089487314224243,1.4462560415267944,1.3663030862808228,
BEAL,O=Cc1ccccc1,"{[#TN4a][#TC5B]1[#TC5A][#TC5A]1}.{#TC5A=C(=C[$])[$],#TC5B=C(=C[$][$])[$],#TN4a=O=C[$]}",0.919063150882721,0.9646883010864258,1.0805906057357788,
BENZ,c1ccccc1,{[#TC5]1[#TC5][#TC5]1}.{#TC5=C(=C[$])[$]},1.1977378129959106,1.4460135698318481,1.3787249326705933,
BRA,COc1ccc(cc1)Br,"{[#TN2a][#TC5B]1[#SX2][#TC5A]1}.{#SX2=BrC(=C[$])[$],#TC5A=C(=C[$])[$],#TC5B=C(=C[$][$])[$],#TN2a=CO[$]}",1.1054160594940186,1.2334449291229248,1.212138295173645,
BRBZ,c1ccc(cc1)Br,"{[#TC5]1[#SX2][#TC5]1}.{#SX2=BrC(=C[$])[$],#TC5=C(=C[$])[$]}",1.197588562965393,1.445852279663086,1.3786886930465698,
BZDOL,Oc1cc(ccc1)O,"{[#SN6]1[#SN6][#TC5]1}.{#SN6=OC(=C[$])[$],#TC5=C(=C[$])[$]}",-0.4060521423816681,-1.8468525409698486,-1.0046358108520508,
BZIM,c1ccc2c(c1)[nH]cn2,"{[#TC5A]1[#TC5A][#TC5B]12[#TN6d][#TN6a]2}.{#TC5A=C(C[$])[$],#TC5B=C(C[$][$])[$][$],#TN6a=C(=N[$])[$],#TN6d=N[$][$]}",0.681849479675293,0.47490787506103516,0.724574863910675,
BZNI,N#Cc1ccccc1,"{[#TN4a][#TC5B]1[#TC5A][#TC5A]1}.{#TC5A=C(=C[$])[$],#TC5B=C(=C[$][$])[$],#TN4a=N#C[$]}",0.9056161642074585,0.9239808320999146,1.043881893157959,
BZQU,c1cc(=O)ccc1=O,"{[#TC5]1[#TN6a][#TC5][#TN6a]1}.{#TC5=C(=C[$])[$],#TN6a=O=C[$][$]}",0.015618552453815937,-0.8219348788261414,-0.1747758835554123,
BZTA,n1c2ccccc2sc1,"{[#TN6a]2[#TC5B]1[#TC5A][#TC5A]1([#TC6]2)}.{#TC5A=C(C[$])[$],#TC5B=C(C[$][$])[$][$],#TC6=S[$][$],#TN6a=C(=N[$])[$]}",0.8708366751670837,0.8282480835914612,0.9611368179321289,
BZTF,c1ccc(cc1)C(F)(F)F,"{[#TC5A]1[#TC5B][#TC5A]1([#SX4e])}.{#SX4e=FC(F)(F)[$],#TC5A=C(=C[$])[$],#TC5B=C(=C[$][$])[$]}",1.1829622983932495,1.4453028440475464,1.394596815109253,
BZTH,c1c2ccccc2sc1,"{[#TC5A]2[#TC5C]1[#TC5B][#TC5B]1([#TC6]2)}.{#TC5A=C(=C[$])[$],#TC5B=C(C[$])[$],#TC5C=C(C[$][$])[$][$],#TC6=S[$][$]}",1.2025507688522339,1.4461085796356201,1.3733805418014526,
CAFF,Cn1cnc2n(C)c(=O)n(C)c(=O)c12,"{[#TN1]1[#TN6aA][#TC5]12[#TN1][#TN6aB][#TN1][#TN6aB]2}.{#TC5=C(=C[$][$])[$][$],#TN1=CN[$][$],#TN6aA=C(=N[$])[$],#TN6aB=O=C[$][$]}",0.12926462292671204,-0.6815822720527649,-0.12461972236633301,
CHEX,C1CCCCC1,{[#SC3][#SC3]}.{#SC3=C(C[$])C[$]},1.2804352045059204,1.4459835290908813,1.2847723960876465,
CHEXE,C1CCccC1,"{[#TC3]1[#TC3][#TC5]1}.{#TC3=C(C[$])[$],#TC5=C(=C[$])[$]}",1.2294788360595703,1.4464560747146606,1.3432437181472778,
CLBZ,Clc1ccccc1,"{[#SX3]1[#TC5][#TC5]1}.{#SX3=ClC(=C[$])[$],#TC5=C(=C[$])[$]}",1.1914747953414917,1.4457406997680664,1.3854889869689941,
CLPR,CC(C)OC(=O)Nc1cc(ccc1)Cl,"{[#SC2][#SP2][#TC5B]1[#SX3][#TC5A]1}.{#SC2=CC(C)[$],#SP2=O=C(N[$])O[$],#SX3=ClC(C[$])[$],#TC5A=C(C[$])[$],#TC5B=C(C[$][$])[$]}",0.9263124465942383,0.9156679511070251,1.009763479232788,
CLTL,Cc1c(cccc1)Cl,"{[#SC4]1[#SX3][#TC5]1}.{#SC4=CC(C[$])[$],#SX3=ClC(C[$])[$],#TC5=C(C[$])[$]}",1.2250865697860718,1.4462798833847046,1.3480068445205688,
CNAP,Clc2cccc1ccccc12,"{[#SX3]1[#TC5A][#TC5e]12[#TC5B][#TC5B]2}.{#SX3=ClC(=C[$])[$],#TC5A=C(=C[$])[$],#TC5B=C(C[$])[$],#TC5e=C(C[$][$])[$][$]}",1.2081974744796753,1.446184515953064,1.3670648336410522,
CPR,C1CC1,{[#SC3]}.{#SC3=C1CC1},1.2741446495056152,1.446141004562378,1.2921168804168701,
CUME,CC(C)c1ccccc1,"{[#SC2][#TC5B]1[#TC5A][#TC5A]1}.{#SC2=CC(C)[$],#TC5A=C(=C[$])[$],#TC5B=C(=C[$][$])[$]}",1.2285734415054321,1.4463856220245361,1.3441810607910156,
CYPE,C1CCCC1,"{[#TC3][#SC3]}.{#SC3=C(C[$])C[$],#TC3=C(C[$])[$]}",1.2677375078201294,1.4462668895721436,1.2995539903640747,
CYPO,C1CCC(=O)C1,"{[#SC3][#TN6a]}.{#SC3=C(C[$])C[$],#TN6a=O=C(C[$])[$]}",0.20993579924106598,-0.4680260717868805,0.05645884573459625,
CYPOL,C1CCC(C1)O,"{[#SC3][#SN6]}.{#SC3=C(C[$])C[$],#SN6=OC(C[$])[$]}",0.12680058181285858,-0.6334386467933655,-0.06034631282091141,
DBRBZ,c1ccc(c(c1)Br)Br,"{[#TC5]1[#SX2][#SX2]1}.{#SX2=BrC(=C[$])[$],#TC5=C(=C[$])[$]}",1.2027276754379272,1.4460407495498657,1.3730930089950562,
DCLBZ,Clc1cccc(Cl)c1,"{[#SX3]1[#TC5][#SX3]1}.{#SX3=ClC(=C[$])[$],#TC5=C(=C[$])[$]}",1.1921807527542114,1.4457978010177612,1.3847602605819702,
DIOX,O1CCOCC1,{[#SN3a][#SN3a]}.{#SN3a=C(OC[$])[$]},0.5148578882217407,0.19765302538871765,0.5601885318756104,
DMAN,CN(C)c1ccccc1,"{[#SN1][#TC5B]1[#TC5A][#TC5A]1}.{#SN1=CN(C)[$],#TC5A=C(=C[$])[$],#TC5B=C(=C[$][$])[$]}",1.070068120956421,1.1042282581329346,1.0872825384140015,
DMBZQ,Cc1cc(=O)c(cc1=O)C,"{[#SC4]1[#TN6a][#SC4][#TN6a]1}.{#SC4=CC(=C[$])[$],#TN6a=O=C[$][$]}",0.26905736327171326,-0.4357081949710846,0.030584897845983505,
DXLA,O1CCOC1,"{[#SN5a][#TC3]}.{#SN5a=C(O[$])O[$],#TC3=C(C[$])[$]}",0.10541588813066483,-0.6462244391441345,-0.052387312054634094,
EBEN,CCc1ccccc1,"{[#TC3][#TC5B]1[#TC5A][#TC5A]1}.{#TC3=CC[$],#TC5A=C(=C[$])[$],#TC5B=C(=C[$][$])[$]}",1.2198138236999512,1.4462815523147583,1.3539959192276,
ENAPH,CCc1cccc2ccccc21,"{[#TC3][#TC5B]1[#TC5A][#TC5e]12[#TC5C][#TC5C]2}.{#TC3=CC[$],#TC5A=C(=C[$])[$],#TC5B=C(=C[$][$])[$],#TC5C=C(C[$])[$],#TC5e=C(C[$][$])[$][$]}",1.2170748710632324,1.4462956190109253,1.3571250438690186,
FURA,c1ccoc1,"{[#TC5]1[#TC5][#TN2a]1}.{#TC5=C(=C[$])[$],#TN2a=O[$][$]}",1.2313814163208008,1.446401596069336,1.3410131931304932,
IMID,c1cnc[nH]1,"{[#TC5]1[#TN6a][#TN6d]1}.{#TC5=C(=C[$])[$],#TN6a=C(=N[$])[$],#TN6d=N[$][$]}",-0.21219944953918457,-1.1994059085845947,-0.3980526030063629,
INDA,c2ccc1[nH]ncc1c2,"{[#TC5A]1[#TC5A][#TC5B]12[#TN6d][#TN6a]2}.{#TC5A=C(C[$])[$],#TC5B=C(C[$][$])[$][$],#TN6a=C(=N[$])[$],#TN6d=N[$][$]}",0.681849479675293,0.47490787506103516,0.724574863910675,
INDO,C1=CC=C2C(=C1)C=CN2,"{[#TC5B]1[#TC5B][#TC5C]12[#TC5A][#TN6d]2}.{#TC5A=C(=C[$])[$],#TC5B=C(C[$])[$],#TC5C=C(C[$][$])[$][$],#TN6d=N[$][$]}",0.9639327526092529,0.9827528595924377,1.0527013540267944,
IOBZ,c1ccc(cc1)I,"{[#TC5]1[#X1][#TC5]1}.{#TC5=C(=C[$])[$],#X1=IC(=C[$])[$]}",1.2103357315063477,1.4462202787399292,1.3646817207336426,
IOPHE,c1ccc(c(c1)O)I,"{[#TC5]1[#X1][#SN6]1}.{#SN6=OC(=C[$])[$],#TC5=C(=C[$])[$],#X1=IC(=C[$])[$]}",0.6942261457443237,0.4166092574596405,0.6360778212547302,
MBZOA,COC(=O)c1ccccc1,"{[#N4a][#TC5B]1[#TC5A][#TC5A]1}.{#N4a=COC(=O)[$],#TC5A=C(=C[$])[$],#TC5B=C(=C[$][$])[$]}",0.7853962779045105,0.6930835247039795,0.8855736255645752,
MCYPE,CC1CCCC1,"{[#SC3B][#SC3A]}.{#SC3A=C(C[$])C[$],#SC3B=CC(C[$])[$]}",1.2802989482879639,1.4459846019744873,1.284928560256958,
MESI,Cc1cc(cc(c1)C)C,{[#SC4]1[#SC4][#SC4]1}.{#SC4=CC(=C[$])[$]},1.232604742050171,1.4464844465255737,1.3397291898727417,
MIND,c1cccc2c1c(c[nH]2)C,"{[#TC5A]1[#TC5A][#TC5B]12[#SC4][#TN6d]2}.{#SC4=CC(=C[$])[$],#TC5A=C(=C[$])[$],#TC5B=C(=C[$][$])[$][$],#TN6d=N[$][$]}",1.021812915802002,1.0886303186416626,1.122166633605957,
MINDA,Cn1c2ccccc2cn1,"{[#TN1]2[#TC5B]1[#TC5A][#TC5A]1([#TN6a]2)}.{#TC5A=C(C[$])[$],#TC5B=C(C[$][$])[$][$],#TN1=CN[$][$],#TN6a=C(=N[$])[$]}",0.898776113986969,0.7909443378448486,0.8817740082740784,
MNAP,Cc2cccc1ccccc12,"{[#SC4]1[#TC5A][#TC5e]12[#TC5B][#TC5B]2}.{#SC4=CC(=C[$])[$],#TC5A=C(=C[$])[$],#TC5B=C(C[$])[$],#TC5e=C(C[$][$])[$][$]}",1.2183151245117188,1.44636869430542,1.3558100461959839,
MXYLE,Cc1cccc(c1)C,"{[#SC4]1[#TC5][#SC4]1}.{#SC4=CC(=C[$])[$],#TC5=C(=C[$])[$]}",1.2257858514785767,1.4464162588119507,1.3473862409591675,
NAPH,c1ccc2ccccc2c1,"{[#TC5B]1[#TC5B][#TC5e]12[#TC5A][#TC5A]2}.{#TC5A=C(=C[$])[$],#TC5B=C(C[$])[$],#TC5e=C(C[$][$])[$][$]}",1.2091796398162842,1.4462536573410034,1.366037368774414,
NAPY,c1ccc2ncccc2n1,"{[#TN6aB]1[#TC5B][#TC5e]12[#TN6aA][#TC5A]2}.{#TC5A=C(=C[$])[$],#TC5B=C(C[$])[$],#TC5e=C(C[$][$])[$][$],#TN6aA=C(=N[$])[$],#TN6aB=C(N[$])[$]}",0.3284009099006653,-0.259568989276886,0.18810562789440155,
NBAPH,Oc1ccccc1NC(=O)OC(C)(C)(C),"{[#SN6]1[#TC5A][#TC5B]1[#SP2][#SC1]}.{#SC1=CC(C)(C)[$],#SN6=OC(=C[$])[$],#SP2=O=C(N[$])O[$],#TC5A=C(=C[$])[$],#TC5B=C(=C[$][$])[$]}",0.44805413484573364,-0.027706794440746307,0.34828948974609375,
NDMBI,CN(C)c1ccc(cc1)C2N(C)c3ccccc3N2C,"{[#SN1A][#TC5B]1[#TC5B][#TC5A]1([#SN1B]3[#TC5D]2[#TC5C][#TC5C]2([#TN1]3))}.{#SN1A=CN(C)[$],#SN1B=CN(C[$][$])[$],#TC5A=C(=C[$])[$],#TC5B=C(=C[$][$])[$],#TC5C=C(C[$])[$],#TC5D=C(C[$][$])[$][$],#TN1=CN[$][$]}",1.0141292810440063,0.9767758250236511,0.9880635738372803,
NIBZ,c1ccc(cc1)[N+](=O)[O-],"{[#TC5A]1[#TC5B][#TC5A]1([#SN3a])}.{#SN3a=O=[N+]([O-])[$],#TC5A=C(=C[$])[$],#TC5B=C(=C[$][$])[$]}",0.7677265405654907,0.8095201849937439,1.0543193817138672,
OMA,COc1ccccc1C,"{[#TN2a][#TC5B]1[#TC5A][#SC4]1}.{#SC4=CC(=C[$])[$],#TC5A=C(=C[$])[$],#TC5B=C(=C[$][$])[$],#TN2a=CO[$]}",1.1350215673446655,1.267287254333496,1.2217307090759277,
OXYLE,Cc1c(C)cccc1,"{[#SC4]1[#SC4][#TC5]1}.{#SC4=CC(C[$])[$],#TC5=C(C[$])[$]}",1.2391645908355713,1.446513295173645,1.3323169946670532,
PBEN,CCCc1ccccc1,"{[#SC2][#TC5B]1[#TC5A][#TC5A]1}.{#SC2=CCC[$],#TC5A=C(=C[$])[$],#TC5B=C(=C[$][$])[$]}",1.2286325693130493,1.4463863372802734,1.3441147804260254,
PBZOA,CCCOC(=O)c1ccccc1,"{[#SC2][#SN4a][#TC5B]1[#TC5A][#TC5A]1}.{#SC2=CCC[$],#SN4a=O=C(O[$])[$],#TC5A=C(=C[$])[$],#TC5B=C(=C[$][$])[$]}",1.049777865409851,1.1670589447021484,1.1905542612075806,
PCRE,Cc1ccc(O)cc1,"{[#TC4]1[#TC5B][#TN6][#TC5A]1}.{#TC4=CC[$][$],#TC5A=C(=C[$])[$],#TC5B=C(C[$])[$],#TN6=OC[$][$]}",0.8530120849609375,0.7664461135864258,0.9024637937545776,
PCYM,c1cc(ccc1C(C)C)C,"{[#TC5B]1[#SC4][#TC5A]1([#SC2])}.{#SC2=CC(C)[$],#SC4=CC(C[$])[$],#TC5A=C(C[$])[$],#TC5B=C(C[$][$])[$]}",1.2394883632659912,1.44650137424469,1.331933856010437,
PHEN,c1ccc(cc1)O,"{[#TC5]1[#SN6][#TC5]1}.{#SN6=OC(=C[$])[$],#TC5=C(=C[$])[$]}",0.23690000176429749,-0.3843029737472534,0.13274386525154114,
PIPER,C1CCNCC1,"{[#SC3][#SN6d]}.{#SC3=C(C[$])C[$],#SN6d=C(NC[$])[$]}",0.38776206970214844,-0.16388197243213654,0.24287641048431396,
PXYLE,Cc1ccc(C)cc1,"{[#TC4]1[#TC5B][#TC4][#TC5A]1}.{#TC4=CC[$][$],#TC5A=C(=C[$])[$],#TC5B=C(C[$])[$]}",1.2108227014541626,1.4461811780929565,1.3640789985656738,
PYAZ,c1ccnnc1,"{[#TC5]1[#TC5][#TN1a]1}.{#TC5=C(C[$])[$],#TN1a=N(N[$])[$]}",0.7207689881324768,0.5994421243667603,0.8393952250480652,
PYLI,C1CCNC1,"{[#SC3][#TN6d]}.{#SC3=C(C[$])C[$],#TN6d=C(N[$])[$]}",0.2223217636346817,-0.46828681230545044,0.0420597642660141,
PYMI,c1cncnc1,"{[#TC5]1[#TN6a][#TN6a]1}.{#TC5=C(=C[$])[$],#TN6a=C(=N[$])[$]}",-0.4845461845397949,-1.9144395589828491,-1.0017974376678467,
PYRI,c1ccncc1,"{[#TC5]1[#TN6a][#TC5]1}.{#TC5=C(=C[$])[$],#TN6a=C(=N[$])[$]}",0.05171531066298485,-0.7177209854125977,-0.0826970636844635,
PYRR,[nH]1cccc1,"{[#TN6d]1[#TC5][#TC5]1}.{#TC5=C(=C[$])[$],#TN6d=N[$][$]}",0.492070734500885,0.0866374522447586,0.44430971145629883,
QUIN,n1cccc2ccccc12,"{[#TN6a]1[#TC5A][#TC5e]12[#TC5B][#TC5B]2}.{#TC5A=C(=C[$])[$],#TC5B=C(C[$])[$],#TC5e=C(C[$][$])[$][$],#TN6a=C(=N[$])[$]}",0.7994903922080994,0.7091726064682007,0.8901119232177734,
STYR,c1ccccc1C=C,"{[#TC5A]1[#TC5A][#TC5B]1[#TC5C]}.{#TC5A=C(=C[$])[$],#TC5B=C(=C[$][$])[$],#TC5C=C=C[$]}",1.2017018795013428,1.4460718631744385,1.374297857284546,
TCLBZ,Clc1ccc(Cl)c(Cl)c1,{[#SX3]1[#SX3][#SX3]1}.{#SX3=ClC(=C[$])[$]},1.1959517002105713,1.445970058441162,1.3806978464126587,
TDMBI,CCOCCOCCOCCOc1ccc(cc1)C2N(C)c3ccccc3N2C,"{[#N3rB][#N3rA][#P4][#TC5B]1[#TC5B][#TC5A]1([#SN1]3[#TC5D]2[#TC5C][#TC5C]2([#TN1]3))}.{#N3rA=C(C[$])OC[$],#N3rB=CCOC[$],#P4=C(CO[$])O[$],#SN1=CN(C[$][$])[$],#TC5A=C(=C[$])[$],#TC5B=C(=C[$][$])[$],#TC5C=C(C[$])[$],#TC5D=C(C[$][$])[$][$],#TN1=CN[$][$]}",0.6622067093849182,0.3912622034549713,0.6400742530822754,
TECE,c34cc2cc1ccccc1cc2cc3cccc4,"{[#TC5D]24[#TC5C]3[#TC5C]1[#TC5B][#TC5B][#TC5C]1[#TC5C]23([#TC5A][#TC5A]4)}.{#TC5A=C(=C[$])[$],#TC5B=C(C[$])[$],#TC5C=C(C[$][$])[$],#TC5D=C(C[$][$])[$][$]}",1.2087852954864502,1.4462535381317139,1.3664857149124146,
THAZ,n1ccsc1,"{[#TN6a]1[#TC5][#TC6]1}.{#TC5=C(=C[$])[$],#TC6=S[$][$],#TN6a=C(=N[$])[$]}",0.03449751436710358,-0.6783546209335327,-0.012876510620117188,
THF,C1CCOC1,"{[#SC3][#TN4a]}.{#SC3=C(C[$])C[$],#TN4a=C(O[$])[$]}",0.5131329298019409,0.08526688069105148,0.41864049434661865,
THIO,c1ccsc1,"{[#TC5]1[#TC5][#TC6]1}.{#TC5=C(=C[$])[$],#TC6=S[$][$]}",1.189612627029419,1.445784091949463,1.3876588344573975,
THP,O1CCCCC1,"{[#SN4a][#SC3]}.{#SC3=C(C[$])C[$],#SN4a=C(OC[$])[$]}",1.0048284530639648,0.8728242516517639,0.8658896684646606,
THPH,Sc1ccccc1,"{[#SC6]1[#TC5][#TC5]1}.{#SC6=SC(=C[$])[$],#TC5=C(=C[$])[$]}",1.1923394203186035,1.4458497762680054,1.3846465349197388,
THPY,c1cncc2c1ccs2,"{[#TC5A]1[#TN6a][#TC5B]12[#TC5A][#TC6]2}.{#TC5A=C(=C[$])[$],#TC5B=C(=C[$][$])[$][$],#TC6=S[$][$],#TN6a=C(=N[$])[$]}",0.4860994815826416,0.3456057906150818,0.7817702889442444,
THT,S1CCCC1,"{[#SC6][#TC3]}.{#SC6=C(SC[$])[$],#TC3=C(C[$])[$]}",1.214714765548706,1.4462506771087646,1.359748125076294,
TOLU,Cc1ccccc1,"{[#SC4]1[#TC5][#TC5]1}.{#SC4=CC(=C[$])[$],#TC5=C(=C[$])[$]}",1.213746190071106,1.446287751197815,1.3608953952789307,
XBZ,COc1ccccc1,"{[#TN2a][#TC5B]1[#TC5A][#TC5A]1}.{#TC5A=C(=C[$])[$],#TC5B=C(=C[$][$])[$],#TN2a=CO[$]}",1.1060694456100464,1.2335457801818848,1.2115247249603271,
XNAPH,COc1cccc2ccccc21,"{[#TN2a][#TC5B]1[#TC5A][#TC5e]12[#TC5C][#TC5C]2}.{#TC5A=C(=C[$])[$],#TC5B=C(=C[$][$])[$],#TC5C=C(C[$])[$],#TC5e=C(C[$][$])[$][$],#TN2a=CO[$]}",1.1519490480422974,1.324731707572937,1.2758585214614868,
TPCN00001,C=CC1C(OC2OC(CO)C(O)C(O)C2O)OC=C(C(=O)OC5CC3C(C(=O)OC)=COC(OC4OC(CO)C(O)C(O)C4O)C3C5C)C1CC(O)OC,"{[#TC5B][#TC3B]2[#TN4aB][#SP4B]1[#TN4aB][#TP1]([#SP4A]1)([#TC5A]2[#SN4aB][#SC3]3[#TC3A][#N4a](=[#TN4aA][#TN6A]3[#SN4aA]4[#TP1]([#SP4A][#TN6B]4)))([#P2])}.{#N4a=COC(=O)[$],#P2=COC(O)C[$],#SC3=CC(C[$][$])C[$][$],#SN4aA=O(C[$][$])C[$][$],#SN4aB=O=C(O[$])[$],#SP4A=OC(C(O)[$])[$],#SP4B=OC(C(O[$])[$])[$],#TC3A=C(C(C[$][$])[$])[$],#TC3B=C(C[$][$])[$][$],#TC5A=C(=C[$][$])[$],#TC5B=C=C[$],#TN4aA=C(O[$])[$],#TN4aB=O(C[$][$])[$],#TN6A=O(C[$][$])[$],#TN6B=OC[$][$],#TP1=OC[$]}",-0.0356423556804657,-0.7677702903747559,-0.04739857465028763,
TPCN00002,C=CC1C(OC2OC(CO)C(O)C(O)C2O)OC=C(C(=O)OC7CC3C(C(=O)OC)=COC(OC4OC(CO)C(O)C(O)C4O)C3C7C)C1CC5NC(C(=O)O)Cc8c5[nH]c6ccccc86,"{[#TC5E][#TC3B]2[#TN4aB][#SP4B]1[#TN4aB][#TP1]([#SP4A]1)([#TC5A]2[#SN4aB][#SC3]3[#TC3A][#N4a](=[#TN4aA][#TN6A]3[#SN4aA]4[#TP1]([#SP4A][#TN6B]4)))([#TC4]5[#SN6d][#SP2]([#TC5B]56[#TN6d][#TC5D]67[#TC5C][#TC5C]7))}.{#N4a=COC(=O)[$],#SC3=CC(C[$][$])C[$][$],#SN4aA=O(C[$][$])C[$][$],#SN4aB=O=C(O[$])[$],#SN6d=C(C(N[$])[$])[$],#SP2=O=C(O)[$],#SP4A=OC(C(O)[$])[$],#SP4B=OC(C(O[$])[$])[$],#TC3A=C(C(C[$][$])[$])[$],#TC3B=C(C[$][$])[$][$],#TC4=C(C[$][$])[$],#TC5A=C(=C[$][$])[$],#TC5B=C(=C[$][$])[$][$],#TC5C=C(C[$])[$],#TC5D=C(C[$][$])[$][$],#TC5E=C=C[$],#TN4aA=C(O[$])[$],#TN4aB=O(C[$][$])[$],#TN6A=O(C[$][$])[$],#TN6B=OC[$][$],#TN6d=N[$][$],#TP1=OC[$]}",0.19981664419174194,-0.36762961745262146,0.19614824652671814,
TPCN00003,CC(C)=CC1OC(=O)C(=CCOC2OC(COC(=O)C=Cc3ccc(O)cc3)C(O)C(O)C2O)C1O,"{[#SC4][#TN4a]1[#TN6a][#SN6B]1=[#SN3r][#SN4a]3[#N4a][#TC5A][#TC5B]2[#SN6A][#TC5A]2([#SP4][#TN6]3)}.{#N4a=O=C(OC[$])[$],#SC4=CC(C)=C[$],#SN3r=C(C[$])O[$],#SN4a=O(C[$][$])C[$][$],#SN6A=OC(=C[$])[$],#SN6B=OC(C[$][$])[$],#SP4=OC(C(O)[$])[$],#TC5A=C(=C[$])[$],#TC5B=C(=C[$][$])[$],#TN4a=O(C[$][$])[$],#TN6=OC[$][$],#TN6a=O=C[$][$]}",0.24958278238773346,-0.29710179567337036,0.22968891263008118,
TPCN00004,CC=C1C(OC2OC(CO)C(O)C(O)C2O)OC=C(C(=O)OC)C1CC(=O)OCC4C(C)C(OC(=O)CC5C(C(=O)OC)=COC(OC3OC(CO)C(O)C(O)C3O)C5=CC)CC4C(C)CO,"{[#TC3B]=[#TC3A]2[#TN4a][#SP4B]1[#TN4a][#TP1]([#SP4A]1)([#TC5]2[#N4aA])([#N4aB][#SC4][#SC3][#SN4a][#TC3A]3[#TC5][#N4aA]([#TN4a]3[#SP4B]4[#TN4a][#TP1]([#SP4A]4))(=[#TC3B])([#P1]))}.{#N4aA=COC(=O)[$],#N4aB=O=C(C[$])OC[$],#P1=CC(CO)[$],#SC3=C(C[$][$])C[$][$],#SC4=CC(C[$][$])[$],#SN4a=O=C(C[$])O[$],#SP4A=OC(C(O)[$])[$],#SP4B=OC(C(O[$])[$])[$],#TC3A=C(C[$][$])[$][$],#TC3B=CC[$],#TC5=C(=C[$][$])[$],#TN4a=O(C[$][$])[$],#TP1=OC[$]}",0.030271656811237335,-0.6427626013755798,0.037370193749666214,
TPCN00005,CC=C(C)C(=O)OC12CC(C(=O)C=C1C)C2(C)C,"{[#C4][#SN4a][#SC3]1[#TN6a][#SC4A]1([#SC4B])}.{#C4=CC=C(C)[$],#SC3=C(C[$][$])C[$][$][$],#SC4A=CC(=C[$])[$],#SC4B=CC(C)[$][$],#SN4a=O=C(O[$])[$],#TN6a=O=C[$][$]}",0.970365047454834,0.9708043336868286,1.0301395654678345,
TPCN00006,COC(=O)C1=COC(OC2OC(CO)C(O)C(O)C2O)C3C(CO)=CCC13,"{[#N4a][#TC5]2[#TN4a][#SP4B]1[#TN4a][#TP1]([#SP4A]1)([#SC3]2[#TC5][#TN2a])}.{#N4a=COC(=O)[$],#SC3=C(C(C[$][$])[$])[$],#SP4A=OC(C(O)[$])[$],#SP4B=OC(C(O[$])[$])[$],#TC5=C(=C[$][$])[$],#TN2a=OC[$],#TN4a=O(C[$][$])[$],#TP1=OC[$]}",0.0037089146208018064,-0.6489099264144897,0.05968663841485977,
TPCN00007,CC(C)=CC1OC(=O)C(=CCOC2OC(COC(=O)C=Cc3ccc(O)cc3)C(O)C(O)C2O)C1O,"{[#SC4][#TN4a]1[#TN6a][#SN6B]1=[#SN3r][#SN4a]3[#N4a][#TC5A][#TC5B]2[#SN6A][#TC5A]2([#SP4][#TN6]3)}.{#N4a=O=C(OC[$])[$],#SC4=CC(C)=C[$],#SN3r=C(C[$])O[$],#SN4a=O(C[$][$])C[$][$],#SN6A=OC(=C[$])[$],#SN6B=OC(C[$][$])[$],#SP4=OC(C(O)[$])[$],#TC5A=C(=C[$])[$],#TC5B=C(=C[$][$])[$],#TN4a=O(C[$][$])[$],#TN6=OC[$][$],#TN6a=O=C[$][$]}",0.24958278238773346,-0.29710179567337036,0.22968891263008118,
TPCN00008,C=CC1C(OC2OC(CO)C(O)C(O)C2O)OC=C(C(=O)O)C1CC3NCCc4cc(OC)c(O)cc43,"{[#TC5D][#TC3]2[#TN4a][#SP4B]1[#TN4a][#TP1]([#SP4A]1)([#TC5A]2[#SP2])([#TC4]3[#SN6d][#TC5C]34[#TC5B][#TN2a]([#SN6]4))}.{#SN6=OC(C[$])[$],#SN6d=C(C[$])N[$],#SP2=O=C(O)[$],#SP4A=OC(C(O)[$])[$],#SP4B=OC(C(O[$])[$])[$],#TC3=C(C[$][$])[$][$],#TC4=C(C[$][$])[$],#TC5A=C(=C[$][$])[$],#TC5B=C(C[$][$])[$],#TC5C=C(C[$][$])[$][$],#TC5D=C=C[$],#TN2a=CO[$],#TN4a=O(C[$][$])[$],#TP1=OC[$]}",0.09185647964477539,-0.6082660555839539,0.011480998247861862,
TPCN00009,C=CC1C(OC2OC(CO)C(O)C(O)C2O)OC=C(C(=O)O)C1CC3NCCc4cc(OC)c(OC)cc43,"{[#TC5D][#TC3]2[#TN4a][#SP4B]1[#TN4a][#TP1]([#SP4A]1)([#TC5A]2[#SP2])([#TC4]3[#SN6d][#TC5C]34[#TC5B][#TN2a]([#TC5B]4[#TN2a]))}.{#SN6d=C(C[$])N[$],#SP2=O=C(O)[$],#SP4A=OC(C(O)[$])[$],#SP4B=OC(C(O[$])[$])[$],#TC3=C(C[$][$])[$][$],#TC4=C(C[$][$])[$],#TC5A=C(=C[$][$])[$],#TC5B=C(C[$][$])[$],#TC5C=C(C[$][$])[$][$],#TC5D=C=C[$],#TN2a=CO[$],#TN4a=O(C[$][$])[$],#TP1=OC[$]}",0.23351339995861053,-0.3070456385612488,0.23524074256420135,
TPCN00010,CC1C(OC(=O)c2cccc(OC(=O)c3cccc(OC4OC(CO)C(O)C(O)C4O)c3)c2)CC5C(C(=O)O)=COC(OC6OC(CO)C(O)C(O)C6O)C51,"{[#SC3B][#SN4aB][#TC5B]1[#TC5A][#TC5B]1[#SN4aB][#TC5D]2[#TC5C][#SN6]2[#SN4aA]3[#TP1]([#SP4A][#TN6]3)([#SC3A]4[#TC5B][#SP2]([#TN4a]4[#SP4B]5[#TN4a][#TP1]([#SP4A]5)))}.{#SC3A=C(C(C[$][$])[$])[$],#SC3B=CC(C[$][$])[$],#SN4aA=O(C[$][$])C[$][$],#SN4aB=O=C(O[$])[$],#SN6=C(C(O[$])[$])[$],#SP2=O=C(O)[$],#SP4A=OC(C(O)[$])[$],#SP4B=OC(C(O[$])[$])[$],#TC5A=C(=C[$])[$],#TC5B=C(=C[$][$])[$],#TC5C=C(C[$])[$],#TC5D=C(C[$][$])[$],#TN4a=O(C[$][$])[$],#TN6=OC[$][$],#TP1=OC[$]}",0.12757036089897156,-0.483332097530365,0.13045211136341095,
TPCN00011,CC12CC3(O)OC(O1)C5(COC(=O)c4ccccc4)C3CC25OC6OC(CO)C(O)C(O)C6O,"{[#TC4]14[#SN6]2[#SN5a]1[#SC5]2[#N4a][#TC5B]3[#TC5A][#TC5A]3([#TN6A]4[#SN4a]5[#TP1]([#SP4][#TN6B]5))}.{#N4a=O=C(OC[$])[$],#SC5=C(C(C[$][$][$])[$])[$],#SN4a=O(C[$][$])C[$][$],#SN5a=O(C(O[$])[$])[$],#SN6=OC(C[$])[$][$],#SP4=OC(C(O)[$])[$],#TC4=CC[$][$][$],#TC5A=C(=C[$])[$],#TC5B=C(=C[$][$])[$],#TN6A=O(C[$][$][$])[$],#TN6B=OC[$][$],#TP1=OC[$]}",0.04846930503845215,-0.6495909690856934,0.007984914816915989,
TPCN00012,Cc1cc(OC2OC(CO)C(O)C(O)C2O)c(C(C)C)c(O)c1OC3OC(CO)C(O)C(O)C3O,"{[#SC4]2[#SN6][#SN4a]1[#TP1]([#SP4B][#TN6]1)([#SC2])([#SP4A]2[#SN4a]3[#TP1]([#SP4B][#TN6]3))}.{#SC2=CC(C)[$],#SC4=CC(=C[$])[$],#SN4a=O(C[$][$])C[$][$],#SN6=O(C(=C[$][$])[$])[$],#SP4A=OC(=C(O[$])[$])[$],#SP4B=OC(C(O)[$])[$],#TN6=OC[$][$],#TP1=OC[$]}",-0.2876736521720886,-1.200594186782837,-0.3138582110404968,
TPCN00014,CC(C)=CC1OC(=O)C(=CCOC2OC(COC(=O)C=Cc3ccc(O)cc3)C(O)C(O)C2O)C1O,"{[#SC4][#TN4a]1[#TN6a][#SN6B]1=[#SN3r][#SN4a]3[#N4a][#TC5A][#TC5B]2[#SN6A][#TC5A]2([#SP4][#TN6]3)}.{#N4a=O=C(OC[$])[$],#SC4=CC(C)=C[$],#SN3r=C(C[$])O[$],#SN4a=O(C[$][$])C[$][$],#SN6A=OC(=C[$])[$],#SN6B=OC(C[$][$])[$],#SP4=OC(C(O)[$])[$],#TC5A=C(=C[$])[$],#TC5B=C(=C[$][$])[$],#TN4a=O(C[$][$])[$],#TN6=OC[$][$],#TN6a=O=C[$][$]}",0.24958278238773346,-0.29710179567337036,0.22968891263008118,
TPCN00015,C=CC1C(OC2OC(CO)C(O)C(O)C2O)OC=C6C(=O)N3CCc4c([nH]c5ccccc45)C3CC61,"{[#TC5D][#SN6]2[#SN4a]1[#TP1]([#SP4][#TN6]1)([#TN4a]=[#TC5C]23[#TN6a][#SN6d]34[#TC3][#TC5A]45[#TN6d][#TC5C]56[#TC5B][#TC5B]6)}.{#SN4a=O(C[$][$])C[$][$],#SN6=O(C(C[$][$])[$])[$],#SN6d=C(C(N[$][$])[$])[$],#SP4=OC(C(O)[$])[$],#TC3=C(C[$])[$],#TC5A=C(=C[$][$])[$][$],#TC5B=C(C[$])[$],#TC5C=C(C[$][$])[$][$],#TC5D=C=C[$],#TN4a=C(O[$])[$],#TN6=OC[$][$],#TN6a=O=C[$][$],#TN6d=N[$][$],#TP1=OC[$]}",0.1316440999507904,-0.5524434447288513,0.0375773161649704,
TPCN00016,CC=C1CN2CCC34c5ccccc5NC23C(O)CC1C4(CO)C(=O)OC,"{[#C4]3[#SN1]24[#SC4]1[#TC5][#TC5]1([#TN6d]2)([#SC3]3[#TN6]4([#TP1])([#N4a]))}.{#C4=CC=C(C[$])[$],#N4a=COC(=O)[$],#SC3=C(C(C[$][$][$])[$])[$],#SC4=C(C[$][$])(C[$][$][$])[$],#SN1=C(C[$])N(C[$][$][$])[$],#TC5=C(C[$])[$],#TN6=OC[$][$],#TN6d=N[$][$],#TP1=OC[$]}",0.7161712050437927,0.45990264415740967,0.6664379835128784,
TPCN00018,CC12CC3(O)OC(O1)C5(COC(=O)c4ccccc4)C3CC25OC6OC(COC(=O)c7cc(O)c(O)c(O)c7)C(O)C(O)C6O,"{[#TC4]14[#SN6B]2[#SN5a]1[#SC5]2[#N4a][#TC5B]3[#TC5A][#TC5A]3([#TN6A]4[#SN4a]6[#N4a][#TC5B]5[#SP4A][#SN6A]5([#SP4B][#TN6B]6))}.{#N4a=O=C(OC[$])[$],#SC5=C(C(C[$][$][$])[$])[$],#SN4a=O(C[$][$])C[$][$],#SN5a=O(C(O[$])[$])[$],#SN6A=OC(=C[$])[$],#SN6B=OC(C[$])[$][$],#SP4A=OC(=C(O)[$])[$],#SP4B=OC(C(O)[$])[$],#TC4=CC[$][$][$],#TC5A=C(=C[$])[$],#TC5B=C(=C[$][$])[$],#TN6A=O(C[$][$][$])[$],#TN6B=OC[$][$]}",0.004902293905615807,-0.7205122709274292,-0.03309838846325874,
TPCN00019,COC(=O)C12CC3CC(C(C)O)C1N(CCc4c2[nH]c5ccc(OC)cc45)C3,"{[#N4a][#TC5E]123[#TC3B][#TC3B]1[#SP1]([#TN6dA]2[#TC3A][#TC5A]34[#TN6dB][#TC5D]45[#TC5B][#TC5C]5[#TN2a])}.{#N4a=COC(=O)[$],#SP1=CC(O)[$],#TC3A=C(C[$])[$],#TC3B=C(C[$][$])[$],#TC5A=C(=C[$][$])[$][$],#TC5B=C(C[$])[$],#TC5C=C(C[$][$])[$],#TC5D=C(C[$][$])[$][$],#TC5E=C(C[$][$][$])[$][$],#TN2a=CO[$],#TN6dA=C(N[$][$])[$],#TN6dB=N[$][$]}",0.6112317442893982,0.3310275375843048,0.6210493445396423,
TPCN00020,CC=C1C[N+]2(C)CCC34c5ccccc5NC32C(O)CC1C4(CO)C(=O)[O-],"{[#C4]3[#SN1]24[#SC4]1[#TC5][#TC5]1([#TN6d]2)([#SC3]3[#TN6]4([#TP1])([#SN4a]))}.{#C4=CC=C(C[$])[$],#SC3=C(C(C[$][$][$])[$])[$],#SC4=C(C[$][$])(C[$][$][$])[$],#SN1=C[N+](CC[$])(C[$][$][$])[$],#SN4a=O=C([O-])[$],#TC5=C(C[$])[$],#TN6=OC[$][$],#TN6d=N[$][$],#TP1=OC[$]}",0.719359815120697,0.46232685446739197,0.6659124493598938,
TPCN00021,CC(C)=CC1OC(=O)C(=CCOC2OC(COC(=O)C=Cc3ccc(O)cc3)C(O)C(O)C2O)C1O,"{[#SC4][#TN4a]1[#TN6a][#SN6B]1=[#SN3r][#SN4a]3[#N4a][#TC5A][#TC5B]2[#SN6A][#TC5A]2([#SP4][#TN6]3)}.{#N4a=O=C(OC[$])[$],#SC4=CC(C)=C[$],#SN3r=C(C[$])O[$],#SN4a=O(C[$][$])C[$][$],#SN6A=OC(=C[$])[$],#SN6B=OC(C[$][$])[$],#SP4=OC(C(O)[$])[$],#TC5A=C(=C[$])[$],#TC5B=C(=C[$][$])[$],#TN4a=O(C[$][$])[$],#TN6=OC[$][$],#TN6a=O=C[$][$]}",0.24958278238773346,-0.29710179567337036,0.22968891263008118,
TPCN00022,CCC1CC2CN3CCc4c([nH]c5ccc(OC)cc45)C(C(=O)OC)(C2)C13,"{[#TC3C][#TC3B]3[#TC3B]4[#TN6dA]5[#TC3A][#TC5A]1[#TN6dB][#TC5D]12[#TC5B][#TC5C]2[#TN2a]([#TC5E]345[#N4a])}.{#N4a=COC(=O)[$],#TC3A=C(C[$])[$],#TC3B=C(C[$][$])[$],#TC3C=CC[$],#TC5A=C(=C[$][$])[$][$],#TC5B=C(C[$])[$],#TC5C=C(C[$][$])[$],#TC5D=C(C[$][$])[$][$],#TC5E=C(C[$][$][$])[$][$],#TN2a=CO[$],#TN6dA=C(N[$][$])[$],#TN6dB=N[$][$]}",0.8518340587615967,0.7451995611190796,0.876671552658081,
TPCN00023,C=CC(C)(CCC=C(C)C)OC1OC(COC2OC(C)C(OC(=O)C=Cc3ccc(O)cc3)C(OC4OC(C)C(O)C(O)C4O)C2O)C(O)C(O)C1O,"{[#TC5C][#SN3r][#SC2A]=[#SC2B]([#SN4a]4[#TN3r][#TN4a]3[#TC4][#SN6A][#N4a][#TC5B]1[#SN6B][#TC5A]1([#TN4a]2[#TC4][#SP4][#TN6]2)([#TN6]3)([#SP4][#TN6]4))}.{#N4a=O=C(C=C[$])O[$],#SC2A=C(C[$])C[$],#SC2B=CC(C)[$],#SN3r=CC(O[$])[$][$],#SN4a=O(C[$][$])C[$][$],#SN6A=O(C(C[$][$])[$])[$],#SN6B=OC(=C[$])[$],#SP4=OC(C(O)[$])[$],#TC4=CC[$][$],#TC5A=C(=C[$])[$],#TC5B=C(=C[$][$])[$],#TC5C=C=C[$],#TN3r=C(O[$])[$],#TN4a=O(C[$][$])[$],#TN6=OC[$][$]}",0.17930419743061066,-0.4704837501049042,0.08810685575008392,
TPCN00024,CC=C1C(OC2OC(CO)C(O)C(O)C2O)OC=C(C(=O)OC)C1CC(=O)OC5CC(C)C6COC(=O)CC3C(=COC(OC4OC(CO)C(O)C(O)C4O)C3=CC)C(=O)OCC(C)C56,"{[#TC3C]=[#TC3B]2[#TN4a][#SP4B]1[#TN4a][#TP1]([#SP4A]1)([#TC5]2[#N4aA])([#SN4aA][#TC3A][#SC3]5[#N4aB][#TC3B]3[#TC5][#TN4a]3[#SP4B]4[#TN4a][#TP1]([#SP4A]4)([#SN4aB][#SC2]5)(=[#TC3C]))}.{#N4aA=COC(=O)[$],#N4aB=O=C(C[$])OC[$],#SC2=CC(C[$])[$],#SC3=CC(C(C[$][$])[$])[$],#SN4aA=O=C(C[$])O[$],#SN4aB=O=C(O[$])[$],#SP4A=OC(C(O)[$])[$],#SP4B=OC(C(O[$])[$])[$],#TC3A=C(C[$][$])[$],#TC3B=C(C[$][$])[$][$],#TC3C=CC[$],#TC5=C(=C[$][$])[$],#TN4a=O(C[$][$])[$],#TP1=OC[$]}",0.102226123213768,-0.5127550959587097,0.12166360765695572,
TPCN00025,CC12CC3(O)OC(O1)C5(COC(=O)c4ccc(O)cc4)C3CC25OC6OC(CO)C(O)C(O)C6O,"{[#TC4]14[#SN6B]2[#SN5a]1[#SC5]2[#N4a][#TC5B]3[#SN6A][#TC5A]3([#TN6A]4[#SN4a]5[#TP1]([#SP4][#TN6B]5))}.{#N4a=O=C(OC[$])[$],#SC5=C(C(C[$][$][$])[$])[$],#SN4a=O(C[$][$])C[$][$],#SN5a=O(C(O[$])[$])[$],#SN6A=OC(=C[$])[$],#SN6B=OC(C[$])[$][$],#SP4=OC(C(O)[$])[$],#TC4=CC[$][$][$],#TC5A=C(=C[$])[$],#TC5B=C(=C[$][$])[$],#TN6A=O(C[$][$][$])[$],#TN6B=OC[$][$],#TP1=OC[$]}",-0.09155025333166122,-0.9150159955024719,-0.17192667722702026,
TPCN00026,CC1(C)C(=O)C2=C(OC3(CCC4CC3C4(C)C)CC2c5ccccc5)C(C)(C)C1=O,"{[#SC4]5[#TN6a][#TC5C]3[#SN4a]1[#TC3]2[#TC3]1[#SC4]2([#TC3]3[#TC5B]4[#TC5A][#TC5A]4)([#SC4][#TN6a]5)}.{#SC4=CC(C)[$][$],#SN4a=C(C(O[$])[$][$])[$],#TC3=C(C[$][$])[$],#TC5A=C(=C[$])[$],#TC5B=C(=C[$][$])[$],#TC5C=C(=C[$][$])[$][$],#TN6a=O=C[$][$]}",0.9506424069404602,0.8957520723342896,0.9567031860351562,
TPCN00028,CC(C)=CC1OC(=O)C(=CCOC2OC(COC(=O)C=Cc3ccc(O)c(O)c3)C(O)C(O)C2O)C1O,"{[#SC4][#TN4a]1[#TN6a][#SN6B]1=[#SN3r][#SN4a]3[#N4a][#TC5A][#TC5B]2[#SN6A][#SN6A]2([#SP4][#TN6]3)}.{#N4a=O=C(OC[$])[$],#SC4=CC(C)=C[$],#SN3r=C(C[$])O[$],#SN4a=O(C[$][$])C[$][$],#SN6A=OC(=C[$])[$],#SN6B=OC(C[$][$])[$],#SP4=OC(C(O)[$])[$],#TC5A=C(=C[$])[$],#TC5B=C(=C[$][$])[$],#TN4a=O(C[$][$])[$],#TN6=OC[$][$],#TN6a=O=C[$][$]}",0.14238476753234863,-0.4630531072616577,0.1395227611064911,
TPCN00029,Cc1cc(OC2OC(CO)C(O)C(O)C2O)c(C(C)C)c(O)c1O,"{[#SC4]2[#SN6][#SN4a]1[#TP1]([#SP4B][#TN6]1)([#SC2])([#SP4A]2)}.{#SC2=CC(C)[$],#SC4=CC(=C[$])[$],#SN4a=O(C[$][$])C[$][$],#SN6=O(C(=C[$][$])[$])[$],#SP4A=OC(=C(O)[$])[$],#SP4B=OC(C(O)[$])[$],#TN6=OC[$][$],#TP1=OC[$]}",-0.12955054640769958,-0.9449639320373535,-0.1670127809047699,
TPCN00030,CC(=CCC(O)C(C)=CCO)C(=O)OCC=C(C)C(O)CC=C(C)C(=O)OC1OC(CO)C(O)C(O)C1O,"{[#N6a]=[#P1B][#SC4][#TP1]([#SN3r]=[#P1A][#C4][#SN4aB][#SN4aA]1[#TP1]([#SP4][#TN6]1))}.{#C4=CC(=CC[$])[$],#N6a=CC(C(=O)[$])[$],#P1A=CC(C(O)[$])[$],#P1B=OC(CC[$])[$],#SC4=CC(=C[$])[$],#SN3r=C(C[$])O[$],#SN4aA=O(C[$][$])C[$][$],#SN4aB=O=C(O[$])[$],#SP4=OC(C(O)[$])[$],#TN6=OC[$][$],#TP1=OC[$]}",-0.077471524477005,-0.8795397281646729,-0.14261505007743835,
TPCN00032,C=CC(C)(CCC=C(C)C)OC1OC(COC2OC(C)C(OC(=O)C=Cc3ccc(O)cc3)C(OC4OC(C)C(O)C(O)C4O)C2O)C(O)C(O)C1O,"{[#TC5C][#SN3r][#SC2A]=[#SC2B]([#SN4a]4[#TN3r][#TN4a]3[#TC4][#SN6A][#N4a][#TC5B]1[#SN6B][#TC5A]1([#TN4a]2[#TC4][#SP4][#TN6]2)([#TN6]3)([#SP4][#TN6]4))}.{#N4a=O=C(C=C[$])O[$],#SC2A=C(C[$])C[$],#SC2B=CC(C)[$],#SN3r=CC(O[$])[$][$],#SN4a=O(C[$][$])C[$][$],#SN6A=O(C(C[$][$])[$])[$],#SN6B=OC(=C[$])[$],#SP4=OC(C(O)[$])[$],#TC4=CC[$][$],#TC5A=C(=C[$])[$],#TC5B=C(=C[$][$])[$],#TC5C=C=C[$],#TN3r=C(O[$])[$],#TN4a=O(C[$][$])[$],#TN6=OC[$][$]}",0.17930419743061066,-0.4704837501049042,0.08810685575008392,
TPCN00033,CC=C1CN2C3CC45c6ccccc6NC4(O3)C2CC1C5C(=O)OC,"{[#TC3B]=[#TC3A]5[#TN6dA]16[#TC3A]4[#TC5C]13[#TC5B]2[#TC5A][#TC5A]2([#TN6dB]3)([#TN2a]4)([#SC3]56[#N4a])}.{#N4a=COC(=O)[$],#SC3=C(C(C[$][$])[$])[$],#TC3A=C(C[$][$])[$],#TC3B=CC[$],#TC5A=C(C[$])[$],#TC5B=C(C[$][$])[$][$],#TC5C=C(C[$][$][$])[$][$][$],#TN2a=O[$][$],#TN6dA=C(N[$][$])[$][$],#TN6dB=N[$][$]}",0.8171234130859375,0.6658552885055542,0.814774751663208,
TPCN00034,COC(=O)C1CC23CCCN4CCC5(c6ccccc6NC15CC2)C43,"{[#N4a][#TC3B]2[#TC5C]136[#TC3A][#TN6dA]1[#TC3A][#TC5D]235[#TC5B]4[#TC5A][#TC5A]4([#TN6dB]5)([#TC3A]6)}.{#N4a=COC(=O)[$],#TC3A=C(C[$])[$],#TC3B=C(C[$][$])[$],#TC5A=C(C[$])[$],#TC5B=C(C[$][$])[$][$],#TC5C=C(C[$][$][$])[$][$],#TC5D=C(C[$][$][$])[$][$][$],#TN6dA=C(N[$][$])[$],#TN6dB=N[$][$]}",0.8399304151535034,0.7213281393051147,0.8597081303596497,
TPCN00035,CC(C)=CC1OC(=O)C(=CCOC2OC(COC(=O)C=Cc3ccc(O)c(O)c3)C(O)C(O)C2O)C1O,"{[#SC4][#TN4a]1[#TN6a][#SN6B]1=[#SN3r][#SN4a]3[#N4a][#TC5A][#TC5B]2[#SN6A][#SN6A]2([#SP4][#TN6]3)}.{#N4a=O=C(OC[$])[$],#SC4=CC(C)=C[$],#SN3r=C(C[$])O[$],#SN4a=O(C[$][$])C[$][$],#SN6A=OC(=C[$])[$],#SN6B=OC(C[$][$])[$],#SP4=OC(C(O)[$])[$],#TC5A=C(=C[$])[$],#TC5B=C(=C[$][$])[$],#TN4a=O(C[$][$])[$],#TN6=OC[$][$],#TN6a=O=C[$][$]}",0.14238476753234863,-0.4630531072616577,0.1395227611064911,
TPCN00036,CC12CC3(O)OC(O1)C5(COC(=O)c4ccccc4)C3CC25OC6OC(COC(=O)c7ccccc7)C(O)C(O)C6O,"{[#TC4]14[#SN6]2[#SN5a]1[#SC5]2[#N4a][#TC5B]3[#TC5A][#TC5A]3([#TN6A]4[#SN4a]6[#N4a][#TC5B]5[#TC5A][#TC5A]5([#SP4][#TN6B]6))}.{#N4a=O=C(OC[$])[$],#SC5=C(C(C[$][$][$])[$])[$],#SN4a=O(C[$][$])C[$][$],#SN5a=O(C(O[$])[$])[$],#SN6=OC(C[$])[$][$],#SP4=OC(C(O)[$])[$],#TC4=CC[$][$][$],#TC5A=C(=C[$])[$],#TC5B=C(=C[$][$])[$],#TN6A=O(C[$][$][$])[$],#TN6B=OC[$][$]}",0.23740620911121368,-0.2888941466808319,0.2539975345134735,
TPCN00038,C=CC1C(OC2OC(CO)C(O)C(O)C2O)OC=C(C(=O)O)C1CC3NCCc4cc(OC)c(O)cc43,"{[#TC5D][#TC3]2[#TN4a][#SP4B]1[#TN4a][#TP1]([#SP4A]1)([#TC5A]2[#SP2])([#TC4]3[#SN6d][#TC5C]34[#TC5B][#TN2a]([#SN6]4))}.{#SN6=OC(C[$])[$],#SN6d=C(C[$])N[$],#SP2=O=C(O)[$],#SP4A=OC(C(O)[$])[$],#SP4B=OC(C(O[$])[$])[$],#TC3=C(C[$][$])[$][$],#TC4=C(C[$][$])[$],#TC5A=C(=C[$][$])[$],#TC5B=C(C[$][$])[$],#TC5C=C(C[$][$])[$][$],#TC5D=C=C[$],#TN2a=CO[$],#TN4a=O(C[$][$])[$],#TP1=OC[$]}",0.09185647964477539,-0.6082660555839539,0.011480998247861862,
TPCN00039,CC(C)(O)C(O)CC1OC(=O)CC1(C)O,"{[#P1][#SP1][#TN4a]1[#SN6a][#SN6]1}.{#P1=CC(C)(O)[$],#SN6=CC(O)[$][$],#SN6a=O=C(C[$])[$],#SP1=OC(C[$])[$],#TN4a=O(C[$][$])[$]}",0.12088095396757126,-0.616902232170105,-0.03250807896256447,
TPCN00040,O=C(O)C1CC23CCCN4CCC5(c6ccccc6NC15CC2)C43,"{[#SP2][#TC3B]2[#TC5C]136[#TC3A][#TN6dA]1[#TC3A][#TC5D]235[#TC5B]4[#TC5A][#TC5A]4([#TN6dB]5)([#TC3A]6)}.{#SP2=O=C(O)[$],#TC3A=C(C[$])[$],#TC3B=C(C[$][$])[$],#TC5A=C(C[$])[$],#TC5B=C(C[$][$])[$][$],#TC5C=C(C[$][$][$])[$][$],#TC5D=C(C[$][$][$])[$][$][$],#TN6dA=C(N[$][$])[$],#TN6dB=N[$][$]}",0.7839679718017578,0.6255017518997192,0.8008996844291687,
TPCN00041,C=CC1C(OC2OC(CO)C(O)C(O)C2O)OC=C5C(=O)N3CCc4cc(OC)c(O)cc4C3CC51,"{[#TC5C][#SN6A]2[#SN4a]1[#TP1]([#SP4][#TN6]1)([#TN4a]=[#TC5B]23[#TN6a][#SN6d]34[#TC3][#TC5B]45[#TC5A][#TN2a]([#SN6B]5))}.{#SN4a=O(C[$][$])C[$][$],#SN6A=O(C(C[$][$])[$])[$],#SN6B=OC(C[$])[$],#SN6d=C(C(N[$][$])[$])[$],#SP4=OC(C(O)[$])[$],#TC3=C(C[$])[$],#TC5A=C(C[$][$])[$],#TC5B=C(C[$][$])[$][$],#TC5C=C=C[$],#TN2a=CO[$],#TN4a=C(O[$])[$],#TN6=OC[$][$],#TN6a=O=C[$][$],#TP1=OC[$]}",0.049500543624162674,-0.7677658796310425,-0.14408445358276367,
TPCN00042,CC(C)=CCC(O)C(C)=CCOC1OC(CO)C(O)C(O)C1O,"{[#SC2]=[#P1][#SC4][#TN3r][#SN4a]1[#TP1]([#SP4][#TN6]1)}.{#P1=OC(CC[$])[$],#SC2=CC(C)[$],#SC4=CC(=C[$])[$],#SN4a=O(C[$][$])C[$][$],#SP4=OC(C(O)[$])[$],#TN3r=C(O[$])[$],#TN6=OC[$][$],#TP1=OC[$]}",0.10905382037162781,-0.592214822769165,0.012446821667253971,
TPCN00043,CC1C(O)CC2C(C(=O)O)=COC(OC3OC(CO)C(O)C(O)C3O)C21,"{[#TC4]1[#SN6][#TC5B]12[#TC5A][#SP2]([#TN4a]2[#SP4B]3[#TN4a][#TP1]([#SP4A]3))}.{#SN6=OC(C[$])[$],#SP2=O=C(O)[$],#SP4A=OC(C(O)[$])[$],#SP4B=OC(C(O[$])[$])[$],#TC4=CC[$][$],#TC5A=C(=C[$][$])[$],#TC5B=C(C[$][$])[$][$],#TN4a=O(C[$][$])[$],#TP1=OC[$]}",-0.08618966490030289,-0.8834428191184998,-0.137698233127594,
TPCN00044,C=CC(C)(CCC=C(C)C(=O)O)OC1OCC(O)C(O)C1O,"{[#TC5][#SN3r][#SC2]=[#TC3][#SP2]([#SN4a]1[#SP4][#TN6]1)}.{#SC2=C(C[$])C[$],#SN3r=CC(O[$])[$][$],#SN4a=C(OC[$][$])[$],#SP2=O=C(O)[$],#SP4=OC(C(O)[$])[$],#TC3=CC[$][$],#TC5=C=C[$],#TN6=OC[$][$]}",0.3552657961845398,-0.11512932926416397,0.3420332968235016,
TPCN00045,CC1=CC(=O)OC12CC(O)C(C)(C)O2,"{[#SC4]1[#TN6a][#TN4a]12[#SP1][#N3r]2}.{#N3r=CC(C)(O[$])[$],#SC4=CC(=C[$])[$],#SP1=OC(C[$])[$],#TN4a=O(C[$][$][$])[$],#TN6a=O=C[$][$]}",0.16223151981830597,-0.4970260262489319,0.07360342890024185,
TPCN00046,CC1=CC(=O)OC1CC(O)C(C)(C)O,"{[#SC4]1[#TN6a][#TN4a]1[#SP1][#P1]}.{#P1=CC(C)(O)[$],#SC4=CC(=C[$])[$],#SP1=OC(C[$])[$],#TN4a=O(C[$][$])[$],#TN6a=O=C[$][$]}",0.17447932064533234,-0.4828261733055115,0.07782649993896484,
TPCN00047,CC=C1C(OC2OC(CO)C(O)C(O)C2O)OC=C(C(=O)OC)C1CC(=O)OCC4C(C)CC(OC(=O)CC5C(C(=O)OC)=COC(OC3OC(CO)C(O)C(O)C3O)C5=CC)C4C(C)CO,"{[#TC3B]=[#TC3A]2[#TN4a][#SP4B]1[#TN4a][#TP1]([#SP4A]1)([#TC5]2[#N4aA])([#N4aB][#SC4][#SC3][#SN4a][#TC3A]3[#TC5][#N4aA]([#TN4a]3[#SP4B]4[#TN4a][#TP1]([#SP4A]4))(=[#TC3B])([#P1]))}.{#N4aA=COC(=O)[$],#N4aB=O=C(C[$])OC[$],#P1=CC(CO)[$],#SC3=C(C(C[$][$])[$])[$],#SC4=CC(C[$][$])[$],#SN4a=O=C(C[$])O[$],#SP4A=OC(C(O)[$])[$],#SP4B=OC(C(O[$])[$])[$],#TC3A=C(C[$][$])[$][$],#TC3B=CC[$],#TC5=C(=C[$][$])[$],#TN4a=O(C[$][$])[$],#TP1=OC[$]}",0.030292650684714317,-0.6427633166313171,0.037345439195632935,
TPCN00048,CC(C)C1C=CC2(CC1)CC(C(=O)CC(O)CC3CC=CC(=O)O3)C2C=Cc4ccccc4,"{[#SC2][#TC3A]1[#TC5A][#TC3B]1[#SC3][#SN4a][#SP1][#TN4a]2[#SC5][#TN6a]2([#TC5A][#TC5B]3[#TC5A][#TC5A]3)}.{#SC2=CC(C)[$],#SC3=C(C(C[$][$])[$])[$],#SC5=C(=C[$])C[$],#SN4a=O=C(C[$])[$],#SP1=OC(C[$])[$],#TC3A=C(C[$][$])[$],#TC3B=C(C[$][$][$])[$],#TC5A=C(=C[$])[$],#TC5B=C(=C[$][$])[$],#TN4a=O(C[$][$])[$],#TN6a=O=C[$][$]}",0.829748809337616,0.7014842629432678,0.8459323644638062,
TPCN00049,CC=C1CN2C3CC45c6ccccc6NC4(O3)C2CC1C5(C=O)C(=O)OC,"{[#TC3B]=[#TC3A]5[#TN6dA]16[#TC3A]4[#TC5C]13[#TC5B]2[#TC5A][#TC5A]2([#TN6dB]3)([#TN2a]4)([#SC3]56[#TN4a]([#N4a]))}.{#N4a=COC(=O)[$],#SC3=C(C(C[$][$][$])[$])[$],#TC3A=C(C[$][$])[$],#TC3B=CC[$],#TC5A=C(C[$])[$],#TC5B=C(C[$][$])[$][$],#TC5C=C(C[$][$][$])[$][$][$],#TN2a=O[$][$],#TN4a=O=C[$],#TN6dA=C(N[$][$])[$][$],#TN6dB=N[$][$]}",0.7781670689582825,0.608174741268158,0.7853623628616333,
TPCN00050,CCC1C2CC3C4N(C)c5ccccc5C46CC(C2C6O)N3C1O,"{[#TC3C][#SN6]1[#TC3A]4[#TN6d]15[#SC5]26[#TN1][#TC5B]23[#TC5A][#TC5A]3([#TC3B]45[#TP1]6)}.{#SC5=C(C(C[$][$])[$][$])[$],#SN6=OC(C[$][$])[$],#TC3A=C(C[$][$])[$],#TC3B=C(C[$][$])[$][$],#TC3C=CC[$],#TC5A=C(C[$])[$],#TC5B=C(C[$][$])[$][$],#TN1=CN[$][$],#TN6d=C(N[$][$])[$][$],#TP1=OC[$][$]}",0.626682698726654,0.332101047039032,0.6048736572265625,
TPCN00051,C=CC(C)(CCC=C(C)C(=O)O)OC1OC(CO)C(OC(C)(C=C)CCC=C(C)C(=O)O)C(O)C1O,"{[#TC5][#SN3r][#SC2]=[#TC3B][#SP2]([#TN4a]1[#TC3A][#TP1]([#SN3r][#TC5]([#SC2]=[#TC3B][#SP2]))([#SP4]1))}.{#SC2=C(C[$])C[$],#SN3r=CC(O[$])[$][$],#SP2=O=C(O)[$],#SP4=OC(C(O)[$])[$],#TC3A=C(C[$][$])[$][$],#TC3B=CC[$][$],#TC5=C=C[$],#TN4a=O(C[$][$])[$],#TP1=OC[$]}",0.39996251463890076,-0.05912254750728607,0.362789511680603,
TPCN00052,CC=C1C(OC2OC(CO)C(O)C(O)C2O)OC=C(C(=O)OC)C1CC(=O)OCC(C)C4CC(OC(=O)CC5C(C(=O)OC)=COC(OC3OC(CO)C(O)C(O)C3O)C5=CC)C(C)C4CO,"{[#TC3C]=[#TC3B]2[#TN4a][#SP4B]1[#TN4a][#TP1]([#SP4A]1)([#TC5]2[#N4a])([#SN4aB][#N3r][#TC3A][#SC3][#SN4aA][#TC3B]3[#TC5][#N4a]([#TN4a]3[#SP4B]4[#TN4a][#TP1]([#SP4A]4))(=[#TC3C])([#TP1]))}.{#N3r=CC(CO[$])[$],#N4a=COC(=O)[$],#SC3=CC(C[$][$])C[$][$],#SN4aA=O=C(C[$])O[$],#SN4aB=O=C(C[$])[$],#SP4A=OC(C(O)[$])[$],#SP4B=OC(C(O[$])[$])[$],#TC3A=C(C[$][$])[$],#TC3B=C(C[$][$])[$][$],#TC3C=CC[$],#TC5=C(=C[$][$])[$],#TN4a=O(C[$][$])[$],#TP1=OC[$]}",0.11008487641811371,-0.531616747379303,0.08865416795015335,
TPCN00053,CC(C)C1C=CC2(CC1)CC(C(=O)CC(O)CC3CC=CC(=O)O3)C2C=Cc4ccccc4,"{[#SC2][#TC3A]1[#TC5A][#TC3B]1[#SC3][#SN4a][#SP1][#TN4a]2[#SC5][#TN6a]2([#TC5A][#TC5B]3[#TC5A][#TC5A]3)}.{#SC2=CC(C)[$],#SC3=C(C(C[$][$])[$])[$],#SC5=C(=C[$])C[$],#SN4a=O=C(C[$])[$],#SP1=OC(C[$])[$],#TC3A=C(C[$][$])[$],#TC3B=C(C[$][$][$])[$],#TC5A=C(=C[$])[$],#TC5B=C(=C[$][$])[$],#TN4a=O(C[$][$])[$],#TN6a=O=C[$][$]}",0.829748809337616,0.7014842629432678,0.8459323644638062,
TPCN00054,CCC1CN(C)C2Cc3c([nH]c4ccccc34)C(=O)CC1C2C(=O)OC,"{[#TC3C][#TC3A]3[#TN1][#TC4]4[#SC4]1[#TN6d][#TC5B]12[#TC5A][#TC5A]2([#SN4a][#TC3B]34[#N4a])}.{#N4a=COC(=O)[$],#SC4=C(C(=C[$][$])[$])[$],#SN4a=O=C(C[$])[$],#TC3A=C(C[$][$])[$],#TC3B=C(C[$][$])[$][$],#TC3C=CC[$],#TC4=C[$][$][$],#TC5A=C(C[$])[$],#TC5B=C(C[$][$])[$][$],#TN1=CN[$][$],#TN6d=N[$][$]}",0.9341055750846863,0.879224419593811,0.9543781876564026,
TPCN00055,CC(C)C1C=CC2(CC1)CC(C(=O)CC4CC3CC(CC(=O)O3)O4)C2C=Cc5ccccc5,"{[#SC2][#TC3A]1[#TC5A][#TC3B]1[#SC3B][#SN4aC][#SN4aB]2[#SC3C][#SN4aA][#SC3A]2(=[#SN6a])([#TC5A][#TC5B]3[#TC5A][#TC5A]3)}.{#SC2=CC(C)[$],#SC3A=C(C(C[$])[$])[$],#SC3B=C(C(C[$][$])[$])[$],#SC3C=C[$][$],#SN4aA=O(C[$][$])C[$][$],#SN4aB=O(C[$][$])[$],#SN4aC=O=C(C[$])[$],#SN6a=O[$],#TC3A=C(C[$][$])[$],#TC3B=C(C[$][$][$])[$],#TC5A=C(=C[$])[$],#TC5B=C(=C[$][$])[$]}",1.0610557794570923,1.090806484222412,1.0803790092468262,
TPCN00056,CC=C1C[N+]2(C)CCC34c5ccccc5NC32C(O)CC1C4(CO)C(=O)OC,"{[#C4]3[#SN1]24[#SC4]1[#TC5][#TC5]1([#TN6d]2)([#SC3]3[#TN6]4([#TP1])([#N4a]))}.{#C4=CC=C(C[$])[$],#N4a=COC(=O)[$],#SC3=C(C(C[$][$][$])[$])[$],#SC4=C(C[$][$])(C[$][$][$])[$],#SN1=C[N+](CC[$])(C[$][$][$])[$],#TC5=C(C[$])[$],#TN6=OC[$][$],#TN6d=N[$][$],#TP1=OC[$]}",0.7308514714241028,0.4661506116390228,0.6577447652816772,
TPCN00057,COC(=O)c1cncc2c1CC(O)C2C,"{[#N4a][#TC5A]1[#TN6a][#TC5B]12[#SN6][#TC4]2}.{#N4a=COC(=O)[$],#SN6=OC(C[$])[$],#TC4=CC[$][$],#TC5A=C(=C[$][$])[$],#TC5B=C(=C[$][$])[$][$],#TN6a=C(=N[$])[$]}",0.22375799715518951,-0.37383630871772766,0.161033496260643,
TPCN00058,C=CC(C)(CCC=C(C)C(=O)O)OC1OC(C)C(OC(C)(C=C)CCC=C(C)C(=O)O)C(O)C1O,"{[#TC5][#SN3r][#SC2]=[#TC3][#SP2]([#TN4a]1[#TC4][#SN6][#SN3r][#TC5]([#SC2]=[#TC3][#SP2])([#TN6]1))}.{#SC2=C(C[$])C[$],#SN3r=CC(O[$])[$][$],#SN6=OC(C[$][$])[$],#SP2=O=C(O)[$],#TC3=CC[$][$],#TC4=CC[$][$],#TC5=C=C[$],#TN4a=O(C[$][$])[$],#TN6=OC[$][$]}",0.5220693945884705,0.15194226801395416,0.49363067746162415,
TPCN00059,CC(C)C1C(C(=O)O)CC(C)C(O)C1O,"{[#SC2][#SC3]1[#SP2]([#TC4][#SP4]1)}.{#SC2=CC(C)[$],#SC3=C(C(C[$][$])[$])[$],#SP2=O=C(O)[$],#SP4=OC(C(O)[$])[$],#TC4=CC[$][$]}",0.5415768623352051,0.1593262404203415,0.4809052646160126,
TPCN00060,CC12CC3(O)OC(O1)C5(COC(=O)c4ccccc4)C3CC25OC6OC(CO)C(O)C(O)C6O,"{[#TC4]14[#SN6]2[#SN5a]1[#SC5]2[#N4a][#TC5B]3[#TC5A][#TC5A]3([#TN6A]4[#SN4a]5[#TP1]([#SP4][#TN6B]5))}.{#N4a=O=C(OC[$])[$],#SC5=C(C(C[$][$][$])[$])[$],#SN4a=O(C[$][$])C[$][$],#SN5a=O(C(O[$])[$])[$],#SN6=OC(C[$])[$][$],#SP4=OC(C(O)[$])[$],#TC4=CC[$][$][$],#TC5A=C(=C[$])[$],#TC5B=C(=C[$][$])[$],#TN6A=O(C[$][$][$])[$],#TN6B=OC[$][$],#TP1=OC[$]}",0.04846930503845215,-0.6495909690856934,0.007984914816915989,
TPCN00062,C=CC1C(OC2OC(CO)C(O)C(O)C2O)OC=C(C(=O)OC)C1CC3c4cc(O)c(O)cc4CCN3C(C)=O,"{[#TC5C][#TC3]2[#TN4a][#SP4B]1[#TN4a][#TP1]([#SP4A]1)([#TC5A]2[#N4a])([#TC4]4[#TC5B]3[#SN6][#SN6]3([#SN6d]4[#SN4a]))}.{#N4a=COC(=O)[$],#SN4a=CC(=O)[$],#SN6=OC(C[$])[$],#SN6d=C(C[$])N[$][$],#SP4A=OC(C(O)[$])[$],#SP4B=OC(C(O[$])[$])[$],#TC3=C(C[$][$])[$][$],#TC4=C(C[$][$])[$],#TC5A=C(=C[$][$])[$],#TC5B=C(C[$][$])[$][$],#TC5C=C=C[$],#TN4a=O(C[$][$])[$],#TP1=OC[$]}",0.14663594961166382,-0.49715396761894226,0.09115119278430939,
TPCN00063,CC(C)C1C=CC2(CC1)CC(C(=O)CC4CC3CC(CC(=O)O3)O4)C2C=Cc5ccccc5,"{[#SC2][#TC3A]1[#TC5A][#TC3B]1[#SC3B][#SN4aC][#SN4aB]2[#SC3C][#SN4aA][#SC3A]2(=[#SN6a])([#TC5A][#TC5B]3[#TC5A][#TC5A]3)}.{#SC2=CC(C)[$],#SC3A=C(C(C[$])[$])[$],#SC3B=C(C(C[$][$])[$])[$],#SC3C=C[$][$],#SN4aA=O(C[$][$])C[$][$],#SN4aB=O(C[$][$])[$],#SN4aC=O=C(C[$])[$],#SN6a=O[$],#TC3A=C(C[$][$])[$],#TC3B=C(C[$][$][$])[$],#TC5A=C(=C[$])[$],#TC5B=C(=C[$][$])[$]}",1.0610557794570923,1.090806484222412,1.0803790092468262,
TPCN00064,C=CC1C(OC2OC(CO)C(O)C(O)C2O)OC=C(C(=O)OC)C1CCN4CCc6c([nH]c3ccccc63)C4CC5C(C(=O)OC)=COC(OC7OC(CO)C(O)C(O)C7O)C5C=C,"{[#TC5E][#TC3B]2[#TN4a][#SP4B]1[#TN4a][#TP1]([#SP4A]1)([#TC5A]2[#N4a])([#TC3A][#SN6d]5[#TC5B]3[#TN6d][#TC5D]34[#TC5C][#TC5C]4([#TC4]5[#TC3B]6[#TC5A][#N4a]([#TN4a]6[#SP4B]7[#TN4a][#TP1]([#SP4A]7))([#TC5E])))}.{#N4a=COC(=O)[$],#SN6d=C(C[$])N[$][$],#SP4A=OC(C(O)[$])[$],#SP4B=OC(C(O[$])[$])[$],#TC3A=C(C[$])[$],#TC3B=C(C[$][$])[$][$],#TC4=C(C[$][$])[$],#TC5A=C(=C[$][$])[$],#TC5B=C(=C[$][$])[$][$],#TC5C=C(C[$])[$],#TC5D=C(C[$][$])[$][$],#TC5E=C=C[$],#TN4a=O(C[$][$])[$],#TN6d=N[$][$],#TP1=OC[$]}",0.1644108146429062,-0.4175328016281128,0.17263419926166534,
TPCN00065,CC(CO)c1ccc(COC2OC(CO)C(O)C(O)C2O)cc1,"{[#P1][#TC5B]2[#TC5B][#TN2a][#SN4a]1[#TP1]([#SP4][#TN6]1)([#TC5A]2)}.{#P1=CC(CO)[$],#SN4a=O(C[$][$])C[$][$],#SP4=OC(C(O)[$])[$],#TC5A=C(=C[$])[$],#TC5B=C(=C[$][$])[$],#TN2a=C(O[$])[$],#TN6=OC[$][$],#TP1=OC[$]}",-0.06243155151605606,-0.8164406418800354,-0.0791233479976654,
TPCN00066,CCC12CC(C(=O)OC)=C3Nc4cc(O)ccc4C36CCN(C(=O)C5OC51)C62,"{[#TC3C][#TC5C]145[#TC3B][#N4a](=[#TC5C]12[#TN6dB][#TC5B]23[#SN6][#TC5A]3([#TC3A][#TN6dA]4=[#TN6a]([#TC5B]5[#P4])))}.{#N4a=COC(=O)[$],#P4=O[$][$],#SN6=OC(C[$])[$],#TC3A=C(C[$])[$],#TC3B=C(C[$][$])[$],#TC3C=CC[$],#TC5A=C(C[$])[$],#TC5B=C(C[$][$])[$][$],#TC5C=C(C[$][$][$])[$][$],#TN6a=O[$],#TN6dA=C(N[$][$])[$][$],#TN6dB=N[$][$]}",0.5853796005249023,0.24629531800746918,0.5422124862670898,
TPCN00068,C=CC1C(OC2OC(CO)C(O)C(O)C2O)OC=C5C(=O)N3CCc4cc(O)c(O)cc4C3CC51,"{[#TC5B][#SN6A]2[#SN4a]1[#TP1]([#SP4][#TN6]1)([#TN4a]=[#TC5A]23[#TN6a][#SN6d]34[#TC3][#TC5A]45[#SN6B][#SN6B]5)}.{#SN4a=O(C[$][$])C[$][$],#SN6A=O(C(C[$][$])[$])[$],#SN6B=OC(C[$])[$],#SN6d=C(C(N[$][$])[$])[$],#SP4=OC(C(O)[$])[$],#TC3=C(C[$])[$],#TC5A=C(C[$][$])[$][$],#TC5B=C=C[$],#TN4a=C(O[$])[$],#TN6=OC[$][$],#TN6a=O=C[$][$],#TP1=OC[$]}",-0.062277309596538544,-0.9664206504821777,-0.27080920338630676,
TPCN00069,CC1(C)C(=O)C2=C(OC3(CCC4CC3C4(C)C)CC2c5ccccc5)C(C)(C)C1=O,"{[#SC4]5[#TN6a][#TC5C]3[#SN4a]1[#TC3]2[#TC3]1[#SC4]2([#TC3]3[#TC5B]4[#TC5A][#TC5A]4)([#SC4][#TN6a]5)}.{#SC4=CC(C)[$][$],#SN4a=C(C(O[$])[$][$])[$],#TC3=C(C[$][$])[$],#TC5A=C(=C[$])[$],#TC5B=C(=C[$][$])[$],#TC5C=C(=C[$][$])[$][$],#TN6a=O=C[$][$]}",0.9506424069404602,0.8957520723342896,0.9567031860351562,
TPCN00070,COC(=O)N1c2ccccc2C63C4CN5CCCC(CCC16C(=O)OC)(CC4=O)C53,"{[#N4a][#TN1B]2[#TC5B]1[#TC5A][#TC5A]1([#TC3C]24[#SC3]35[#TN1A][#TC3A][#TC3B]3[#TC3A]4([#TN6a]5)([#N4a]))}.{#N4a=COC(=O)[$],#SC3=C(C[$][$])[$].C[$][$][$],#TC3A=C(C[$])[$],#TC3B=C(C[$][$][$])[$],#TC3C=C(C[$][$][$])[$][$][$],#TC5A=C(C[$])[$],#TC5B=C(C[$][$])[$][$],#TN1A=C(N[$][$])[$],#TN1B=N[$][$][$],#TN6a=O=C[$][$]}",0.8795243501663208,0.7359042763710022,0.8333562612533569,
TPCN00071,CC(C)C1C=CC2(CC1)CC(C(=O)CC(O)CC3CC=CC(=O)O3)C2C=Cc4ccccc4,"{[#SC2][#TC3A]1[#TC5A][#TC3B]1[#SC3][#SN4a][#SP1][#TN4a]2[#SC5][#TN6a]2([#TC5A][#TC5B]3[#TC5A][#TC5A]3)}.{#SC2=CC(C)[$],#SC3=C(C(C[$][$])[$])[$],#SC5=C(=C[$])C[$],#SN4a=O=C(C[$])[$],#SP1=OC(C[$])[$],#TC3A=C(C[$][$])[$],#TC3B=C(C[$][$][$])[$],#TC5A=C(=C[$])[$],#TC5B=C(=C[$][$])[$],#TN4a=O(C[$][$])[$],#TN6a=O=C[$][$]}",0.829748809337616,0.7014842629432678,0.8459323644638062,
TPCN00072,CC(C)C1C=CC2(CC1)CC(C(=O)CC4CC3CC(CC(=O)O3)O4)C2C=Cc5ccccc5,"{[#SC2][#TC3A]1[#TC5A][#TC3B]1[#SC3B][#SN4aC][#SN4aB]2[#SC3C][#SN4aA][#SC3A]2(=[#SN6a])([#TC5A][#TC5B]3[#TC5A][#TC5A]3)}.{#SC2=CC(C)[$],#SC3A=C(C(C[$])[$])[$],#SC3B=C(C(C[$][$])[$])[$],#SC3C=C[$][$],#SN4aA=O(C[$][$])C[$][$],#SN4aB=O(C[$][$])[$],#SN4aC=O=C(C[$])[$],#SN6a=O[$],#TC3A=C(C[$][$])[$],#TC3B=C(C[$][$][$])[$],#TC5A=C(=C[$])[$],#TC5B=C(=C[$][$])[$]}",1.0610557794570923,1.090806484222412,1.0803790092468262,
TPCN00073,COC(=O)C1=C2Nc3c(O)cccc3C25CCN4CC(C(C)O)C1CC45,"{[#N4a][#TC3C]34=[#TC5C]15[#TN6d][#TC5B]12[#SN6][#TC5A]2([#TC3A][#SN1]3[#SP1]([#TC3B]45))}.{#N4a=COC(=O)[$],#SN1=C(C[$][$])N[$][$],#SN6=OC(C[$])[$],#SP1=CC(O)[$],#TC3A=C(C[$])[$],#TC3B=C(C[$][$])[$],#TC3C=C(C[$][$])[$][$],#TC5A=C(C[$])[$],#TC5B=C(C[$][$])[$][$],#TC5C=C(C[$][$][$])[$][$],#TN6d=N[$][$]}",0.5064491629600525,0.07565417885780334,0.4139564633369446,
TPCN00074,CC1(C)C(=O)C2=C(OC3(CCC4CC3C4(C)C)CC2c5ccccc5)C(C)(C)C1=O,"{[#SC4]5[#TN6a][#TC5C]3[#SN4a]1[#TC3]2[#TC3]1[#SC4]2([#TC3]3[#TC5B]4[#TC5A][#TC5A]4)([#SC4][#TN6a]5)}.{#SC4=CC(C)[$][$],#SN4a=C(C(O[$])[$][$])[$],#TC3=C(C[$][$])[$],#TC5A=C(=C[$])[$],#TC5B=C(=C[$][$])[$],#TC5C=C(=C[$][$])[$][$],#TN6a=O=C[$][$]}",0.9506424069404602,0.8957520723342896,0.9567031860351562,
TPCN00076,CC=C1C(OC2OC(CO)C(O)C(O)C2O)OC=C4C(=O)OCC(C)C3C(O)CC(C)C3COC(=O)CC41,"{[#TC3B]=[#TC3A]23[#TN4a][#SP4B]1[#TN4a][#TP1]([#SP4A]1)([#TC5]2[#SN4a][#SC2][#SN6][#SC3][#N4a]3)}.{#N4a=O=C(C[$])OC[$],#SC2=CC(C[$])[$],#SC3=CC(C[$])C[$][$],#SN4a=O=C(O[$])[$],#SN6=OC(C[$][$])[$],#SP4A=OC(C(O)[$])[$],#SP4B=OC(C(O[$])[$])[$],#TC3A=C(C[$][$])[$][$],#TC3B=CC[$],#TC5=C(=C[$][$])[$],#TN4a=O(C[$][$])[$],#TP1=OC[$]}",0.16705955564975739,-0.45409464836120605,0.12294028699398041,
TPCN00077,CC=C1C[N+]2(C)CCc3c4n(c5ccccc35)C(C(=O)OC)C1CC42,"{[#TC3D]=[#TC3C]14[#SN1]5[#TC3A][#TC5A]2[#TN1]1[#TC5C]23[#TC5B][#TC5B]3([#N4a])([#TC3B]45)}.{#N4a=COC(=O)[$],#SN1=C[N+](C[$])[$][$],#TC3A=C(C[$])[$],#TC3B=C(C[$][$])[$],#TC3C=C(C[$][$])[$][$],#TC3D=CC[$],#TC5A=C(=C[$][$])[$][$],#TC5B=C(C[$])[$],#TC5C=C(C[$][$])[$][$],#TN1=C(N[$][$])[$][$]}",1.0519465208053589,1.0603952407836914,1.051891565322876,
TPCN00081,C=CC1CN2CCc3c([nH]c4cccc(OC)c34)C2CC1C(=COC)C(=O)OC,"{[#TC5F][#TC3B]4[#TN6dA]1[#TC3A][#TC5B]12[#TN6dB][#TC5E]23[#TC5C][#TC5D]3[#TN2a]([#TC3B]4[#TC5A][#TP1d]([#N4a]))}.{#N4a=COC(=O)[$],#TC3A=C(C[$])[$],#TC3B=C(C[$][$])[$],#TC5A=C(=C[$][$])[$],#TC5B=C(=C[$][$])[$][$],#TC5C=C(C[$])[$],#TC5D=C(C[$][$])[$],#TC5E=C(C[$][$])[$][$],#TC5F=C=C[$],#TN2a=CO[$],#TN6dA=C(N[$][$])[$][$],#TN6dB=N[$][$],#TP1d=CO[$]}",0.7785011529922485,0.5816493630409241,0.7511128783226013,
TPCN00082,C=C(COC1OC(CO)C(O)C(O)C1OC2OC(COC(=O)CC(=O)O)C(O)C(O)C2O)C3CC=C(C)CC3,"{[#TC5][#TP1d][#SN4a]1[#TP1]([#SP4][#TN6A]1[#SN4a]2[#N4a][#SP2]([#SP4][#TN6B]2))([#TC3B]3[#SC4][#TC3A]3)}.{#N4a=O=C(C[$])OC[$],#SC4=CC(=C[$])[$],#SN4a=O(C[$][$])C[$][$],#SP2=O=C(O)[$],#SP4=OC(C(O)[$])[$],#TC3A=C(C[$])[$],#TC3B=C(C[$][$])[$],#TC5=C=C[$][$],#TN6A=O(C[$][$])[$],#TN6B=OC[$][$],#TP1=OC[$],#TP1d=C(O[$])[$]}",0.06888804584741592,-0.5604545474052429,0.09861598908901215,
TPCN00083,C=CC1C(OC2OC(CO)C(O)C(O)C2O)OC=C6C(=O)N3CCc4c([nH]c5ccc(O)cc45)C3CC61,"{[#TC5D][#SN6A]2[#SN4a]1[#TP1]([#SP4][#TN6]1)([#TN4a]=[#TC5C]23[#TN6a][#SN6d]34[#TC3][#TC5A]45[#TN6d][#TC5C]56[#TC5B][#SN6B]6)}.{#SN4a=O(C[$][$])C[$][$],#SN6A=O(C(C[$][$])[$])[$],#SN6B=OC(C[$])[$],#SN6d=C(C(N[$][$])[$])[$],#SP4=OC(C(O)[$])[$],#TC3=C(C[$])[$],#TC5A=C(=C[$][$])[$][$],#TC5B=C(C[$])[$],#TC5C=C(C[$][$])[$][$],#TC5D=C=C[$],#TN4a=C(O[$])[$],#TN6=OC[$][$],#TN6a=O=C[$][$],#TN6d=N[$][$],#TP1=OC[$]}",-0.02708209678530693,-0.8703737854957581,-0.1881348043680191,
TPCN00085,O=CC1(C=COC2OC(CO)C(O)C(O)C2O)CCC(COC(=O)C=Cc3ccc(O)c(O)c3)CC1O,"{[#TN4a][#SN6B]2[#SP2][#SN4a]1[#TP1]([#SP4][#TN6]1)([#TC3A][#TC3B]2[#N4a][#TC5A][#TC5B]3[#SN6A][#SN6A]3)}.{#N4a=O=C(OC[$])[$],#SN4a=O(C[$][$])C[$][$],#SN6A=OC(=C[$])[$],#SN6B=OC(C[$][$][$])[$],#SP2=C(=C[$])O[$],#SP4=OC(C(O)[$])[$],#TC3A=C(C[$])[$],#TC3B=C(C[$][$])[$],#TC5A=C(=C[$])[$],#TC5B=C(=C[$][$])[$],#TN4a=O=C[$],#TN6=OC[$][$],#TP1=OC[$]}",-0.011700770817697048,-0.7858348488807678,-0.09765427559614182,
TPCN00086,C=C(CCCC(C)CO)C1COC2OC(CO)C(O)C(=O)C21O,"{[#C4][#P1]([#SN6]1[#TN4aA]([#TN4aB][#TP1]([#TN6][#TN6a]1)))}.{#C4=C=C(CC[$])[$],#P1=CC(CO)C[$],#SN6=OC(C[$][$])(C[$][$])[$],#TN4aA=C(O[$])[$],#TN4aB=O(C[$][$])[$],#TN6=OC[$][$],#TN6a=O=C[$][$],#TP1=OC[$]}",0.06829473376274109,-0.7166251540184021,-0.10012612491846085,
TPCN00087,C=CC1C(OC2OC(CO)C(O)C(O)C2O)OC=C(C(=O)O)C1CC3NCCc4cc(O)c(OC)cc43,"{[#TC5D][#TC3]2[#TN4a][#SP4B]1[#TN4a][#TP1]([#SP4A]1)([#TC5A]2[#SP2])([#TC4]3[#SN6d][#TC5C]34[#SN6][#TC5B]4[#TN2a])}.{#SN6=OC(C[$])[$],#SN6d=C(C[$])N[$],#SP2=O=C(O)[$],#SP4A=OC(C(O)[$])[$],#SP4B=OC(C(O[$])[$])[$],#TC3=C(C[$][$])[$][$],#TC4=C(C[$][$])[$],#TC5A=C(=C[$][$])[$],#TC5B=C(C[$][$])[$],#TC5C=C(C[$][$])[$][$],#TC5D=C=C[$],#TN2a=CO[$],#TN4a=O(C[$][$])[$],#TP1=OC[$]}",0.032702308148145676,-0.6630919575691223,0.00865123886615038,
TPCN00088,C=C(C)C1CCC2(C(=O)O)CCC3(C)C(CCC4C5(C)CCC(O)C(C)(C)C5CCC43C)C12,"{[#SC4A][#TC3B][#SC3]1[#SP2]([#TC3A][#SC4C]12[#TC3A][#SC4C]24[#SC4C]3[#TC3A][#TN6][#SC4B]3([#TC3A]4))}.{#SC3=C(C(C[$][$])[$][$])[$],#SC4A=C=C(C)[$],#SC4B=CC(C)[$][$],#SC4C=CC(C[$][$])[$][$],#SP2=O=C(O)[$],#TC3A=C(C[$])[$],#TC3B=C(C[$][$])[$],#TN6=OC[$][$]}",1.08540940284729,1.133008360862732,1.1066099405288696,
TPCN00089,CC=C1C(OC2OC(CO)C(O)C(O)C2O)OC=C(C(=O)OC)C1CC(=O)OCC(C)C3CC(O)C(C)C3COC(=O)CC4C(C(=O)OC)=COC(OC5OC(CO)C(O)C(O)C5O)C4=CC,"{[#TC3B]=[#TC3A]2[#TN4a][#SP4B]1[#TN4a][#TP1]([#SP4A]1)([#TC5]2[#N4aA])([#SN4a][#N3r][#SC3]3[#TN6][#TC4]3([#N4aB][#TC3A]4[#TC5][#N4aA]([#TN4a]4[#SP4B]5[#TN4a][#TP1]([#SP4A]5))(=[#TC3B])))}.{#N3r=CC(CO[$])[$],#N4aA=COC(=O)[$],#N4aB=O=C(C[$])OC[$],#SC3=C(C(C[$][$])[$])[$],#SN4a=O=C(C[$])[$],#SP4A=OC(C(O)[$])[$],#SP4B=OC(C(O[$])[$])[$],#TC3A=C(C[$][$])[$][$],#TC3B=CC[$],#TC4=CC[$][$],#TC5=C(=C[$][$])[$],#TN4a=O(C[$][$])[$],#TN6=OC[$][$],#TP1=OC[$]}",0.08554798364639282,-0.5757239460945129,0.060198456048965454,
TPCN00090,COC(=O)N1c2c(ccc3c2OCO3)C67CCN4CCCC5(CCC16C(O)(C(=O)OC)C5)C47,"{[#N4a][#TN1B]2[#TC5B]1[#TC5A][#TC5B]1[#SN5a]([#TC3B]245[#SC3B]3[#TN1A][#SC3A]3[#TC3A]4([#SN6]5[#N4a]))}.{#N4a=COC(=O)[$],#SC3A=C(C[$])C[$][$][$],#SC3B=C(C[$])[$].C[$][$][$],#SN5a=C(O[$])O[$],#SN6=OC(C[$])[$][$],#TC3A=C(C[$])[$],#TC3B=C(C[$][$][$])[$][$][$],#TC5A=C(=C[$])[$],#TC5B=C(=C[$][$])[$][$],#TN1A=C(N[$][$])[$],#TN1B=N[$][$][$]}",0.6476209759712219,0.3602946698665619,0.6170955896377563,
TPCN00092,CC12CC3(O)OC(O1)C5(COC(=O)c4ccc(O)cc4)C3CC25OC6OC(COC(=O)c7ccccc7)C(O)C(O)C6O,"{[#TC4]14[#SN6B]2[#SN5a]1[#SC5]2[#N4a][#TC5B]3[#SN6A][#TC5A]3([#TN6A]4[#SN4a]6[#N4a][#TC5B]5[#TC5A][#TC5A]5([#SP4][#TN6B]6))}.{#N4a=O=C(OC[$])[$],#SC5=C(C(C[$][$][$])[$])[$],#SN4a=O(C[$][$])C[$][$],#SN5a=O(C(O[$])[$])[$],#SN6A=OC(=C[$])[$],#SN6B=OC(C[$])[$][$],#SP4=OC(C(O)[$])[$],#TC4=CC[$][$][$],#TC5A=C(=C[$])[$],#TC5B=C(=C[$][$])[$],#TN6A=O(C[$][$][$])[$],#TN6B=OC[$][$]}",0.1157977357506752,-0.5194499492645264,0.09770236164331436,
TPCN00093,CCC1CC2CN3CCc4c([nH]c5ccccc45)C(C(=O)OC)(C2)C13,"{[#TC3C][#TC3B]3[#TC3B]4[#TN6dA]5[#TC3A][#TC5A]1[#TN6dB][#TC5C]12[#TC5B][#TC5B]2([#TC5D]345[#N4a])}.{#N4a=COC(=O)[$],#TC3A=C(C[$])[$],#TC3B=C(C[$][$])[$],#TC3C=CC[$],#TC5A=C(=C[$][$])[$][$],#TC5B=C(C[$])[$],#TC5C=C(C[$][$])[$][$],#TC5D=C(C[$][$][$])[$][$],#TN6dA=C(N[$][$])[$],#TN6dB=N[$][$]}",0.884889543056488,0.8129000663757324,0.9255799055099487,
TPCN00095,CC(=CCO)CCC=C(C)C(=O)OC1C(OC2C(O)C(C)OC(OCC=C(C)CCC=C(C)COC3OC(C)C(O)C(O)C3O)C2O)OC(C)C(O)C1OC4OC(C)C(O)C(O)C4O,"{[#SC2B]=[#SP1]([#C4][#SN4a][#SN6]3[#TN4a][#SP4B]1[#TN6][#TC4][#TN4a]1[#SN3r]=[#TC3][#SC2A]=[#N3r][#TN4a]2[#TC4][#SP4A][#TN6]2([#TC4][#TN6]3)([#TN4a]4[#TC4][#SP4A][#TN6]4))}.{#C4=CC(=CC[$])[$],#N3r=CC(CO[$])[$],#SC2A=C(C[$])C[$],#SC2B=CC(C[$])[$],#SN3r=C(C[$])O[$],#SN4a=O=C(O[$])[$],#SN6=O(C(C[$][$])[$])[$],#SP1=OCC[$],#SP4A=OC(C(O)[$])[$],#SP4B=OC(C(O[$])[$])[$],#TC3=CC[$][$],#TC4=CC[$][$],#TN4a=O(C[$][$])[$],#TN6=OC[$][$]}",0.2753480076789856,-0.2949591279029846,0.20316465198993683,
TPCN00097,COC(=O)C1=COC(OC2OC(CO)C(O)C(O)C2O)C5C(C3NCCc4c3[nH]c6ccccc46)=CCC15,"{[#N4a][#TC5A]2[#TN4a][#SP4B]1[#TN4a][#TP1]([#SP4A]1)([#SC3]2[#TC5A][#TC5C]34[#TN6dA][#TC3]3[#TC5C]5[#TN6dB]4([#TC5B][#TC5B]5))}.{#N4a=COC(=O)[$],#SC3=C(C(C[$][$])[$])[$],#SP4A=OC(C(O)[$])[$],#SP4B=OC(C(O[$])[$])[$],#TC3=C(C[$][$])[$],#TC5A=C(=C[$][$])[$],#TC5B=C(C[$])[$],#TC5C=C(C[$][$])[$][$],#TN4a=O(C[$][$])[$],#TN6dA=C(N[$])[$],#TN6dB=N[$][$],#TP1=OC[$]}",0.31909891963005066,-0.1399134397506714,0.3514588177204132,
TPCN00098,CC1OC=C(C(=O)[O-])C2Cc3c4[nH]c5ccccc5c4cc[n+]3CC12,"{[#TC4][#TN4a]1[#TC5A][#SN4a]([#TC5D]14[#SC5][#TC5B]35[#TN6d][#TC5D]2[#TC5C][#TC5C]2([#TC5A]3[#SN6a]45))}.{#SC5=C[$][$],#SN4a=O=C([O-])[$],#SN6a=C(=[N+](C[$])[$])[$],#TC4=C[$],#TC5A=C(=C[$][$])[$],#TC5B=C(=C[$][$])[$][$],#TC5C=C(C[$])[$],#TC5D=C(C[$][$])[$][$],#TN4a=O(C[$][$])[$],#TN6d=N[$][$]}",0.791034996509552,0.645847737789154,0.8188542127609253,
TPCN00099,C=CC(C)(CCC=C(C)C(=O)O)OC1OCC(OC(=O)C(C)CC)C(OC2OC(CO)C(O)C(O)C2O)C1O,"{[#TC5][#SN3r][#SC2]=[#TC3B][#SP2]([#TN4a]1[#TC3A][#SN4aB][#C1]([#SP4B]1[#SN4aA]2[#TP1]([#SP4A][#TN6]2)))}.{#C1=CCC(C)[$],#SC2=C(C[$])C[$],#SN3r=CC(O[$])[$][$],#SN4aA=O(C[$][$])C[$][$],#SN4aB=O=C(O[$])[$],#SP2=O=C(O)[$],#SP4A=OC(C(O)[$])[$],#SP4B=OC(C(O[$])[$])[$],#TC3A=C(C[$][$])[$],#TC3B=CC[$][$],#TC5=C=C[$],#TN4a=O(C[$][$])[$],#TN6=OC[$][$],#TP1=OC[$]}",0.20316186547279358,-0.3777531683444977,0.17942175269126892,
TPCN00100,CC(=O)OC1C2C3CC4C5=Nc6ccccc6C51CC2N4C(C)C3C=O,"{[#SN4a][#TC3B]2[#TC3A]4[#SN6d]3=[#TN6d][#TC5B]1[#TC5A][#TC5A]1([#SC3]23)([#SC4]4[#TN4a])}.{#SC3=C(C[$][$])C[$][$][$],#SC4=CC(C[$][$])[$],#SN4a=CC(=O)O[$],#SN6d=C(C[$][$])(N[$][$])[$],#TC3A=C(C[$][$])[$],#TC3B=C(C[$][$])[$][$],#TC5A=C(C[$])[$],#TC5B=C(C[$][$])[$][$],#TN4a=O=C[$],#TN6d=N[$][$]}",0.8281405568122864,0.6765558123588562,0.8159269690513611,
TPCN00101,CC(C)(OC1OC(CO)C(O)C(O)C1O)C2CC=C(C(=O)O)CC2,"{[#N3r][#SN4a]1[#TP1]([#SP4][#TN6]1)([#TC3B]2[#TC5][#SP2]([#TC3A]2))}.{#N3r=CC(C)(O[$])[$],#SN4a=O(C[$][$])C[$][$],#SP2=O=C(O)[$],#SP4=OC(C(O)[$])[$],#TC3A=C(C[$])[$],#TC3B=C(C[$][$])[$],#TC5=C(=C[$][$])[$],#TN6=OC[$][$],#TP1=OC[$]}",0.16735437512397766,-0.4958726763725281,0.0692584291100502,
TPCN00102,C=CC1C(OC2OC(CO)C(O)C(O)C2O)OC=C(C(=O)OC)C1Cc4c5[nH]c3ccccc3c5cc[n+]4C,"{[#TC5E][#TC3]2[#TN4a][#SP4B]1[#TN4a][#TP1]([#SP4A]1)([#TC5A]2[#N4a])([#TC4][#TC5B]45[#TN6d][#TC5D]3[#TC5C][#TC5C]3([#TC5A]4[#TN6a]5[#SC4]))}.{#N4a=COC(=O)[$],#SC4=C[$],#SP4A=OC(C(O)[$])[$],#SP4B=OC(C(O[$])[$])[$],#TC3=C(C[$][$])[$][$],#TC4=C[$][$],#TC5A=C(=C[$][$])[$],#TC5B=C(=C[$][$])[$][$],#TC5C=C(C[$])[$],#TC5D=C(C[$][$])[$][$],#TC5E=C=C[$],#TN4a=O(C[$][$])[$],#TN6a=C(=[N+][$][$])[$],#TN6d=N[$][$],#TP1=OC[$]}",0.3345031440258026,-0.08967635035514832,0.3981132507324219,
TPCN00105,COC(=O)C1=C2Nc3ccccc3C25CCN4CC(C(C)O)C1CC45,"{[#N4a][#TC3C]34=[#TC5C]15[#TN6d][#TC5B]12[#TC5A][#TC5A]2([#TC3A][#SN1]3[#SP1]([#TC3B]45))}.{#N4a=COC(=O)[$],#SN1=C(C[$][$])N[$][$],#SP1=CC(O)[$],#TC3A=C(C[$])[$],#TC3B=C(C[$][$])[$],#TC3C=C(C[$][$])[$][$],#TC5A=C(C[$])[$],#TC5B=C(C[$][$])[$][$],#TC5C=C(C[$][$][$])[$][$],#TN6d=N[$][$]}",0.7231314778327942,0.49748340249061584,0.7065202593803406,
TPCN00106,CC(=O)OC1C(C)OC(OCC=C(C)CCC=C(C)COC2OC(C)C(O)C(O)C2O)C(O)C1OC3OC(C)C(O)C(OC4OC(C)C(O)C(O)C4O)C3OC(=O)C(C)=CCCC(C)=CCO,"{[#SN4aA][#SN6]2[#TC4][#TN4a][#SN3r]=[#TC3][#SC2A]=[#N3r][#TN4a]1[#TC4][#SP4][#TN6]1([#TN6]2)([#TN4a]3[#TC4][#TN6][#SN6]3[#TN4a]4[#TC4][#SP4][#TN6]4([#SN4aB][#C4][#SC2B]=[#SP1]))}.{#C4=CC(=CC[$])[$],#N3r=CC(CO[$])[$],#SC2A=C(C[$])C[$],#SC2B=CC(C[$])[$],#SN3r=C(C[$])O[$],#SN4aA=CC(=O)O[$],#SN4aB=O=C(O[$])[$],#SN6=O(C(C[$][$])[$])[$],#SP1=OCC[$],#SP4=OC(C(O)[$])[$],#TC3=CC[$][$],#TC4=CC[$][$],#TN4a=O(C[$][$])[$],#TN6=OC[$][$]}",0.3379066586494446,-0.17479974031448364,0.28555333614349365,
TPCN00107,Cc1cc(O)c(C(C)C)cc1OC2OC(CO)C(O)C(O)C2O,"{[#SC4]1[#SN6B][#SC2]([#SN6A]1[#SN4a]2[#TP1]([#SP4][#TN6]2))}.{#SC2=CC(C)[$],#SC4=CC(=C[$])[$],#SN4a=O(C[$][$])C[$][$],#SN6A=C(=C(O[$])[$])[$],#SN6B=OC(=C[$][$])[$],#SP4=OC(C(O)[$])[$],#TN6=OC[$][$],#TP1=OC[$]}",-0.046189773827791214,-0.8909334540367126,-0.19268888235092163,
TPCN00108,C=CC1C(OC2OC(CO)C(O)C(O)C2O)OC=C(C(=O)O)C1CCO,"{[#TC5B][#TC3]2[#TN4a][#SP4B]1[#TN4a][#TP1]([#SP4A]1)([#TC5A]2[#SP2])([#SP1])}.{#SP1=OCC[$],#SP2=O=C(O)[$],#SP4A=OC(C(O)[$])[$],#SP4B=OC(C(O[$])[$])[$],#TC3=C(C[$][$])[$][$],#TC5A=C(=C[$][$])[$],#TC5B=C=C[$],#TN4a=O(C[$][$])[$],#TP1=OC[$]}",-0.273039847612381,-1.156243085861206,-0.27384474873542786,
TPCN00109,C=C(COC1OC(COC(=O)CC(=O)O)C(O)C(O)C1OC2OC(CO)C(O)C(O)C2O)C3CC=C(C)CC3,"{[#TC5][#TP1d][#SN4a]1[#N4a][#SP2]([#SP4][#TN6A]1[#SN4a]2[#TP1]([#SP4][#TN6B]2))([#TC3B]3[#SC4][#TC3A]3)}.{#N4a=O=C(C[$])OC[$],#SC4=CC(=C[$])[$],#SN4a=O(C[$][$])C[$][$],#SP2=O=C(O)[$],#SP4=OC(C(O)[$])[$],#TC3A=C(C[$])[$],#TC3B=C(C[$][$])[$],#TC5=C=C[$][$],#TN6A=O(C[$][$])[$],#TN6B=OC[$][$],#TP1=OC[$],#TP1d=C(O[$])[$]}",0.13969546556472778,-0.43438127636909485,0.17918825149536133,
TPCN00110,C=CC1C(OC2OC(CO)C(O)C(O)C2O)OC=C(C(=O)O)C1CC3NCCc5c3[nH]c4ccccc54,"{[#TC5E][#TC3]2[#TN4a][#SP4B]1[#TN4a][#TP1]([#SP4A]1)([#TC5A]2[#SP2])([#TC4]3[#SN6d][#TC5B]34[#TN6d][#TC5D]45[#TC5C][#TC5C]5)}.{#SN6d=C(C[$])N[$],#SP2=O=C(O)[$],#SP4A=OC(C(O)[$])[$],#SP4B=OC(C(O[$])[$])[$],#TC3=C(C[$][$])[$][$],#TC4=C(C[$][$])[$],#TC5A=C(=C[$][$])[$],#TC5B=C(=C[$][$])[$][$],#TC5C=C(C[$])[$],#TC5D=C(C[$][$])[$][$],#TC5E=C=C[$],#TN4a=O(C[$][$])[$],#TN6d=N[$][$],#TP1=OC[$]}",0.17288662493228912,-0.3950231671333313,0.1917516142129898,
TPCN00111,OCC1OC(OC2OC=CC3CC4OC4(CO)C32)C(O)C(O)C1O,"{[#TP1][#TN4aA]3[#SP4B][#TN4aA]1[#TC5A][#TC5B]12[#TC3][#TN4aB]2[#TP1]([#SP4A]3)}.{#SP4A=OC(C(O)[$])[$],#SP4B=OC(C(O[$])[$])[$],#TC3=C(C[$][$])[$],#TC5A=C(=C[$])[$],#TC5B=C(C[$][$])[$][$],#TN4aA=O(C[$][$])[$],#TN4aB=O(C[$][$][$])[$],#TP1=OC[$]}",-0.07197315245866776,-0.8163716197013855,-0.06819912791252136,
TPCN00113,CC12CC3(O)OC(O1)C4(CO)C3CC24OC5OC(CO)C(O)C(O)C5O,"{[#TC4]13[#SN6]2[#SN5a]1[#SC5]2[#TP1]([#TN6A]3[#SN4a]4[#TP1]([#SP4][#TN6B]4))}.{#SC5=C(C(C[$][$][$])[$])[$],#SN4a=O(C[$][$])C[$][$],#SN5a=O(C(O[$])[$])[$],#SN6=OC(C[$])[$][$],#SP4=OC(C(O)[$])[$],#TC4=CC[$][$][$],#TN6A=O(C[$][$][$])[$],#TN6B=OC[$][$],#TP1=OC[$]}",-0.27231743931770325,-1.2232446670532227,-0.3602197468280792,
TPCN00115,C=CC1C(OC2OC(CO)C(O)C(O)C2O)OC=C(C(=O)OC)C1CC3NC(C(=O)O)Cc5c3[nH]c4ccccc54,"{[#TC5E][#TC3]2[#TN4a][#SP4B]1[#TN4a][#TP1]([#SP4A]1)([#TC5A]2[#N4a])([#TC4]3[#SN6d][#SP2]([#TC5B]34[#TN6d][#TC5D]45[#TC5C][#TC5C]5))}.{#N4a=COC(=O)[$],#SN6d=C(C(N[$])[$])[$],#SP2=O=C(O)[$],#SP4A=OC(C(O)[$])[$],#SP4B=OC(C(O[$])[$])[$],#TC3=C(C[$][$])[$][$],#TC4=C(C[$][$])[$],#TC5A=C(=C[$][$])[$],#TC5B=C(=C[$][$])[$][$],#TC5C=C(C[$])[$],#TC5D=C(C[$][$])[$][$],#TC5E=C=C[$],#TN4a=O(C[$][$])[$],#TN6d=N[$][$],#TP1=OC[$]}",0.26235654950141907,-0.22900356352329254,0.3021376430988312,
TPCN00116,C=CC1C(OC2OC(CO)C(O)C(O)C2O)OC=C(C(=O)OC)C1CC3=[N+](C)CCc5c3[nH]c4ccccc54,"{[#TC5E][#TC3]2[#TN4a][#SP4B]1[#TN4a][#TP1]([#SP4A]1)([#TC5A]2[#N4a])([#TC4][#TN6a]3[#SC4]([#TC5C][#TC5B]34[#TN6d][#TC5D]45[#TC5C][#TC5C]5))}.{#N4a=COC(=O)[$],#SC4=C[$],#SP4A=OC(C(O)[$])[$],#SP4B=OC(C(O[$])[$])[$],#TC3=C(C[$][$])[$][$],#TC4=C[$][$],#TC5A=C(=C[$][$])[$],#TC5B=C(=C[$][$])[$][$],#TC5C=C(C[$])[$],#TC5D=C(C[$][$])[$][$],#TC5E=C=C[$],#TN4a=O(C[$][$])[$],#TN6a=C(=[N+][$][$])[$][$],#TN6d=N[$][$],#TP1=OC[$]}",0.35726332664489746,-0.05480065569281578,0.4167991578578949,
TPCN00117,O=C(C=Cc1ccc(O)c(O)c1)OC(Cc2ccc(O)c(O)c2)C(=O)O,"{[#TN4a][#TC5A][#TC5B]1[#SN6][#SN6]1([#SN3r][#TC5B]2[#SN6][#SN6]2([#SP2]))}.{#SN3r=C(C(O[$])[$])[$],#SN6=OC(=C[$])[$],#SP2=O=C(O)[$],#TC5A=C(=C[$])[$],#TC5B=C(=C[$][$])[$],#TN4a=O=C[$][$]}",-0.02902636118233204,-0.8406552672386169,-0.14797945320606232,
TPCN00118,C=CC(C)(C)C(C=C(C)C)OC1OC(CO)C(O)C(O)C1O,"{[#TC5][#SC2B][#SN3r]=[#SC2A]([#SN4a]1[#TP1]([#SP4][#TN6]1))}.{#SC2A=CC(C)[$],#SC2B=CC(C)[$][$],#SN3r=C(C(O[$])[$])[$],#SN4a=O(C[$][$])C[$][$],#SP4=OC(C(O)[$])[$],#TC5=C=C[$],#TN6=OC[$][$],#TP1=OC[$]}",0.39441341161727905,-0.07079251855611801,0.35418930649757385,
TPCN00120,CC1C(O)CC2C(C(=O)O)=COC(OC3OC(CO)C(O)C(O)C3O)C21,"{[#TC4]1[#SN6][#TC5B]12[#TC5A][#SP2]([#TN4a]2[#SP4B]3[#TN4a][#TP1]([#SP4A]3))}.{#SN6=OC(C[$])[$],#SP2=O=C(O)[$],#SP4A=OC(C(O)[$])[$],#SP4B=OC(C(O[$])[$])[$],#TC4=CC[$][$],#TC5A=C(=C[$][$])[$],#TC5B=C(C[$][$])[$][$],#TN4a=O(C[$][$])[$],#TP1=OC[$]}",-0.08618966490030289,-0.8834428191184998,-0.137698233127594,
TPCN00121,CC1(C)C2CCC1(C)C(OC(=O)C=CC=Cc4ccc3c(c4)OCO3)C2,"{[#SC3A]1[#SC3B][#TC3]1[#SN4a][#SC5][#TC5B]2[#TC5A][#TC5C]2[#SN5a]}.{#SC3A=CC(C)(C[$][$])[$],#SC3B=CC(CC[$])[$][$],#SC5=C(C=C[$])=C[$],#SN4a=O=C(O[$])[$],#SN5a=C(O[$])O[$],#TC3=C(C[$][$])[$],#TC5A=C(=C[$])[$],#TC5B=C(=C[$][$])[$],#TC5C=C(=C[$][$])[$][$]}",1.0237778425216675,1.0248476266860962,1.0384900569915771,
TPCN00123,C=C(COC1OC(COC(=O)CC(=O)O)C(O)C(O)C1OC2OC(COC(=O)CC(=O)O)C(O)C(O)C2O)C3CC=C(C)CC3,"{[#TC5][#TP1d][#SN4a]1[#N4a][#SP2]([#SP4][#TN6A]1[#SN4a]2[#N4a][#SP2]([#SP4][#TN6B]2))([#TC3B]3[#SC4][#TC3A]3)}.{#N4a=O=C(C[$])OC[$],#SC4=CC(=C[$])[$],#SN4a=O(C[$][$])C[$][$],#SP2=O=C(O)[$],#SP4=OC(C(O)[$])[$],#TC3A=C(C[$])[$],#TC3B=C(C[$][$])[$],#TC5=C=C[$][$],#TN6A=O(C[$][$])[$],#TN6B=OC[$][$],#TP1d=C(O[$])[$]}",0.18002408742904663,-0.34535717964172363,0.24706494808197021,
TPCN00124,CCC1CN(C)C2Cc3c([nH]c4ccccc34)C(c6c(OC)ccc8c5c([nH]c68)C7(C(=O)OC)CC9CC(CC)C7N(CC5)C9)CC1C2C(=O)OC,"{[#TC3D][#TC3B]8[#TN1][#TC4]9[#SC4]1[#TN6dB][#TC5C]12[#TC5B][#TC5B]2([#TC3B][#TC5C]3[#TN2a]([#TC5B][#TC5C]34[#TC5A]7[#TN6dB]4([#TC5D]56[#N4a]([#TC3B][#TC3B]5[#TC3D]([#TN6dA]6[#TC3A]7))))([#TC3C]89[#N4a]))}.{#N4a=COC(=O)[$],#SC4=C(C(=C[$][$])[$])[$],#TC3A=C(C[$])[$],#TC3B=C(C[$][$])[$],#TC3C=C(C[$][$])[$][$],#TC3D=CC[$],#TC4=C[$][$][$],#TC5A=C(=C[$][$])[$][$],#TC5B=C(C[$])[$],#TC5C=C(C[$][$])[$][$],#TC5D=C(C[$][$][$])[$][$],#TN1=CN[$][$],#TN2a=CO[$],#TN6dA=C(N[$][$])[$],#TN6dB=N[$][$]}",0.9460182785987854,0.8968718647956848,0.9633838534355164,
TPCN00125,CC=C1CN2C3CC1C(CO)C2Cc4c3[nH]c5ccc(OC)cc45,"{[#TC3B]=[#TC3A]1[#TN6dA]23[#SC3]1[#TP1]([#TC3A]2[#TC5A]34[#TN6dB][#TC5D]45[#TC5B][#TC5C]5[#TN2a])}.{#SC3=C(C(C[$][$])[$])[$],#TC3A=C(C[$][$])[$],#TC3B=CC[$],#TC5A=C(=C[$][$])[$][$],#TC5B=C(C[$])[$],#TC5C=C(C[$][$])[$],#TC5D=C(C[$][$])[$][$],#TN2a=CO[$],#TN6dA=C(N[$][$])[$][$],#TN6dB=N[$][$],#TP1=OC[$]}",0.735008716583252,0.5077780485153198,0.7061774134635925,
TPCN00126,CCC1CN(C)C2Cc3c([nH]c4ccccc34)C(c6ccc8[nH]c5c(c8c6)CCN7CC9CC(CC)C7C5(C(=O)OC)C9)CC1C2C(=O)OC,"{[#TC3D][#TC3B]8[#TN1][#TC4]9[#SC4]1[#TN6dB][#TC5D]12[#TC5B][#TC5B]2([#TC3B][#TC5C]3[#TC5B][#TC5D]34[#TN6dB][#TC5A]45[#TC3A][#TN6dA]6[#TC3B]7[#TC3B][#TC3D]([#TC5E]567[#N4a])([#TC3C]89[#N4a]))}.{#N4a=COC(=O)[$],#SC4=C(C(=C[$][$])[$])[$],#TC3A=C(C[$])[$],#TC3B=C(C[$][$])[$],#TC3C=C(C[$][$])[$][$],#TC3D=CC[$],#TC4=C[$][$][$],#TC5A=C(=C[$][$])[$][$],#TC5B=C(C[$])[$],#TC5C=C(C[$][$])[$],#TC5D=C(C[$][$])[$][$],#TC5E=C(C[$][$][$])[$][$],#TN1=CN[$][$],#TN6dA=C(N[$][$])[$],#TN6dB=N[$][$]}",0.9595164656639099,0.9364230632781982,0.9985573887825012,
TPCN00127,CC12CC3(O)OC(O1)C5(COC(=O)c4ccccc4)C3CC25OC6OC(COC(=O)c7ccc(O)cc7)C(O)C(O)C6O,"{[#TC4]14[#SN6B]2[#SN5a]1[#SC5]2[#N4a][#TC5B]3[#TC5A][#TC5A]3([#TN6A]4[#SN4a]6[#N4a][#TC5B]5[#SN6A][#TC5A]5([#SP4][#TN6B]6))}.{#N4a=O=C(OC[$])[$],#SC5=C(C(C[$][$][$])[$])[$],#SN4a=O(C[$][$])C[$][$],#SN5a=O(C(O[$])[$])[$],#SN6A=OC(=C[$])[$],#SN6B=OC(C[$])[$][$],#SP4=OC(C(O)[$])[$],#TC4=CC[$][$][$],#TC5A=C(=C[$])[$],#TC5B=C(=C[$][$])[$],#TN6A=O(C[$][$][$])[$],#TN6B=OC[$][$]}",0.11687397956848145,-0.5193624496459961,0.09659186005592346,
TPCN00128,CCC12CCCN3CCC4(C(=Nc5ccccc54)CC1)C32,"{[#TC3B][#TC5C]125[#TC3A][#TN6dA]1[#TC3A][#TC5C]23=[#TN6dB][#TC5B]34[#TC5A][#TC5A]4([#TC3A]5)}.{#TC3A=C(C[$])[$],#TC3B=CC[$],#TC5A=C(C[$])[$],#TC5B=C(C[$][$])[$][$],#TC5C=C(C[$][$][$])[$][$],#TN6dA=C(N[$][$])[$],#TN6dB=N[$][$]}",0.9414680600166321,0.9094013571739197,0.984549880027771,
TPCN00129,CC12CC3(O)OC(O1)C5(COC(=O)c4ccc(O)cc4)C3CC25OC6OC(COC(=O)c7cc(O)c(O)c(O)c7)C(O)C(O)C6O,"{[#TC4]14[#SN6B]2[#SN5a]1[#SC5]2[#N4a][#TC5B]3[#SN6A][#TC5A]3([#TN6A]4[#SN4a]6[#N4a][#TC5B]5[#SP4A][#SN6A]5([#SP4B][#TN6B]6))}.{#N4a=O=C(OC[$])[$],#SC5=C(C(C[$][$][$])[$])[$],#SN4a=O(C[$][$])C[$][$],#SN5a=O(C(O[$])[$])[$],#SN6A=OC(=C[$])[$],#SN6B=OC(C[$])[$][$],#SP4A=OC(=C(O)[$])[$],#SP4B=OC(C(O)[$])[$],#TC4=CC[$][$][$],#TC5A=C(=C[$])[$],#TC5B=C(=C[$][$])[$],#TN6A=O(C[$][$][$])[$],#TN6B=OC[$][$]}",-0.1095951497554779,-0.9376953840255737,-0.18039382994174957,
TPCN00130,OCC1=CCC2C=COC(OC3OC(CO)C(O)C(O)C3O)C12,"{[#TN2a][#TC5B][#SC3]1[#TC5A][#TN4a]1[#SP4B]2[#TN4a][#TP1]([#SP4A]2)}.{#SC3=C(C(C[$][$])[$])[$],#SP4A=OC(C(O)[$])[$],#SP4B=OC(C(O[$])[$])[$],#TC5A=C(=C[$])[$],#TC5B=C(=C[$][$])[$],#TN2a=OC[$],#TN4a=O(C[$][$])[$],#TP1=OC[$]}",-0.004762695636600256,-0.6175281405448914,0.10937897861003876,
TPCN00131,C=CC(C)(O)CCC=C(C)C(=O)OC1OC(CO)C(O)C(O)C1O,"{[#TC5][#SP1][#SC2]=[#TC3][#SN4aB][#SN4aA]1[#TP1]([#SP4][#TN6]1)}.{#SC2=C(C[$])C[$],#SN4aA=O(C[$][$])C[$][$],#SN4aB=O=C(O[$])[$],#SP1=CC(O)[$][$],#SP4=OC(C(O)[$])[$],#TC3=CC[$][$],#TC5=C=C[$],#TN6=OC[$][$],#TP1=OC[$]}",0.11410612612962723,-0.5011578798294067,0.12298080325126648,
TPCN00132,CC(=CCCC(C)CCOC1OC(CO)C(O)C(O)C1O)C(=O)O,"{[#C4][#SC2][#SN3r][#SN4a]1[#TP1]([#SP4][#TN6]1)([#SP2])}.{#C4=CC(=CC[$])[$],#SC2=CC(C[$])[$],#SN3r=C(C[$])O[$],#SN4a=O(C[$][$])C[$][$],#SP2=O=C(O)[$],#SP4=OC(C(O)[$])[$],#TN6=OC[$][$],#TP1=OC[$]}",0.3186478912830353,-0.192169189453125,0.28524550795555115,
TPCN00133,CCC12C=CCN3CCc4c(n(c5ccccc45)C(O)(C(=O)OC)C1)C32,"{[#TC3][#TC5D]125[#TC5A][#TN6d]1[#SC3]3[#TN6a]2[#TC5C]34[#TC5B][#TC5B]4([#SN6]5[#N4a])}.{#N4a=COC(=O)[$],#SC3=C(C[$])C[$][$],#SN6=OC(C[$])[$][$],#TC3=CC[$],#TC5A=C(=C[$])[$],#TC5B=C(C[$])[$],#TC5C=C(C[$][$])[$][$],#TC5D=C(C[$][$][$])[$][$],#TN6a=C(N[$][$])[$][$],#TN6d=C(N[$][$])[$]}",0.5890150666236877,0.2575763165950775,0.5524886846542358,
TPCN00134,C=CC12C=CCN3CCC4(c5ccccc5NC(=O)C4(C(=O)OC)C1)C32,"{[#TC5F][#TC5D]125[#TC5A][#TN6dA]1[#TC3][#TC5E]24[#TC5C]3[#TC5B][#TC5B]3([#TN6dB]4=[#TN6a])([#N4a])([#SC3]5)}.{#N4a=COC(=O)[$],#SC3=C[$][$],#TC3=C(C[$])[$],#TC5A=C(=C[$])[$],#TC5B=C(C[$])[$],#TC5C=C(C[$][$])[$][$],#TC5D=C(C[$][$][$])[$][$],#TC5E=C(C[$][$][$])[$][$][$],#TC5F=C=C[$],#TN6a=O[$],#TN6dA=C(N[$][$])[$],#TN6dB=N(C[$][$])[$]}",0.8233157992362976,0.6734963655471802,0.8174993395805359,
TPCN00135,C=CC1(C)CCC=C(C)C(=O)OC2C(C)OC(O1)C(O)C2O,"{[#TC5][#SN3r]1[#SC2]=[#TC3][#SN4a][#SN6]2[#TC4][#TN4a]1[#TN6]2}.{#SC2=C(C[$])C[$],#SN3r=CC(O[$])[$][$],#SN4a=O=C(O[$])[$],#SN6=OC(C[$][$])[$],#TC3=CC[$][$],#TC4=CC[$][$],#TC5=C=C[$],#TN4a=O(C[$][$])[$],#TN6=OC[$][$]}",0.5978917479515076,0.1693832129240036,0.4297936260700226,
TPCN00136,CCC1CN(C)C2Cc3c([nH]c4ccccc34)C(=O)CC1C2C(=O)OC,"{[#TC3C][#TC3A]3[#TN1][#TC4]4[#SC4]1[#TN6d][#TC5B]12[#TC5A][#TC5A]2([#SN4a][#TC3B]34[#N4a])}.{#N4a=COC(=O)[$],#SC4=C(C(=C[$][$])[$])[$],#SN4a=O=C(C[$])[$],#TC3A=C(C[$][$])[$],#TC3B=C(C[$][$])[$][$],#TC3C=CC[$],#TC4=C[$][$][$],#TC5A=C(C[$])[$],#TC5B=C(C[$][$])[$][$],#TN1=CN[$][$],#TN6d=N[$][$]}",0.9341055750846863,0.879224419593811,0.9543781876564026,
TPCN00137,CC12CC3(O)OC(O1)C5(COC(=O)c4ccc(O)cc4)C3CC25OC6OC(COC(=O)c7ccc(O)cc7)C(O)C(O)C6O,"{[#TC4]14[#SN6B]2[#SN5a]1[#SC5]2[#N4a][#TC5B]3[#SN6A][#TC5A]3([#TN6A]4[#SN4a]6[#N4a][#TC5B]5[#SN6A][#TC5A]5([#SP4][#TN6B]6))}.{#N4a=O=C(OC[$])[$],#SC5=C(C(C[$][$][$])[$])[$],#SN4a=O(C[$][$])C[$][$],#SN5a=O(C(O[$])[$])[$],#SN6A=OC(=C[$])[$],#SN6B=OC(C[$])[$][$],#SP4=OC(C(O)[$])[$],#TC4=CC[$][$][$],#TC5A=C(=C[$])[$],#TC5B=C(=C[$][$])[$],#TN6A=O(C[$][$][$])[$],#TN6B=OC[$][$]}",-0.0017816133331507444,-0.7442958950996399,-0.05587771534919739,
TPCN00138,Cc1cc(OC2OC(CO)C(O)C(O)C2O)c(C(C)C)cc1OC3OC(CO)C(O)C(O)C3O,"{[#SC4]2[#SN6B][#SN4a]1[#TP1]([#SP4][#TN6]1)([#SC2])([#SN6A]2[#SN4a]3[#TP1]([#SP4][#TN6]3))}.{#SC2=CC(C)[$],#SC4=CC(=C[$])[$],#SN4a=O(C[$][$])C[$][$],#SN6A=C(=C(O[$])[$])[$],#SN6B=O(C(=C[$][$])[$])[$],#SP4=OC(C(O)[$])[$],#TN6=OC[$][$],#TP1=OC[$]}",-0.2168007642030716,-1.1011922359466553,-0.2674170434474945,
TPCN00139,CC=C1CN2CCC34c5ccccc5NC6OC3(O)C2CC1C64C(=O)OC,"{[#TC3C]=[#TC3B]5[#TN6dA]36[#TC3A][#TC5C]24[#TC5B]1[#TC5A][#TC5A]1([#TN6dB]2[#TN2a][#SN6]34)([#TC3B]56)([#N4a])}.{#N4a=COC(=O)[$],#SN6=OC[$][$][$],#TC3A=C(C[$])[$],#TC3B=C(C[$][$])[$],#TC3C=CC[$],#TC5A=C(C[$])[$],#TC5B=C(C[$][$])[$][$],#TC5C=C(C[$][$][$])[$][$][$],#TN2a=O[$][$],#TN6dA=C(N[$][$])[$][$],#TN6dB=N(C[$][$])[$]}",0.8041133880615234,0.6123117208480835,0.7611794471740723,
TPCN00144,CC1=C(COC2OC(COC3OC(CO)C(O)C(O)C3O)C(O)C(O)C2O)C(C)(C)CCC1,"{[#SC4A]3[#TN3r][#SN4a]2[#TN3r][#SN4a]1[#TP1]([#SP4][#TN6]1)([#SP4][#TN6]2)([#SC4B][#SC3]3)}.{#SC3=C(C[$])C[$],#SC4A=CC(=C[$][$])[$],#SC4B=CC(C)[$][$],#SN4a=O(C[$][$])C[$][$],#SP4=OC(C(O)[$])[$],#TN3r=C(O[$])[$],#TN6=OC[$][$],#TP1=OC[$]}",0.23387891054153442,-0.3206770718097687,0.21741941571235657,
TPCN00146,CCC1CC2CC3(C(=O)OC)c4[nH]c5ccccc5c4CCN(C2CC(C)=O)C13,"{[#TC3C][#TC3B]1[#TC3B]4[#TC5D]15[#N4a]([#TC5A]2[#TN6dB][#TC5C]23[#TC5B][#TC5B]3([#TC3A][#TN6dA]45[#SN5a]))}.{#N4a=COC(=O)[$],#SN5a=CC(=O)C[$],#TC3A=C(C[$])[$],#TC3B=C(C[$][$])[$],#TC3C=CC[$],#TC5A=C(=C[$][$])[$][$],#TC5B=C(C[$])[$],#TC5C=C(C[$][$])[$][$],#TC5D=C(C[$][$][$])[$][$],#TN6dA=C(N[$][$])[$][$],#TN6dB=N[$][$]}",0.8622128963470459,0.7573954463005066,0.8804580569267273,
TPCN00147,CC(=O)OCC=C(C)CCC=C(C)C(=O)OC1C(OC2C(O)C(C)OC(OCC=C(C)CCC=C(C)COC3OC(C)C(O)C(O)C3O)C2O)OC(C)C(O)C1OC4OC(C)C(O)C(O)C4O,"{[#SN4aA][#SN3r]=[#SC2B][#C4][#SN4aB][#SN6]3[#TN4a][#SP4B]1[#TN6][#TC4][#TN4a]1[#SN3r]=[#TC3][#SC2A]=[#N3r][#TN4a]2[#TC4][#SP4A][#TN6]2([#TC4][#TN6]3)([#TN4a]4[#TC4][#SP4A][#TN6]4)}.{#C4=CC(=CC[$])[$],#N3r=CC(CO[$])[$],#SC2A=C(C[$])C[$],#SC2B=CC(C[$])[$],#SN3r=C(C[$])O[$],#SN4aA=CC(=O)[$],#SN4aB=O=C(O[$])[$],#SN6=O(C(C[$][$])[$])[$],#SP4A=OC(C(O)[$])[$],#SP4B=OC(C(O[$])[$])[$],#TC3=CC[$][$],#TC4=CC[$][$],#TN4a=O(C[$][$])[$],#TN6=OC[$][$]}",0.33667293190956116,-0.1930951029062271,0.26359254121780396,
TPCN00148,O=CC1(C=COC2OC(CO)C(O)C(O)C2O)CCC(COC(=O)C=Cc3ccccc3)CC1O,"{[#TN4a][#SN6]2[#SP2][#SN4a]1[#TP1]([#SP4][#TN6]1)([#TC3A][#TC3B]2[#N4a][#TC5A][#TC5B]3[#TC5A][#TC5A]3)}.{#N4a=O=C(OC[$])[$],#SN4a=O(C[$][$])C[$][$],#SN6=OC(C[$][$][$])[$],#SP2=C(=C[$])O[$],#SP4=OC(C(O)[$])[$],#TC3A=C(C[$])[$],#TC3B=C(C[$][$])[$],#TC5A=C(=C[$])[$],#TC5B=C(=C[$][$])[$],#TN4a=O=C[$],#TN6=OC[$][$],#TP1=OC[$]}",0.1995418220758438,-0.3721320629119873,0.1907108724117279,
TPCN00151,CC(C)C1=CC(OC2OC(CO)C(O)C(O)C2O)C(C)(O)CC1,"{[#SC2][#TC5]2[#TN6A][#SN4a]1[#TP1]([#SP4][#TN6B]1)([#SN6][#TC3]2)}.{#SC2=CC(C)[$],#SN4a=O(C[$][$])C[$][$],#SN6=CC(O)[$][$],#SP4=OC(C(O)[$])[$],#TC3=C(C[$])[$],#TC5=C(=C[$][$])[$],#TN6A=O(C[$][$])[$],#TN6B=OC[$][$],#TP1=OC[$]}",0.04479306936264038,-0.6574680805206299,0.0021018548868596554,
TPCN00152,CCC12CCCN3CCc4c(n(c5ccccc45)C(=O)C1)C32,"{[#TC3B][#TC5C]125[#TC3A][#TN6d]1[#SC3]3[#TN6a]2[#TC5B]34[#TC5A][#TC5A]4([#SN6a]5)}.{#SC3=C(C[$])C[$][$],#SN6a=O=C(C[$])[$],#TC3A=C(C[$])[$],#TC3B=CC[$],#TC5A=C(C[$])[$],#TC5B=C(C[$][$])[$][$],#TC5C=C(C[$][$][$])[$][$],#TN6a=C(N[$][$])[$][$],#TN6d=C(N[$][$])[$]}",0.6345207691192627,0.31606918573379517,0.5755008459091187,
TPCN00153,CC1(O)CCC2C(C(=O)O)=COC(OC3OC(CO)C(O)C(O)C3O)C21,"{[#SN6]1[#TC3][#TC5B]12[#TC5A][#SP2]([#TN4a]2[#SP4B]3[#TN4a][#TP1]([#SP4A]3))}.{#SN6=CC(O)[$][$],#SP2=O=C(O)[$],#SP4A=OC(C(O)[$])[$],#SP4B=OC(C(O[$])[$])[$],#TC3=C(C[$])[$],#TC5A=C(=C[$][$])[$],#TC5B=C(C[$][$])[$][$],#TN4a=O(C[$][$])[$],#TP1=OC[$]}",-0.12812787294387817,-0.9514826536178589,-0.17695225775241852,
