Name,smiles,cgsmiles,OCO,HD,CLF,error,exp
HEaSC00037,FC(F)(Cl)Cl,{[#X1]}.{#X1=FC(F)(Cl)Cl},1.197183609,1.445833564,1.379124522,,2.16
HEaSC00038,ClC(Cl)Cl,{[#X2]}.{#X2=ClC(Cl)Cl},1.220844626,1.446411133,1.3529917,,1.97
HEaSC00040,FC(Cl)(Cl)Cl,{[#X1]}.{#X1=FC(Cl)(Cl)Cl},1.208819032,1.446130276,1.366289616,,2.53
HEaSC00041,O=[N+]([O-])C(Cl)(Cl)Cl,"{[#SN3a][#X2]}.{#SN3a=O=[N+]([O-])[$],#X2=ClC(Cl)(Cl)[$]}",0.815790713,1.15581429,1.44192183,,2.09
HEaSC00042,ClC(Cl)(Cl)Cl,{[#X1]}.{#X1=ClC(Cl)(Cl)Cl},1.22038579,1.446423531,1.353528261,,2.83
HEaSC00043,FC(F)F,{[#SX4e]}.{#SX4e=FC(F)F},1.147368073,1.443660021,1.43292141,,0.64
HEaSC00050,ClCBr,{[#SX2]}.{#SX2=ClCBr},1.195023894,1.445867181,1.38161993,,1.41
HEaSC00052,ClCCl,{[#SX3h]}.{#SX3h=ClCCl},1.203158379,1.446120858,1.372705817,,1.25
HEaSC00053,FCF,{[#TX4]}.{#TX4=FCF},1.168121099,1.444653273,1.410621881,,0.2
HEaSC00054,ICI,{[#X2]}.{#X2=ICI},1.225453377,1.44644475,1.347800612,,2.3
HEaSC00055,c1nnn[nH]1,"{[#TN6a]1[#TN1a][#TN6d]1}.{#TN1a=N(=N[$])[$],#TN6a=C(=N[$])[$],#TN6d=N[$][$]}",-0.273325235,-1.705974817,-0.97547859,,-0.6
HEaSC00057,O=CO,{[#SP2]}.{#SP2=O=CO},-0.678213894,-1.953646898,-0.831924558,,-0.54
HEaSC00058,CBr,{[#SX2]}.{#SX2=CBr},1.199618101,1.445971727,1.376536012,,1.19
HEaSC00059,CCl,{[#TX3]}.{#TX3=CCl},1.190226793,1.445790052,1.386969566,,0.91
HEaSC00061,CF,{[#TX4e]}.{#TX4e=CF},1.18455112,1.445377588,1.392888069,,0.51
HEaSC00063,CI,{[#SX1]}.{#SX1=CI},1.210502267,1.446265817,1.364550829,,1.51
HEaSC00064,NC=O,{[#SP5]}.{#SP5=NC=O},-0.671901226,-1.953725815,-0.839194059,,-1.51
HEaSC00074,CO,{[#TP1]}.{#TP1=CO},-0.665869892,-1.953788757,-0.846124113,,-0.77
HEaSC00078,CN,{[#TN6d]}.{#TN6d=CN},-0.625267148,-1.952746511,-0.890903473,,-0.57
HEaSC00080,CNN,{[#P5d]}.{#P5d=CNN},-0.662033737,-1.953781962,-0.850471675,,-1.05
HEaSC00083,N#CC(Cl)(Cl)Cl,"{[#TN4a][#X2]}.{#TN4a=N#C[$],#X2=ClC(Cl)(Cl)[$]}",1.211859345,1.446195126,1.362919688,,2.09
HEaSC00084,ClC(Cl)=C(Cl)Cl,{[#SX3h]=[#SX3h]}.{#SX3h=ClC(Cl)[$]},1.223190308,1.446452379,1.350380182,,3.4
HEaSC00085,ClC(Cl)(Cl)C(Cl)(Cl)Cl,{[#X2][#X2]}.{#X2=ClC(Cl)(Cl)[$]},1.229456902,1.446499109,1.343323469,,4.14
HEaSC00086,FC(F)(F)C(F)(F)F,{[#SX4e][#SX4e]}.{#SX4e=FC(F)(F)[$]},1.199926496,1.446073055,1.376315117,,2
HEaSC00087,N#CC#N,{[#TN4a][#TN4a]}.{#TN4a=N#C[$]},-0.588943303,-1.951328039,-0.930343032,,0.07
HEaSC00089,FC(F)(F)[C@@H](Cl)Br,"{[#SX4e][#SX2]}.{#SX2=ClC(Br)[$],#SX4e=FC(F)(F)[$]}",1.208221912,1.446215987,1.367077231,,2.3
HEaSC00092,ClC=C(Cl)Cl,{[#X3h]}.{#X3h=ClC=C(Cl)Cl},1.235013008,1.44650805,1.337025166,,2.61
HEaSC00093,O=C(O)C(Cl)(Cl)Cl,"{[#SP2][#X2]}.{#SP2=O=C(O)[$],#X2=ClC(Cl)(Cl)[$]}",1.197323918,1.445811391,1.378936887,,1.33
HEaSC00094,ClC(Cl)C(Cl)(Cl)Cl,"{[#SX3h][#X2]}.{#SX3h=ClC(Cl)[$],#X2=ClC(Cl)(Cl)[$]}",1.226914763,1.446484447,1.346191525,,3.22
HEaSC00095,C#C,{[#TC6r]}.{#TC6r=C#C},1.211199284,1.446293235,1.363794327,,0.37
HEaSC00096,N#CCCl,"{[#TN4a][#TX3]}.{#TN4a=N#C[$],#TX3=ClC[$]}",0.521020055,0.319925815,0.709321797,,0.45
HEaSC00098,ClC=CCl,{[#TX3]=[#TX3]}.{#TX3=ClC[$]},1.188158989,1.445740938,1.389254689,,1.86
HEaSC00099,ClC=CCl,{[#TX3]=[#TX3]}.{#TX3=ClC[$]},1.188158989,1.445740938,1.389254689,,2.09
HEaSC00100,O=C(O)C(Cl)Cl,"{[#SP2][#SX3h]}.{#SP2=O=C(O)[$],#SX3h=ClC(Cl)[$]}",0.270973712,0.106914327,0.721288562,,0.92
HEaSC00101,NC(=O)C(Cl)(Cl)Cl,"{[#SP5][#X2]}.{#SP5=NC(=O)[$],#X2=ClC(Cl)(Cl)[$]}",1.094899058,1.438346386,1.485722661,,1.04
HEaSC00102,ClC(Cl)C(Cl)Cl,{[#SX3h][#SX3h]}.{#SX3h=ClC(Cl)[$]},1.223190308,1.446452379,1.350380182,,2.39
HEaSC00104,NC(=O)C(F)(F)F,"{[#SP5][#SX4e]}.{#SP5=NC(=O)[$],#SX4e=FC(F)(F)[$]}",0.112830095,-0.018154753,0.741181374,,0.12
HEaSC00105,c1cnon1,"{[#TN6a]1[#TN6a][#TN2a]1}.{#TN2a=O[$][$],#TN6a=C(=N[$])[$]}",0.127831146,-1.108435273,-0.668044508,,0.16
HEaSC00106,O=[N+]([O-])c1nc[nH]n1,"{[#SN3a][#TN6aB]1[#TN6aA][#TN6d]1}.{#SN3a=O=[N+]([O-])[$],#TN6aA=C(=N[$])[$],#TN6aB=N(=C[$][$])[$],#TN6d=N[$][$]}",-0.528315723,-1.601771712,-0.552842259,,-0.33
HEaSC00107,C=CBr,{[#SX1]}.{#SX1=C=CBr},1.204722524,1.446098924,1.370901704,,1.57
HEaSC00112,NC(=O)C(Cl)Cl,"{[#SP5][#SX3h]}.{#SP5=NC(=O)[$],#SX3h=ClC(Cl)[$]}",-0.55919373,-0.94204098,0.32464084,,0.19
HEaSC00113,CC(Cl)(Cl)Cl,{[#X1]}.{#X1=CC(Cl)(Cl)Cl},1.235034227,1.446472764,1.336955786,,2.49
HEaSC00115,OCC(Cl)(Cl)Cl,"{[#TP1][#X2]}.{#TP1=OC[$],#X2=ClC(Cl)(Cl)[$]}",0.330142289,-0.062729441,0.437474519,,1.42
HEaSC00116,OC(O)C(Cl)(Cl)Cl,"{[#P4][#X2]}.{#P4=OC(O)[$],#X2=ClC(Cl)(Cl)[$]}",0.072237328,-1.020347834,-0.492429882,,0.99
HEaSC00118,OCC(F)(F)F,"{[#TP1d][#SX4e]}.{#SX4e=FC(F)(F)[$],#TP1d=OC[$]}",1.102155805,1.436923385,1.475664496,,0.41
HEaSC00119,CC#N,{[#SN2a]}.{#SN2a=CC#N},0.36420545,-0.26071763,0.14597775,,-0.34
HEaSC00121,c1nc[nH]n1,"{[#TN6a]1[#TN6a][#TN6d]1}.{#TN6a=C(=N[$])[$],#TN6d=N[$][$]}",-0.08691889,-1.11910212,-0.437785625,,-0.58
HEaSC00122,c1cn[nH]n1,"{[#TN6a]1[#TN6a][#TN6d]1}.{#TN6a=C(=N[$])[$],#TN6d=N[$][$]}",-0.08691889,-1.11910212,-0.437785625,,-0.29
HEaSC00126,C=C,{[#TC5]}.{#TC5=C=C},1.227008104,1.446489453,1.346091866,,1.13
HEaSC00128,BrCCBr,{[#SX2][#SX2]}.{#SX2=BrC[$]},1.220433116,1.446412921,1.353460789,,1.96
HEaSC00130,C[C@H](Cl)[N+](=O)[O-],"{[#SX3][#SN3a]}.{#SN3a=O=[N+]([O-])[$],#SX3=CC(Cl)[$]}",0.753156185,0.753736079,0.999634743,,1.1
HEaSC00131,CC(Cl)Cl,{[#SX3h]}.{#SX3h=CC(Cl)Cl},1.209350586,1.446232319,1.365816355,,1.79
HEaSC00132,ClCCCl,{[#X3h]}.{#X3h=ClCCCl},1.247972012,1.446466327,1.322254777,,1.48
HEaSC00136,NCC(F)(F)F,"{[#TN6d][#SX4e]}.{#SX4e=FC(F)(F)[$],#TN6d=NC[$]}",0.945168674,1.105184793,1.230345249,,0.24
HEaSC00138,ICCI,{[#SX1][#SX1]}.{#SX1=IC[$]},1.229732156,1.446498752,1.343010068,,2.71
HEaSC00139,N#CCN,"{[#TN4a][#TN6d]}.{#TN4a=N#C[$],#TN6d=NC[$]}",-0.058665097,-1.121791244,-0.473305643,,-1.37
HEaSC00146,C1CO1,{[#P4]}.{#P4=C1CO1},-0.683315694,-1.953656435,-0.826143086,,-0.3
HEaSC00147,CC(=O)O,{[#SP2]}.{#SP2=CC(=O)O},-0.67646575,-1.953650713,-0.833914638,,-0.17
HEaSC00148,COC=O,{[#N4a]}.{#N4a=COC=O},0.332047641,-0.258128524,0.185803726,,0.03
HEaSC00151,CCBr,{[#X2]}.{#X2=CCBr},1.233488202,1.446424127,1.338649511,,1.61
HEaSC00152,OCCBr,"{[#TP1d][#SX2]}.{#SX2=BrC[$],#TP1d=OC[$]}",1.178998351,1.444674015,1.398295879,,0.18
HEaSC00153,CCCl,{[#SX3]}.{#SX3=CCCl},1.195865631,1.445943832,1.3807621,,1.43
HEaSC00154,OCCCl,"{[#TP1d][#TX3]}.{#TP1d=OC[$],#TX3=ClC[$]}",0.094047509,-0.445082337,0.217363507,,-0.06
HEaSC00156,OCCF,"{[#TP1d][#TX4e]}.{#TP1d=OC[$],#TX4e=FC[$]}",0.075409919,-0.444809109,0.23887822,,-0.76
HEaSC00157,CCI,{[#X1]}.{#X1=CCI},1.242946386,1.446491599,1.327994227,,2
HEaSC00159,CC(N)=O,{[#SP5]}.{#SP5=CC(N)=O},-0.670872092,-1.953725219,-0.840362132,,-1.26
HEaSC00160,CNC=O,{[#P3]}.{#P3=CNC=O},-0.691182852,-1.953413844,-0.816899061,,-0.97
HEaSC00162,NCC(=O)O,{[#P6]}.{#P6=NCC(=O)O},-0.674236953,-1.953710794,-0.8365224,,-3.21
HEaSC00165,O=[N+]([O-])CCO,"{[#SN3a][#SP1]}.{#SN3a=O=[N+]([O-])[$],#SP1=OCC[$]}",-0.750153601,-1.924525023,-0.713040531,,-0.42
HEaSC00179,COC,{[#SN3r]}.{#SN3r=COC},0.794578314,0.289302468,0.359553277,,0.1
HEaSC00181,CCO,{[#SP1]}.{#SP1=CCO},-0.665892899,-1.953788519,-0.846097291,,-0.31
HEaSC00183,CS(C)=O,{[#P4]}.{#P4=CS(C)=O},-0.684791207,-1.953574777,-0.824362397,,-1.35
HEaSC00184,OCCO,{[#P4]}.{#P4=OCCO},-0.67707026,-1.953781486,-0.833394527,,-1.36
HEaSC00186,CSSC,{[#TC6][#TC6]}.{#TC6=CS[$]},1.142105818,1.443627119,1.438855529,,1.77
HEaSC00187,CNC,{[#SN1]}.{#SN1=CNC},0.633358836,0.069347858,0.261779755,,-0.38
HEaSC00188,CCN,{[#SN6d]}.{#SN6d=CCN},-0.549192011,-1.945776939,-0.968397617,,-0.13
HEaSC00189,NCCO,"{[#TN6d][#TP1d]}.{#TN6d=NC[$],#TP1d=OC[$]}",-0.57107836,-1.933505177,-0.927873075,,-1.31
HEaSC00193,NCCN,{[#TN6d][#TN6d]}.{#TN6d=NC[$]},0.051098984,-0.825311959,-0.219381168,,-2.04
HEaSC00196,O=C(C(F)(F)F)C(F)(F)F,"{[#TN4a][#SX4e]([#SX4e])}.{#SX4e=FC(F)(F)[$],#TN4a=O=C[$][$]}",1.183174014,1.445312858,1.394369245,,1.46
HEaSC00202,O=[N+]([O-])c1nc[nH]c1Br,"{[#SN3a][#SX2]1[#TN6a][#TN6d]1}.{#SN3a=O=[N+]([O-])[$],#SX2=BrC(=C[$][$])[$],#TN6a=C(=N[$])[$],#TN6d=N[$][$]}",0.01331662,-0.721036673,-0.043323699,,0.85
HEaSC00206,O=[N+]([O-])c1nc[nH]c1Cl,"{[#SN3a][#SX3]1[#TN6a][#TN6d]1}.{#SN3a=O=[N+]([O-])[$],#SX3=ClC(=C[$][$])[$],#TN6a=C(=N[$])[$],#TN6d=N[$][$]}",-0.168163806,-0.757362187,0.116388731,,0.78
HEaSC00207,OC(C(F)(F)F)C(F)(F)F,"{[#TP1d][#SX4e]([#SX4e])}.{#SX4e=FC(F)(F)[$],#TP1d=OC[$][$]}",1.045264959,1.202310562,1.240692735,,1.66
HEaSC00209,N#CCC#N,"{[#SN2a][#TN4a]}.{#SN2a=N#CC[$],#TN4a=N#C[$]}",-0.009596416,-0.979517102,-0.347358972,,-0.5
HEaSC00210,O=[N+]([O-])c1c[nH]c([N+](=O)[O-])n1,"{[#SN3a][#TC5]1[#TN6d][#TN6a]1[#SN3a]}.{#SN3a=O=[N+]([O-])[$],#TC5=C(=C[$][$])[$],#TN6a=N(=C[$][$])[$],#TN6d=N[$][$]}",-0.633426428,-1.671385884,-0.522364795,,0.2
HEaSC00211,O=[N+]([O-])c1nc[nH]c1[N+](=O)[O-],"{[#SN3a][#TC5]1[#TN6a][#TN6d]1([#SN3a])}.{#SN3a=O=[N+]([O-])[$],#TC5=C(=C[$][$])[$][$],#TN6a=C(=N[$])[$],#TN6d=N[$][$]}",-0.399955571,-1.241295576,-0.238317922,,0.65
HEaSC00214,COC(=O)C(Cl)(Cl)Cl,"{[#N4a][#X2]}.{#N4a=COC(=O)[$],#X2=ClC(Cl)(Cl)[$]}",1.281293988,1.443210721,1.280255795,,2.03
HEaSC00216,COC(=O)C(F)(F)F,"{[#N4a][#SX4e]}.{#N4a=COC(=O)[$],#SX4e=FC(F)(F)[$]}",1.22992146,1.44573164,1.341815591,,0.6
HEaSC00218,Ic1cn[nH]c1,"{[#X1]1[#TN6a][#TN6d]1}.{#TN6a=C(=N[$])[$],#TN6d=N[$][$],#X1=IC(=C[$])[$]}",0.248438299,-0.445603788,0.041365068,,1.7
HEaSC00219,C=CC#N,"{[#TC5][#TN4a]}.{#TC5=C=C[$],#TN4a=N#C[$]}",0.542546391,-0.062746815,0.196237087,,0.25
HEaSC00220,c1cnoc1,"{[#TC5]1[#TN6a][#TN2a]1}.{#TC5=C(=C[$])[$],#TN2a=O[$][$],#TN6a=C(=N[$])[$]}",-0.145731628,-1.103828549,-0.351492643,,0.08
HEaSC00221,c1cocn1,"{[#TC5]1[#TN2a][#TN6a]1}.{#TC5=C(=C[$])[$],#TN2a=O[$][$],#TN6a=C(=N[$])[$]}",-0.145731583,-1.103828549,-0.351492643,,0.12
HEaSC00222,N#CCC(=O)O,"{[#SN2a][#SP2]}.{#SN2a=N#CC[$],#SP2=O=C(O)[$]}",-0.246382713,-1.197317123,-0.356565326,,-0.76
HEaSC00223,c1cscn1,"{[#TC5]1[#TC6][#TN6a]1}.{#TC5=C(=C[$])[$],#TC6=S[$][$],#TN6a=C(=N[$])[$]}",0.034497455,-0.678354561,-0.012876496,,0.44
HEaSC00228,O=[N+]([O-])c1ncc[nH]1,"{[#SN3a][#TN6a]1[#TC5][#TN6d]1}.{#SN3a=O=[N+]([O-])[$],#TC5=C(=C[$])[$],#TN6a=N(=C[$][$])[$],#TN6d=N[$][$]}",-0.388367563,-1.320616245,-0.352762967,,0.15
HEaSC00229,O=[N+]([O-])c1c[nH]cn1,"{[#SN3a][#TC5]1[#TN6d][#TN6a]1}.{#SN3a=O=[N+]([O-])[$],#TC5=C(=C[$][$])[$],#TN6a=C(=N[$])[$],#TN6d=N[$][$]}",-0.530772626,-1.635231853,-0.592777729,,-0.11
HEaSC00230,O=[N+]([O-])c1cn[nH]c1,"{[#SN3a][#TC5]1[#TN6a][#TN6d]1}.{#SN3a=O=[N+]([O-])[$],#TC5=C(=C[$][$])[$],#TN6a=C(=N[$])[$],#TN6d=N[$][$]}",-0.530772626,-1.635231853,-0.592777789,,0.59
HEaSC00231,O=c1nc[nH]c(=O)[nH]1,"{[#TN6aB]1[#TN6aA][#TN6d][#TN6aB][#TN6d]1}.{#TN6aA=C(=N[$])[$],#TN6aB=O=C[$][$],#TN6d=N[$][$]}",-0.465701193,-1.649572372,-0.684987307,,-1.87
HEaSC00233,O=[N+]([O-])c1cnc[nH]1,"{[#SN3a][#TC5]1[#TN6a][#TN6d]1}.{#SN3a=O=[N+]([O-])[$],#TC5=C(=C[$][$])[$],#TN6a=C(=N[$])[$],#TN6d=N[$][$]}",-0.530772626,-1.635231853,-0.592777789,,-0.01
HEaSC00235,O=c1cn[nH]c(=O)[nH]1,"{[#SN6a]=[#TC5]1[#TN6aA][#TN6d](=[#TN6aB])([#TN6d]1)}.{#SN6a=O[$],#TC5=C(C[$][$])[$],#TN6aA=C[$][$][$].N[$][$],#TN6aB=O[$],#TN6d=N[$][$]}",-0.356020987,-1.468824267,-0.578745782,,-0.59
HEaSC00237,Cc1nonc1[N+](=O)[O-],"{[#SN6a]1[#TN2a][#TN6a]1[#SN3a]}.{#SN3a=O=[N+]([O-])[$],#SN6a=CC(=N[$])[$],#TN2a=O[$][$],#TN6a=N(=C[$][$])[$]}",-0.137035504,-1.081748366,-0.333173901,,0.97
HEaSC00240,C#CC,{[#SC6r]}.{#SC6r=C#CC},1.206692457,1.446199536,1.368793368,,0.94
HEaSC00241,N#CCCCl,"{[#SN2a][#TX3]}.{#SN2a=N#CC[$],#TX3=ClC[$]}",0.631192923,0.695818543,1.064185977,,0.18
HEaSC00244,c1c[nH]cn1,"{[#TC5]1[#TN6d][#TN6a]1}.{#TC5=C(=C[$])[$],#TN6a=C(=N[$])[$],#TN6d=N[$][$]}",-0.21219942,-1.199405909,-0.398052633,,-0.08
HEaSC00245,c1cn[nH]c1,"{[#TC5]1[#TN6a][#TN6d]1}.{#TC5=C(=C[$])[$],#TN6a=C(=N[$])[$],#TN6d=N[$][$]}",-0.21219942,-1.199405909,-0.398052633,,0.26
HEaSC00249,Cn1cnc([N+](=O)[O-])n1,"{[#TN1]1[#TN6aA][#TN6aB]1[#SN3a]}.{#SN3a=O=[N+]([O-])[$],#TN1=CN[$][$],#TN6aA=C(=N[$])[$],#TN6aB=N(=C[$][$])[$]}",-0.112231568,-1.0909729,-0.373120844,,-0.68
HEaSC00250,C#CCO,"{[#TC6r][#TP1d]}.{#TC6r=C#C[$],#TP1d=OC[$]}",-0.543258667,-1.514056444,-0.423867822,,-0.38
HEaSC00251,C=CC=O,"{[#TC5][#TN4a]}.{#TC5=C=C[$],#TN4a=O=C[$]}",0.540908813,0.178931326,0.506698012,,-0.01
HEaSC00252,C=CC(=O)O,{[#P2]}.{#P2=C=CC(=O)O},-0.674274743,-1.953445911,-0.836141229,,0.35
HEaSC00253,O=C(O)CC(=O)O,"{[#SP2B][#SP2A]}.{#SP2A=O=C(O)C[$],#SP2B=O=C(O)[$]}",-0.466321945,-1.31912601,-0.262331843,,-0.81
HEaSC00254,C=CCBr,"{[#TC5][#SX2]}.{#SX2=BrC[$],#TC5=C=C[$]}",1.210352302,1.446035862,1.364427805,,1.79
HEaSC00255,BrC[C@H]1CO1,"{[#SX2][#P4]}.{#P4=C1OC1[$],#SX2=BrC[$]}",0.120158575,-0.591830492,0.000326562,,0.85
HEaSC00256,C[C@@H](Br)C(=O)O,"{[#X2][#SP2]}.{#SP2=O=C(O)[$],#X2=CC(Br)[$]}",1.033988714,1.137364864,1.170568705,,0.92
HEaSC00258,ClC[C@H]1CO1,"{[#TX3][#P4]}.{#P4=C1OC1[$],#TX3=ClC[$]}",-0.752319396,-1.95007205,-0.743202448,,0.45
HEaSC00259,O=C(O)CCCl,"{[#SP2][#SX3]}.{#SP2=O=C(O)[$],#SX3=ClCC[$]}",0.069149405,-0.139494464,0.635847032,,0.41
HEaSC00260,FC[C@H]1CO1,"{[#TX4e][#P4]}.{#P4=C1OC1[$],#TX4e=FC[$]}",-0.746507406,-1.950688601,-0.750589728,,-0.16
HEaSC00262,C[C@@H](O)C(F)(F)F,"{[#SP1][#SX4e]}.{#SP1=CC(O)[$],#SX4e=FC(F)(F)[$]}",1.185690045,1.445281148,1.391471386,,0.71
HEaSC00263,OCCC(F)(F)F,"{[#SP1][#SX4e]}.{#SP1=OCC[$],#SX4e=FC(F)(F)[$]}",1.185128212,1.445263386,1.392086983,,0.39
HEaSC00264,C#CCN,"{[#TC6r][#TN6d]}.{#TC6r=C#C[$],#TN6d=NC[$]}",-0.420053601,-1.576284051,-0.643243968,,-0.43
HEaSC00265,CCC#N,"{[#TC3][#TN4a]}.{#TC3=CC[$],#TN4a=N#C[$]}",0.422400355,-0.065589227,0.329050422,,0.16
HEaSC00266,N#CCCO,"{[#SN2a][#TP1]}.{#SN2a=N#CC[$],#TP1=OC[$]}",-0.658910275,-1.953019381,-0.853045285,,-0.94
HEaSC00267,C=CC(N)=O,{[#P5]}.{#P5=C=CC(N)=O},-0.66842252,-1.953724861,-0.843143344,,-0.67
HEaSC00271,CS(=O)(=O)CC#N,"{[#P4][#SN2a]}.{#P4=CS(=O)(=O)[$],#SN2a=N#CC[$]}",-0.658638656,-1.951695919,-0.85166353,,-1.42
HEaSC00273,Cc1nc[nH]n1,"{[#SN6a]1[#TN6a][#TN6d]1}.{#SN6a=CC(=N[$])[$],#TN6a=C(=N[$])[$],#TN6d=N[$][$]}",0.126921102,-0.727762163,-0.180925548,,-0.55
HEaSC00274,Nc1cn[nH]c1,"{[#SN6d]1[#TN6a][#TN6d]1}.{#SN6d=NC(=C[$])[$],#TN6a=C(=N[$])[$],#TN6d=N[$][$]}",-0.253346056,-1.338556409,-0.529007256,,-1.09
HEaSC00281,C1CC1,{[#SC3]}.{#SC3=C1CC1},1.274144769,1.446141124,1.29211688,,1.72
HEaSC00282,C=CC,{[#SC4]}.{#SC4=C=CC},1.253626704,1.446459055,1.315823913,,1.77
HEaSC00284,BrCCCBr,"{[#X2][#SX2]}.{#SX2=BrC[$],#X2=BrCC[$]}",1.229948401,1.446481228,1.342742085,,2.37
HEaSC00286,ClCCCCl,"{[#SX3][#TX3]}.{#SX3=ClCC[$],#TX3=ClC[$]}",1.200619221,1.446060181,1.375511765,,2
HEaSC00287,CNC(=O)CF,"{[#P3][#TX4e]}.{#P3=CNC(=O)[$],#TX4e=FC[$]}",-0.532452404,-1.360620975,-0.240216419,,-0.83
HEaSC00288,OC(CF)CF,"{[#TP1d][#TX4e]([#TX4e])}.{#TP1d=OC[$][$],#TX4e=FC[$]}",0.52145189,0.231363788,0.595745683,,-0.36
HEaSC00289,CNCC(F)(F)F,"{[#SN1][#SX4e]}.{#SN1=CNC[$],#SX4e=FC(F)(F)[$]}",1.233219147,1.446288943,1.338782549,,0.55
HEaSC00290,ICCCI,"{[#X1][#SX1]}.{#SX1=IC[$],#X1=ICC[$]}",1.236759663,1.446515441,1.335050702,,3.02
HEaSC00292,S=C1NCCN1,"{[#TC6]1[#TN6d][#TN6d]1}.{#TC6=S=C[$][$],#TN6d=C(N[$])[$]}",-0.481547385,-1.669044614,-0.691855907,,-0.66
HEaSC00293,CNC(N)=NC#N,"{[#TN6dA][#TN6dB]=[#P4d]}.{#P4d=N#CN[$],#TN6dA=CN[$],#TN6dB=NC[$][$]}",-0.123427011,-1.050286174,-0.308453947,,-0.77
HEaSC00294,Nc1nc(N)nc(N)n1,"{[#TN6d][#TN6a]1[#TN6a][#TN6d]([#TN6a]1[#TN6d])}.{#TN6a=N(=C[$][$])[$],#TN6d=N[$]}",-0.385612488,-1.562111259,-0.664259195,,-1.37
HEaSC00296,CC(C)=O,{[#SN5a]}.{#SN5a=CC(C)=O},0.889548779,-0.060945202,-0.195533007,,-0.24
HEaSC00297,C=CCO,"{[#TC5][#TP1d]}.{#TC5=C=C[$],#TP1d=OC[$]}",0.081146121,-0.327860892,0.381696045,,0.17
HEaSC00298,CCC=O,{[#N6a]}.{#N6a=CCC=O},0.642235756,0.066132642,0.24759312,,0.59
HEaSC00301,C1COCO1,"{[#TC3][#SN5a]}.{#SN5a=C(O[$])O[$],#TC3=C(C[$])[$]}",0.105415776,-0.646224618,-0.052387338,,-0.37
HEaSC00302,COC(C)=O,{[#N4a]}.{#N4a=COC(C)=O},0.443833947,-0.105509169,0.253735393,,0.18
HEaSC00303,OC[C@H]1CO1,"{[#TP1][#P4]}.{#P4=C1OC1[$],#TP1=OC[$]}",-0.690827012,-1.953630805,-0.817579627,,-0.95
HEaSC00304,CCC(=O)O,{[#P2]}.{#P2=CCC(=O)O},-0.668645561,-1.953400731,-0.842476606,,0.33
HEaSC00305,O=C(O)CCS,"{[#SP2][#SC6]}.{#SC6=SCC[$],#SP2=O=C(O)[$]}",0.260089487,-0.256799608,0.269219398,,0.43
HEaSC00306,C[C@@H](O)C(=O)O,"{[#SP1][#SP2]}.{#SP1=CC(O)[$],#SP2=O=C(O)[$]}",-0.127481058,-0.818935931,-0.008436541,,-0.72
HEaSC00307,C1OCOCO1,"{[#SC3A][#SC3B]}.{#SC3A=C(OC[$])[$],#SC3B=C(O[$])O[$]}",1.259226799,1.446256876,1.309206009,,-0.43
HEaSC00308,CCCBr,{[#X2]}.{#X2=CCCBr},1.239647388,1.446429491,1.331661582,,2.1
HEaSC00311,CCCCl,{[#X3]}.{#X3=CCCCl},1.241575241,1.446502209,1.329565525,,2.04
HEaSC00313,OCCCCl,"{[#SP1][#TX3]}.{#SP1=OCC[$],#TX3=ClC[$]}",-0.074700929,-0.819923162,-0.069636323,,0.5
HEaSC00314,OCCCF,"{[#SP1][#TX4e]}.{#SP1=OCC[$],#TX4e=FC[$]}",-0.091757484,-0.819335222,-0.049515825,,-0.28
HEaSC00316,C=CCN,"{[#TC5][#TN6d]}.{#TC5=C=C[$],#TN6d=NC[$]}",-0.103577286,-1.027479649,-0.30187425,,0.07
HEaSC00319,CN(C)C=O,{[#P3a]}.{#P3a=CN(C)C=O},-0.70432955,-1.952994704,-0.801433384,,-1.01
HEaSC00320,CNC(C)=O,{[#P3]}.{#P3=CNC(C)=O},-0.687702358,-1.953439236,-0.820883691,,-1.05
HEaSC00321,CCC(N)=O,{[#P5]}.{#P5=CCC(N)=O},-0.668714821,-1.953728199,-0.842815876,,-0.66
HEaSC00322,CCC[N+](=O)[O-],"{[#SC2][#SN3a]}.{#SC2=CCC[$],#SN3a=O=[N+]([O-])[$]}",0.709874749,0.729937613,1.018398523,,0.87
HEaSC00323,CC(C)[N+](=O)[O-],"{[#SC2][#SN3a]}.{#SC2=CC(C)[$],#SN3a=O=[N+]([O-])[$]}",0.712801039,0.729917467,1.015049577,,0.8
HEaSC00324,NCCC(=O)O,"{[#SN6d][#SP2]}.{#SN6d=NCC[$],#SP2=O=C(O)[$]}",-0.080269709,-0.906390846,-0.173723698,,-3.05
HEaSC00325,C[C@H](N)C(=O)O,"{[#SN6d][#SP2]}.{#SN6d=CC(N)[$],#SP2=O=C(O)[$]}",-0.079591736,-0.90638417,-0.174484998,,-2.96
HEaSC00327,CNC(=O)OC,"{[#P3][#TN3r]}.{#P3=CNC(=O)[$],#TN3r=CO[$]}",-0.373610139,-1.175776958,-0.184575588,,-0.06
HEaSC00329,CCOC(N)=O,"{[#SN3r][#SP5]}.{#SN3r=CCO[$],#SP5=NC(=O)[$]}",-0.797367513,-1.943710804,-0.683920979,,-0.15
HEaSC00331,CNCC(=O)O,"{[#SN1][#SP2]}.{#SN1=CNC[$],#SP2=O=C(O)[$]}",0.106842987,-0.647879481,-0.05612113,,-2.78
HEaSC00332,N[C@@H](CS)C(=O)O,"{[#TN6d][#TC6]([#SP2])}.{#SP2=O=C(O)[$],#TC6=SC[$],#TN6d=NC[$][$]}",-0.430492133,-1.528671503,-0.570592344,,-2.49
HEaSC00334,N[C@@H](CO)C(=O)O,"{[#TN6d][#TP1d]([#SP2])}.{#SP2=O=C(O)[$],#TN6d=NC[$][$],#TP1d=OC[$]}",-0.433356166,-1.529241562,-0.568067849,,-3.07
HEaSC00336,CCC,{[#SC2]}.{#SC2=CCC},1.259912252,1.446388721,1.308596015,,2.36
HEaSC00338,CNC(=O)NC,"{[#P3][#TN5]}.{#P3=CNC(=O)[$],#TN5=CN[$]}",-0.317577571,-1.100743532,-0.15239659,,-0.49
HEaSC00339,CCNC(N)=O,"{[#SN5][#SP5]}.{#SN5=CCN[$],#SP5=NC(=O)[$]}",-0.722743452,-1.951992035,-0.779241621,,-0.74
HEaSC00346,CNC(=N[N+](=O)[O-])NC,"{[#TN6d][#TN2][#SN3a]([#TN5])}.{#SN3a=O=[N+]([O-])[$],#TN2=N(=C[$][$])[$],#TN5=CN[$],#TN6d=CN[$]}",0.074489832,-1.054822803,-0.539009869,,-0.7
HEaSC00347,CC(C)O,{[#P1]}.{#P1=CC(C)O},-0.622507215,-1.952516675,-0.893744051,,0.05
HEaSC00348,CCCO,{[#P1]}.{#P1=CCCO},-0.622539639,-1.952516913,-0.893707693,,0.25
HEaSC00350,OCCCO,"{[#SP1][#TP1]}.{#SP1=OCC[$],#TP1=OC[$]}",-0.752600908,-1.943369746,-0.734324574,,-1.04
HEaSC00351,COCOC,"{[#SN3r][#TN3r]}.{#SN3r=COC[$],#TN3r=CO[$]}",0.62103498,-0.710693002,-0.720266283,,0.18
HEaSC00352,COCCO,"{[#SN3r][#TP1]}.{#SN3r=COC[$],#TP1=OC[$]}",-0.700793803,-1.953276396,-0.805808485,,-0.77
HEaSC00354,OCC(O)CO,"{[#P4][#TP1]}.{#P4=OCC(O)[$],#TP1=OC[$]}",-0.687269866,-1.95369637,-0.821703434,,-1.76
HEaSC00355,CCSC,"{[#TC3][#TC6]}.{#TC3=CC[$],#TC6=CS[$]}",1.191668153,1.44580555,1.385352135,,1.54
HEaSC00356,CCCS,"{[#TC3][#TC6]}.{#TC3=CC[$],#TC6=SC[$]}",1.193399429,1.445883274,1.383485198,,1.81
HEaSC00358,CC(C)N,{[#SN6d]}.{#SN6d=CC(C)N},-0.489575833,-1.937282324,-1.025253773,,0.26
HEaSC00359,CCNC,{[#N5]}.{#N5=CCNC},0.732742012,0.105483025,0.195057333,,0.15
HEaSC00360,CCCN,{[#N6d]}.{#N6d=CCCN},0.565779984,-0.153191835,0.054362033,,0.48
HEaSC00361,CN(C)C,{[#SN3a]}.{#SN3a=CN(C)C},0.774591386,0.391375333,0.512590051,,0.16
HEaSC00363,CNCCO,"{[#SN1][#TP1]}.{#SN1=CNC[$],#TP1=OC[$]}",-0.653838813,-1.952911615,-0.858666837,,-0.94
HEaSC00364,NCCCO,"{[#SN6d][#TP1]}.{#SN6d=NCC[$],#TP1=OC[$]}",-0.349221021,-1.476070762,-0.595721304,,-1.12
HEaSC00373,NCCCN,"{[#SN6d][#TN6d]}.{#SN6d=NCC[$],#TN6d=NC[$]}",0.182768136,-0.597714722,-0.078289166,,-1.43
HEaSC00374,ClC(Cl)=C(Cl)C(Cl)=C(Cl)Cl,"{[#SX3h]=[#X3h]=[#SX3h]}.{#SX3h=ClC(Cl)[$],#X3h=ClC(C(Cl)[$])[$]}",1.233682871,1.446507812,1.338535309,,4.78
HEaSC00375,Brc1ccsc1Br,"{[#TX2]1[#TC5][#TC6][#TX2]1}.{#TC5=C(=C[$])[$],#TC6=S[$][$],#TX2=BrC[$][$]}",1.202569366,1.446080327,1.373322964,,3.53
HEaSC00376,Fc1cncc(Cl)n1,"{[#SX4e][#TC5]1[#TN6aA][#TN6aB]1[#SX3]}.{#SX3=Cl[$],#SX4e=F[$],#TC5=C(=C[$][$])[$],#TN6aA=C(=N[$])[$],#TN6aB=N(=C[$][$])[$]}",0.044597328,-0.595470309,0.081489421,,1.15
HEaSC00377,Clc1cnc(Cl)cn1,"{[#TX3]1[#TN6aB][#TX3][#TN6aA]1}.{#TN6aA=C(=N[$])[$],#TN6aB=C(N[$])[$],#TX3=ClC[$][$]}",0.185938388,-0.501164496,0.041396003,,1.58
HEaSC00378,Clc1cncc(Cl)n1,"{[#SX3][#TC5]1[#TN6aA][#TN6aB]1[#SX3]}.{#SX3=Cl[$],#TC5=C(=C[$][$])[$],#TN6aA=C(=N[$])[$],#TN6aB=N(=C[$][$])[$]}",0.063301086,-0.594077945,0.062026598,,1.53
HEaSC00379,Fc1cncc(F)n1,"{[#SX4e][#TC5]1[#TN6aA][#TN6aB]1[#SX4e]}.{#SX4e=F[$],#TC5=C(=C[$][$])[$],#TN6aA=C(=N[$])[$],#TN6aB=N(=C[$][$])[$]}",0.00383296,-0.600368857,0.121528208,,0.74
HEaSC00380,N#CC=CC#N,{[#SN2a]=[#SN2a]}.{#SN2a=N#CC[$]},0.637663782,-0.362105936,-0.294037104,,-0.25
HEaSC00382,Brc1cncnc1,"{[#SX2]1[#TN6a][#TN6a]1}.{#SX2=BrC(=C[$])[$],#TN6a=C(=N[$])[$]}",-0.552117348,-1.931913733,-0.947373748,,0.66
HEaSC00383,Brc1cnccn1,"{[#SX2]1[#TN6a][#TN6a]1}.{#SX2=BrC(=C[$])[$],#TN6a=C(=N[$])[$]}",-0.552117348,-1.931913733,-0.947373748,,0.93
HEaSC00384,Brc1ncccn1,"{[#TX2][#TN6aB]1[#TC5][#TN6aA]1}.{#TC5=C(=C[$])[$],#TN6aA=C(=N[$])[$],#TN6aB=N(=C[$][$])[$],#TX2=Br[$]}",-0.285899967,-1.273592591,-0.409084707,,0.5
HEaSC00385,O=c1[nH]cc(Br)c(=O)[nH]1,"{[#TN6a]1[#TN6d][#SX2][#TN6a][#TN6d]1}.{#SX2=BrC(=C[$])[$],#TN6a=O=C[$][$],#TN6d=N[$][$]}",-0.365552932,-1.384994864,-0.460877895,,-0.21
HEaSC00386,Brc1ccoc1,"{[#SX2]1[#TC5][#TN2a]1}.{#SX2=BrC(=C[$])[$],#TC5=C(=C[$])[$],#TN2a=O[$][$]}",1.209870696,1.446135879,1.365102291,,2.18
HEaSC00387,Brc1cccs1,"{[#SX2]1[#TC5][#TC6]1}.{#SX2=BrC(=C[$])[$],#TC5=C(=C[$])[$],#TC6=S[$][$]}",1.198282242,1.445834875,1.377878189,,2.75
HEaSC00388,Brc1ccsc1,"{[#SX2]1[#TC5][#TC6]1}.{#SX2=BrC(=C[$])[$],#TC5=C(=C[$])[$],#TC6=S[$][$]}",1.198282242,1.445834875,1.377878189,,2.62
HEaSC00389,Clc1ncccn1,"{[#TX3][#TN6aB]1[#TC5][#TN6aA]1}.{#TC5=C(=C[$])[$],#TN6aA=C(=N[$])[$],#TN6aB=N(=C[$][$])[$],#TX3=Cl[$]}",-0.272157192,-1.274521589,-0.425878048,,0.29
HEaSC00390,Clc1cnccn1,"{[#SX3]1[#TN6a][#TN6a]1}.{#SX3=ClC(=C[$])[$],#TN6a=C(=N[$])[$]}",-0.573682189,-1.94088006,-0.934333026,,0.7
HEaSC00391,Clc1cccnn1,"{[#SX3]1[#TC5][#TN1a]1}.{#SX3=ClC(=C[$])[$],#TC5=C(=C[$])[$],#TN1a=N(=N[$])[$]}",1.185633659,1.445174336,1.391399145,,0.1
HEaSC00392,Clc1ccncn1,"{[#SX3]1[#TN6a][#TN6a]1}.{#SX3=ClC(=C[$])[$],#TN6a=C(=N[$])[$]}",-0.573682189,-1.94088006,-0.934333026,,0.47
HEaSC00393,Clc1cncnc1,"{[#SX3]1[#TN6a][#TN6a]1}.{#SX3=ClC(=C[$])[$],#TN6a=C(=N[$])[$]}",-0.573682189,-1.94088006,-0.934333026,,0.47
HEaSC00394,O=c1[nH]cc(Cl)c(=O)[nH]1,"{[#TN6a]1[#TN6d][#SX3][#TN6a][#TN6d]1}.{#SX3=ClC(=C[$])[$],#TN6a=O=C[$][$],#TN6d=N[$][$]}",-0.36552608,-1.385460258,-0.46150282,,-0.35
HEaSC00395,Clc1cccs1,"{[#SX3]1[#TC5][#TC6]1}.{#SX3=ClC(=C[$])[$],#TC5=C(=C[$])[$],#TC6=S[$][$]}",1.188241243,1.445624352,1.389012218,,2.54
HEaSC00396,Fc1cnccn1,"{[#SX4e]1[#TN6a][#TN6a]1}.{#SX4e=FC(=C[$])[$],#TN6a=C(=N[$])[$]}",-0.602796614,-1.9432621,-0.904310882,,0.29
HEaSC00397,Fc1ncccn1,"{[#TX4e][#TN6aB]1[#TC5][#TN6aA]1}.{#TC5=C(=C[$])[$],#TN6aA=C(=N[$])[$],#TN6aB=N(=C[$][$])[$],#TX4e=F[$]}",-0.285624266,-1.273573279,-0.409373462,,0.02
HEaSC00398,Fc1cncnc1,"{[#SX4e]1[#TN6a][#TN6a]1}.{#SX4e=FC(=C[$])[$],#TN6a=C(=N[$])[$]}",-0.602796614,-1.9432621,-0.904310882,,-0.03
HEaSC00401,O=c1[nH]cc(F)c(=O)[nH]1,"{[#TN6a]1[#TN6d][#SX4e][#TN6a][#TN6d]1}.{#SX4e=FC(=C[$])[$],#TN6a=O=C[$][$],#TN6d=N[$][$]}",-0.394419819,-1.387022495,-0.430684805,,-0.89
HEaSC00404,O=c1[nH]cc(I)c(=O)[nH]1,"{[#TN6a]1[#TN6d][#X1][#TN6a][#TN6d]1}.{#TN6a=O=C[$][$],#TN6d=N[$][$],#X1=IC(=C[$])[$]}",-0.337123543,-1.385339618,-0.493603945,,0.04
HEaSC00406,O=[N+]([O-])c1cccs1,"{[#SN3a][#TC5B]1[#TC5A][#TC6]1}.{#SN3a=O=[N+]([O-])[$],#TC5A=C(=C[$])[$],#TC5B=C(=C[$][$])[$],#TC6=S[$][$]}",0.622337878,0.528834641,0.861018598,,1.55
HEaSC00407,O=[N+]([O-])c1ccsc1,"{[#SN3a][#TC5B]1[#TC5A][#TC6]1}.{#SN3a=O=[N+]([O-])[$],#TC5A=C(=C[$])[$],#TC5B=C(=C[$][$])[$],#TC6=S[$][$]}",0.622337878,0.528834641,0.861018598,,1.55
HEaSC00408,O=[N+]([O-])c1ccco1,"{[#SN3a][#TC5B]1[#TC5A][#TN2a]1}.{#SN3a=O=[N+]([O-])[$],#TC5A=C(=C[$])[$],#TC5B=C(=C[$][$])[$],#TN2a=O[$][$]}",0.650628567,0.529009581,0.829113901,,0.66
HEaSC00409,N#Cc1cn[nH]c1,"{[#TN4a][#TC5]1[#TN6a][#TN6d]1}.{#TC5=C(=C[$][$])[$],#TN4a=N#C[$],#TN6a=C(=N[$])[$],#TN6d=N[$][$]}",-0.45784831,-1.613268256,-0.647548139,,0.24
HEaSC00410,O=c1nc[nH]c2nn[nH]c12,"{[#TN6aB]1[#TN6aA][#TN6d][#TC5]12[#TN1a][#TN6d]2}.{#TC5=C(=C[$][$])[$][$],#TN1a=N(=N[$])[$],#TN6aA=C(=N[$])[$],#TN6aB=O=C[$][$],#TN6d=N[$][$]}",-0.484731495,-1.695608377,-0.722159445,,-1.97
HEaSC00412,Cn1cnc(Br)c1[N+](=O)[O-],"{[#TN1]1[#TN6a][#SX2]1[#SN3a]}.{#SN3a=O=[N+]([O-])[$],#SX2=BrC(=C[$][$])[$],#TN1=CN[$][$],#TN6a=C(=N[$])[$]}",0.51136595,-0.005596944,0.304622233,,0.77
HEaSC00413,Cn1cnc([N+](=O)[O-])c1Br,"{[#TN1]1[#TN6a][#SX2]1[#SN3a]}.{#SN3a=O=[N+]([O-])[$],#SX2=BrC(=C[$][$])[$],#TN1=CN[$][$],#TN6a=C(=N[$])[$]}",0.51136595,-0.005596944,0.304622233,,0.36
HEaSC00415,Cc1nc([N+](=O)[O-])c(Br)[nH]1,"{[#SN6a]1[#SX2][#SN3a]([#TN6d]1)}.{#SN3a=O=[N+]([O-])[$],#SN6a=CC(=N[$])[$],#SX2=BrC(=C[$][$])[$],#TN6d=N[$][$]}",0.062511988,-0.557557046,0.1095566,,1.14
HEaSC00416,Nc1ccc(Cl)nn1,"{[#TN6d]1[#TC5][#TX3][#TN1a]1}.{#TC5=C(C[$])[$],#TN1a=N(=N[$])[$],#TN6d=NC[$][$],#TX3=ClC[$][$]}",0.551633358,0.176321402,0.491186172,,0.35
HEaSC00417,Nc1cnc(Cl)cn1,"{[#TN6d]1[#TN6aB][#TX3][#TN6aA]1}.{#TN6aA=C(=N[$])[$],#TN6aB=C(N[$])[$],#TN6d=NC[$][$],#TX3=ClC[$][$]}",0.030761594,-1.126121044,-0.580391049,,0.67
HEaSC00418,Nc1cncc(Cl)n1,"{[#SN6d][#TC5]1[#TN6aA][#TN6aB]1[#SX3]}.{#SN6d=N[$],#SX3=Cl[$],#TC5=C(=C[$][$])[$],#TN6aA=C(=N[$])[$],#TN6aB=N(=C[$][$])[$]}",-0.328840077,-1.387845516,-0.506210744,,0.95
HEaSC00419,Cn1cnc([N+](=O)[O-])c1Cl,"{[#TN1]1[#TN6a][#SX3]1[#SN3a]}.{#SN3a=O=[N+]([O-])[$],#SX3=ClC(=C[$][$])[$],#TN1=CN[$][$],#TN6a=C(=N[$])[$]}",0.05250917,-0.65389967,-0.002104742,,0.3
HEaSC00422,Cn1cnc(Cl)c1[N+](=O)[O-],"{[#TN1]1[#TN6a][#SX3]1[#SN3a]}.{#SN3a=O=[N+]([O-])[$],#SX3=ClC(=C[$][$])[$],#TN1=CN[$][$],#TN6a=C(=N[$])[$]}",0.05250917,-0.65389967,-0.002104742,,0.69
HEaSC00423,Cc1nc([N+](=O)[O-])c(Cl)[nH]1,"{[#SN6a]1[#SX3][#SN3a]([#TN6d]1)}.{#SN3a=O=[N+]([O-])[$],#SN6a=CC(=N[$])[$],#SX3=ClC(=C[$][$])[$],#TN6d=N[$][$]}",0.032800816,-0.665773392,0.00511536,,1.06
HEaSC00424,ClCC#CCCl,{[#SX3]#[#SX3]}.{#SX3=ClCC[$]},1.214767575,1.446350098,1.359815001,,2.01
HEaSC00426,Cn1cnc([N+](=O)[O-])c1I,"{[#TN1]1[#TN6a][#X1]1[#SN3a]}.{#SN3a=O=[N+]([O-])[$],#TN1=CN[$][$],#TN6a=C(=N[$])[$],#X1=IC(=C[$][$])[$]}",0.998594344,0.678314209,0.624597728,,1
HEaSC00427,Cn1cnc(I)c1[N+](=O)[O-],"{[#TN1]1[#TN6a][#X1]1[#SN3a]}.{#SN3a=O=[N+]([O-])[$],#TN1=CN[$][$],#TN6a=C(=N[$])[$],#X1=IC(=C[$][$])[$]}",0.998594344,0.678314209,0.624597728,,1.29
HEaSC00428,c1cnccn1,"{[#TC5]1[#TN6a][#TN6a]1}.{#TC5=C(=C[$])[$],#TN6a=C(=N[$])[$]}",-0.484546095,-1.914439559,-1.001797438,,-0.23
HEaSC00429,c1ccnnc1,"{[#TC5]1[#TC5][#TN1a]1}.{#TC5=C(C[$])[$],#TN1a=N(N[$])[$]}",0.720768988,0.599442124,0.839395165,,-0.72
HEaSC00430,c1cncnc1,"{[#TC5]1[#TN6a][#TN6a]1}.{#TC5=C(=C[$])[$],#TN6a=C(=N[$])[$]}",-0.484546095,-1.914439559,-1.001797438,,-0.4
HEaSC00431,N#CCCC#N,{[#SN2a][#SN2a]}.{#SN2a=N#CC[$]},0.637663782,-0.362105936,-0.294037104,,-0.99
HEaSC00432,O=c1nccc[nH]1,"{[#TN6aB]1[#TN6aA][#TC5][#TN6d]1}.{#TC5=C(=C[$])[$],#TN6aA=C(=N[$])[$],#TN6aB=O=C[$][$],#TN6d=N[$][$]}",-0.304884404,-1.336051941,-0.467280298,,-1.76
HEaSC00433,O=c1nccc[nH]1,"{[#TN6aB]1[#TN6aA][#TC5][#TN6d]1}.{#TC5=C(=C[$])[$],#TN6aA=C(=N[$])[$],#TN6aB=O=C[$][$],#TN6d=N[$][$]}",-0.304884404,-1.336051941,-0.467280298,,-1.62
HEaSC00436,O=CNc1nccs1,"{[#SP3][#TN6a]1[#TC5][#TC6]1}.{#SP3=O=CN[$],#TC5=C(=C[$])[$],#TC6=S[$][$],#TN6a=N(=C[$][$])[$]}",-0.091539972,-0.818447888,-0.048629712,,0.54
HEaSC00437,O=c1cc[nH]c(=S)[nH]1,"{[#SN6a]=[#TC5A]1[#TC5B][#TN6d](=[#TC6])([#TN6d]1)}.{#SN6a=O[$],#TC5A=C(C[$][$])[$],#TC5B=C[$][$].C[$][$][$],#TC6=S[$],#TN6d=N[$][$]}",0.317886829,-0.252632618,0.20890294,,-0.28
HEaSC00438,O=c1ccc(=O)[nH][nH]1,"{[#SN6a]1[#SN6a][#TN6d][#TN6d]1}.{#SN6a=O=C(C[$])[$],#TN6d=N[$][$]}",-0.081177495,-0.982020378,-0.269264907,,-0.84
HEaSC00439,O=c1cc[nH]c(=O)[nH]1,"{[#SN6a]=[#TC5A]1[#TC5B][#TN6d](=[#TN6a])([#TN6d]1)}.{#SN6a=O[$],#TC5A=C(C[$][$])[$],#TC5B=C[$][$].C[$][$][$],#TN6a=O[$],#TN6d=N[$][$]}",0.219834417,-0.408674598,0.121003993,,-1.07
HEaSC00441,O=C1CC(=O)NC(=O)N1,"{[#TN6a]=[#SC3A]=[#SN6a]([#SC3B]=[#TN6a])}.{#SC3A=C(C[$][$])C[$][$],#SC3B=N(C(N[$])[$])[$],#SN6a=O[$],#TN6a=O[$]}",0.041852761,-0.772693038,-0.141691059,,-1.47
HEaSC00445,S=c1nccc[nH]1,"{[#TC6]1[#TN6a][#TC5][#TN6d]1}.{#TC5=C(=C[$])[$],#TC6=S=C[$][$],#TN6a=C(=N[$])[$],#TN6d=N[$][$]}",-0.122423463,-1.027562618,-0.280577451,,-1.11
HEaSC00446,S=c1nccc[nH]1,"{[#TC6]1[#TN6a][#TC5][#TN6d]1}.{#TC5=C(=C[$])[$],#TC6=S=C[$][$],#TN6a=C(=N[$])[$],#TN6d=N[$][$]}",-0.122423463,-1.027562618,-0.280577451,,-0.97
HEaSC00447,Sc1ncccn1,"{[#TC6][#TN6aB]1[#TC5][#TN6aA]1}.{#TC5=C(=C[$])[$],#TC6=S[$],#TN6aA=C(=N[$])[$],#TN6aB=N(=C[$][$])[$]}",-0.379914403,-1.311711431,-0.350992471,,-0.97
HEaSC00449,Cn1cc([N+](=O)[O-])nc1[N+](=O)[O-],"{[#TN1]1[#TC5][#SN3a]([#TN6a]1[#SN3a])}.{#SN3a=O=[N+]([O-])[$],#TC5=C(=C[$][$])[$],#TN1=CN[$][$],#TN6a=N(=C[$][$])[$]}",0.041665204,-0.616782784,0.057605147,,-0.17
HEaSC00450,Cn1cnc([N+](=O)[O-])c1[N+](=O)[O-],"{[#TN1]1[#TN6a][#TC5]1[#SN3a]([#SN3a])}.{#SN3a=O=[N+]([O-])[$],#TC5=C(=C[$][$])[$][$],#TN1=CN[$][$],#TN6a=C(=N[$])[$]}",-0.22586605,-0.975359499,-0.096444994,,0.41
HEaSC00451,Cc1nc([N+](=O)[O-])c([N+](=O)[O-])[nH]1,"{[#SN6a]1[#TC5][#SN3a]([#SN3a])([#TN6d]1)}.{#SN3a=O=[N+]([O-])[$],#SN6a=CC(=N[$])[$],#TC5=C(=C[$][$])[$][$],#TN6d=N[$][$]}",-0.046033829,-0.735301137,0.005862838,,0.77
HEaSC00452,Nc1ncnc2nn[nH]c12,"{[#TN6dA][#TN6aB]1[#TN6aA][#TC5]12[#TN1a][#TN6dB]2}.{#TC5=C(=C[$][$])[$][$],#TN1a=N(=N[$])[$],#TN6aA=C(=N[$])[$],#TN6aB=N(=C[$][$])[$],#TN6dA=N[$],#TN6dB=N[$][$]}",-0.654693961,-1.953209281,-0.858075917,,-0.96
HEaSC00454,c1ccoc1,"{[#TC5]1[#TC5][#TN2a]1}.{#TC5=C(=C[$])[$],#TN2a=O[$][$]}",1.231381416,1.446401715,1.341013312,,1.34
HEaSC00455,O=C1C=CCO1,"{[#TN6a]1[#TC5][#TN4a]1}.{#TC5=C(=C[$])[$],#TN4a=C(O[$])[$],#TN6a=O=C[$][$]}",0.107724801,-0.591529071,0.014831722,,-0.6
HEaSC00457,O=C(O)C=CC(=O)O,"{[#SP2][#P2]}.{#P2=O=C(O)C=C[$],#SP2=O=C(O)[$]}",-0.432172507,-1.376252055,-0.374058336,,-0.34
HEaSC00458,c1ccsc1,"{[#TC5]1[#TC5][#TC6]1}.{#TC5=C(=C[$])[$],#TC6=S[$][$]}",1.189612746,1.445784092,1.387658834,,1.81
HEaSC00459,CCOC(=O)C(Cl)(Cl)Cl,"{[#SN3r][#TN4a][#X2]}.{#SN3r=CCO[$],#TN4a=O=C[$][$],#X2=ClC(Cl)(Cl)[$]}",0.543925405,0.234994695,0.574860156,,2.39
HEaSC00460,CCOC(=O)C(F)(F)F,"{[#SN3r][#TN4a][#SX4e]}.{#SN3r=CCO[$],#SX4e=FC(F)(F)[$],#TN4a=O=C[$][$]}",0.510042191,0.236484975,0.615242302,,1.18
HEaSC00461,C=CCC#N,"{[#SC4][#TN4a]}.{#SC4=C=CC[$],#TN4a=N#C[$]}",0.829463363,0.77175355,0.935983658,,0.4
HEaSC00462,N#CC1CC1,"{[#TN4a][#SC3]}.{#SC3=C1CC1[$],#TN4a=N#C[$]}",0.5170241,0.084912851,0.413769573,,0.29
HEaSC00464,c1cc[nH]c1,"{[#TC5]1[#TC5][#TN6d]1}.{#TC5=C(=C[$])[$],#TN6d=N[$][$]}",0.492070735,0.086637363,0.444309711,,0.75
HEaSC00465,Cc1ccno1,"{[#SC4]1[#TN6a][#TN2a]1}.{#SC4=CC(=C[$])[$],#TN2a=O[$][$],#TN6a=C(=N[$])[$]}",0.226601601,-0.408854485,0.113089256,,0.45
HEaSC00467,COC(=O)CC#N,"{[#N4a][#SN2a]}.{#N4a=COC(=O)[$],#SN2a=N#CC[$]}",0.74566865,0.303834528,0.433654159,,-0.47
HEaSC00468,Cc1cscn1,"{[#SC4]1[#TC6][#TN6a]1}.{#SC4=CC(=C[$])[$],#TC6=S[$][$],#TN6a=C(=N[$])[$]}",0.265240163,0.005353874,0.598116636,,0.97
HEaSC00469,Nc1cnccn1,"{[#SN6d]1[#TN6a][#TN6a]1}.{#SN6d=NC(=C[$])[$],#TN6a=C(=N[$])[$]}",-0.593654275,-1.949154735,-0.922217906,,-0.07
HEaSC00470,Nc1ccnnc1,"{[#SN6d]1[#TN6a][#TN6a]1}.{#SN6d=NC(=C[$])[$],#TN6a=C(=N[$])[$]}",-0.593654275,-1.949154735,-0.922217906,,-0.53
HEaSC00471,Nc1ncccn1,"{[#TN6d][#TN6aB]1[#TC5][#TN6aA]1}.{#TC5=C(=C[$])[$],#TN6aA=C(=N[$])[$],#TN6aB=N(=C[$][$])[$],#TN6d=N[$]}",-0.331271112,-1.387756705,-0.503336489,,-0.22
HEaSC00472,Nc1ccncn1,"{[#SN6d]1[#TN6a][#TN6a]1}.{#SN6d=NC(=C[$])[$],#TN6a=C(=N[$])[$]}",-0.593654275,-1.949154735,-0.922217906,,-0.25
HEaSC00473,Nc1nccc(=O)[nH]1,"{[#TN6dA]1[#TN6a][#SN6a][#TN6dB]1}.{#SN6a=O=C(C[$])[$],#TN6a=C(N[$])[$],#TN6dA=NC[$][$],#TN6dB=N[$][$]}",-0.049460944,-0.955825031,-0.271834224,,-0.99
HEaSC00475,Nc1ccnc(=O)[nH]1,"{[#SN6d]1[#TN6aA][#TN6aB][#TN6d]1}.{#SN6d=NC(=C[$])[$],#TN6aA=C(=N[$])[$],#TN6aB=O=C[$][$],#TN6d=N[$][$]}",-0.305938065,-1.438906193,-0.597419381,,-1.73
HEaSC00482,Cc1nonc1C(N)=O,"{[#SN6a]1[#TN2a][#TN6a]1[#SP5]}.{#SN6a=CC(=N[$])[$],#SP5=NC(=O)[$],#TN2a=O[$][$],#TN6a=N(=C[$][$])[$]}",-0.071087554,-0.986598849,-0.286569774,,0.3
HEaSC00483,Cc1n[nH]cc1[N+](=O)[O-],"{[#SN6a]1[#TN6d][#TC5]1[#SN3a]}.{#SN3a=O=[N+]([O-])[$],#SN6a=CC(=N[$])[$],#TC5=C(=C[$][$])[$],#TN6d=N[$][$]}",-0.099289045,-0.980217516,-0.246394426,,1.02
HEaSC00484,Cc1ncc([N+](=O)[O-])[nH]1,"{[#SN6a]1[#TC5][#SN3a]([#TN6d]1)}.{#SN3a=O=[N+]([O-])[$],#SN6a=CC(=N[$])[$],#TC5=C(=C[$][$])[$],#TN6d=N[$][$]}",-0.025481537,-0.891233742,-0.216589436,,0.33
HEaSC00485,Cc1ncc([N+](=O)[O-])[nH]1,"{[#SN6a]1[#TC5][#SN3a]([#TN6d]1)}.{#SN3a=O=[N+]([O-])[$],#SN6a=CC(=N[$])[$],#TC5=C(=C[$][$])[$],#TN6d=N[$][$]}",-0.025481537,-0.891233742,-0.216589436,,0.06
HEaSC00487,Cc1nc[nH]c1[N+](=O)[O-],"{[#SC4]1[#TN6a][#TN6d]1([#SN3a])}.{#SC4=CC(=C[$][$])[$],#SN3a=O=[N+]([O-])[$],#TN6a=C(=N[$])[$],#TN6d=N[$][$]}",-0.008419968,-0.654823601,0.065909475,,0.18
HEaSC00488,Cn1ccnc1[N+](=O)[O-],"{[#TN1]1[#TC5][#TN6a]1[#SN3a]}.{#SN3a=O=[N+]([O-])[$],#TC5=C(=C[$])[$],#TN1=CN[$][$],#TN6a=N(=C[$][$])[$]}",0.016503913,-0.727885842,-0.055689134,,-0.17
HEaSC00489,Cn1cnc([N+](=O)[O-])c1,"{[#TN1]1[#TN6a][#TC5]1[#SN3a]}.{#SN3a=O=[N+]([O-])[$],#TC5=C(=C[$][$])[$],#TN1=CN[$][$],#TN6a=C(=N[$])[$]}",-0.119823277,-0.977290571,-0.219337657,,-0.44
HEaSC00490,Cn1cncc1[N+](=O)[O-],"{[#TN1]1[#TN6a][#TC5]1[#SN3a]}.{#SN3a=O=[N+]([O-])[$],#TC5=C(=C[$][$])[$],#TN1=CN[$][$],#TN6a=C(=N[$])[$]}",-0.119823277,-0.977290571,-0.219337657,,0.16
HEaSC00491,Cc1nc([N+](=O)[O-])c[nH]1,"{[#SN6a]1[#TC5][#SN3a]([#TN6d]1)}.{#SN3a=O=[N+]([O-])[$],#SN6a=CC(=N[$])[$],#TC5=C(=C[$][$])[$],#TN6d=N[$][$]}",-0.025481537,-0.891233742,-0.216589436,,0.13
HEaSC00492,Cc1[nH]cnc1[N+](=O)[O-],"{[#SC4]1[#TN6d][#TN6a]1([#SN3a])}.{#SC4=CC(=C[$][$])[$],#SN3a=O=[N+]([O-])[$],#TN6a=C(=N[$])[$],#TN6d=N[$][$]}",-0.117064826,-0.878395617,-0.096190244,,0.23
HEaSC00495,COc1[nH]cnc1[N+](=O)[O-],"{[#TN2a][#TC5]1[#TN6d][#TN6a]1([#SN3a])}.{#SN3a=O=[N+]([O-])[$],#TC5=C(=C[$][$])[$][$],#TN2a=CO[$],#TN6a=C(=N[$])[$],#TN6d=N[$][$]}",-0.056670323,-0.75498414,-0.007191546,,0.13
HEaSC00496,C=CC=C,{[#SC5]}.{#SC5=C=CC=C},1.229770422,1.446502328,1.342971325,,1.99
HEaSC00497,CC#CC,{[#C6r]}.{#C6r=CC#CC},1.273395658,1.446140885,1.292966843,,1.46
HEaSC00498,N#CCCCCl,"{[#SN2a][#SX3]}.{#SN2a=N#CC[$],#SX3=ClCC[$]}",1.211696029,1.445224166,1.361865163,,0.56
HEaSC00500,CCOC(=O)C(F)F,"{[#SN3r][#TN4a][#TX4]}.{#SN3r=CCO[$],#TN4a=O=C[$][$],#TX4=FC(F)[$]}",0.529571414,0.235007688,0.591177821,,0.87
HEaSC00501,Cc1cnc[nH]1,"{[#SC4]1[#TN6a][#TN6d]1}.{#SC4=CC(=C[$])[$],#TN6a=C(=N[$])[$],#TN6d=N[$][$]}",0.163826287,-0.538660645,0.018628826,,0.23
HEaSC00502,Cn1ccnc1,"{[#TN1]1[#TC5][#TN6a]1}.{#TC5=C(=C[$])[$],#TN1=CN[$][$],#TN6a=C(=N[$])[$]}",0.181429267,-0.540310681,-0.003468851,,-0.06
HEaSC00503,Cc1ncc[nH]1,"{[#SN6a]1[#TC5][#TN6d]1}.{#SN6a=CC(=N[$])[$],#TC5=C(=C[$])[$],#TN6d=N[$][$]}",0.24314408,-0.548297346,-0.083752692,,0.24
HEaSC00504,Cn1cccn1,"{[#TN1]1[#TC5][#TN6a]1}.{#TC5=C(=C[$])[$],#TN1=CN[$][$],#TN6a=C(=N[$])[$]}",0.181429267,-0.540310681,-0.003468851,,0.23
HEaSC00505,COc1cn[nH]c1,"{[#TN2a][#TC5]1[#TN6a][#TN6d]1}.{#TC5=C(=C[$][$])[$],#TN2a=CO[$],#TN6a=C(=N[$])[$],#TN6d=N[$][$]}",-0.105483763,-0.878806949,-0.109867409,,0.37
HEaSC00507,Cc1nonc1C,"{[#SN6a]1[#TN2a][#SN6a]1}.{#SN6a=CC(=N[$])[$],#TN2a=O[$][$]}",0.374298573,-0.397823125,-0.04055576,,0.71
HEaSC00510,Cc1nsnc1C,"{[#SN6a]1[#TC6][#SN6a]1}.{#SN6a=CC(=N[$])[$],#TC6=S[$][$]}",0.384322107,-0.123608984,0.29820779,,1.28
HEaSC00511,Cc1nnc(C)s1,"{[#SN6a]1[#SN6a][#TC6]1}.{#SN6a=CC(=N[$])[$],#TC6=S[$][$]}",0.24018079,-0.385430932,0.127578139,,0.03
HEaSC00514,Nc1cncc(N)n1,"{[#SN6d][#TC5]1[#TN6aA][#TN6aB]1[#SN6d]}.{#SN6d=N[$],#TC5=C(=C[$][$])[$],#TN6aA=C(=N[$])[$],#TN6aB=N(=C[$][$])[$]}",-0.502588451,-1.711813688,-0.722572923,,-0.45
HEaSC00515,NC(=O)c1nc[nH]c1N,"{[#SP5][#SN6d]1[#TN6a][#TN6d]1}.{#SN6d=NC(=C[$][$])[$],#SP5=NC(=O)[$],#TN6a=C(=N[$])[$],#TN6d=N[$][$]}",-0.522484601,-1.727898717,-0.720517099,,-1.1
HEaSC00516,CSc1nncc(=O)n1N,"{[#TC6][#SN6d]1[#TN1a][#SN6a]1}.{#SN6a=O=C(C[$])[$],#SN6d=NN(C[$][$])[$],#TC6=CS[$],#TN1a=N(N[$])[$]}",0.147132695,-0.596984982,-0.036888264,,0.38
HEaSC00517,CCn1cnc([N+](=O)[O-])n1,"{[#TC3][#TN1]1[#TN6aA][#TN6aB]1[#SN3a]}.{#SN3a=O=[N+]([O-])[$],#TC3=CC[$],#TN1=N[$][$][$],#TN6aA=C(=N[$])[$],#TN6aB=N(=C[$][$])[$]}",0.260270804,-0.390806466,0.097898714,,-0.19
HEaSC00522,CC(=O)Nc1nnc(S(N)(=O)=O)s1,"{[#SP3][#TN6a]1[#TN6a][#P4]([#TC6]1)}.{#P4=NS(=O)(=O)[$],#SP3=CC(=O)N[$],#TC6=S[$][$],#TN6a=N(=C[$][$])[$]}",-0.748786449,-1.950632215,-0.747929454,,-0.26
HEaSC00523,Cn1cnc([N+](=O)[O-])c1S(N)(=O)=O,"{[#TN1]1[#TN6a][#TC5]1[#SN3a]([#P4])}.{#P4=NS(=O)(=O)[$],#SN3a=O=[N+]([O-])[$],#TC5=C(=C[$][$])[$][$],#TN1=CN[$][$],#TN6a=C(=N[$])[$]}",-0.293715119,-1.30746603,-0.443462878,,-0.74
HEaSC00524,C1=CCOC1,"{[#SC4][#TN4a]}.{#SC4=C(=C[$])C[$],#TN4a=C(O[$])[$]}",0.796269774,0.662737131,0.834475517,,0.46
HEaSC00525,S=C1CCCO1,"{[#TC6]1[#TC3][#TN4a]1}.{#TC3=C(C[$])[$],#TC6=S=C[$][$],#TN4a=C(O[$])[$]}",0.759562075,0.598596871,0.794261158,,0.6
HEaSC00526,CC(=O)C(C)=O,{[#SN4a][#SN4a]}.{#SN4a=CC(=O)[$]},0.694212437,0.30896464,0.498640776,,-1.34
HEaSC00527,C=CC(=O)OC,"{[#TC5][#TN4a][#TN3r]}.{#TC5=C=C[$],#TN3r=CO[$],#TN4a=O=C[$][$]}",0.586903393,0.322927147,0.638334215,,0.8
HEaSC00528,CC=CC(=O)O,"{[#SC4][#SP2]}.{#SC4=CC=C[$],#SP2=O=C(O)[$]}",0.469414324,0.029228091,0.396732569,,0.72
HEaSC00529,O=C(O)C1CC1,"{[#SP2][#SC3]}.{#SC3=C1CC1[$],#SP2=O=C(O)[$]}",0.151425928,-0.537986755,0.033571701,,0.63
HEaSC00530,C1O[C@@H]1[C@H]2CO2,{[#P4][#P4]}.{#P4=C1OC1[$]},-0.699626207,-1.953495502,-0.807414472,,-0.52
HEaSC00531,O=C1CCCO1,"{[#TN6a]1[#TC3][#TN4a]1}.{#TC3=C(C[$])[$],#TN4a=C(O[$])[$],#TN6a=O=C[$][$]}",0.308856815,-0.252906322,0.218808487,,-0.64
HEaSC00532,C=C(C)C(=O)O,"{[#SC4][#SP2]}.{#SC4=C=C(C)[$],#SP2=O=C(O)[$]}",0.627818286,0.312627792,0.578718424,,0.93
HEaSC00533,C=COC(C)=O,"{[#SP2][#SN4a]}.{#SN4a=CC(=O)[$],#SP2=C=CO[$]}",-0.225664571,-0.967244446,-0.086311676,,0.73
HEaSC00535,COC(=O)C(=O)OC,{[#N4a][#N4a]}.{#N4a=COC(=O)[$]},0.783317208,0.471275657,0.604705989,,-0.17
1003-09-4,C1=CC=C(Br)S1,"{[#TC5]1[#SX2][#TC6]1}.{#SX2=BrC(=C[$])[$],#TC5=C(=C[$])[$],#TC6=S[$][$]}",1.198282242,1.445834637,1.377877951,,
10057-27-9,FC(F)(F)C(=O)C(F)(F)F,"{[#SX4e][#TN4a][#SX4e]}.{#SX4e=FC(F)(F)[$],#TN4a=O=C[$][$]}",1.156756043,1.444180012,1.422924042,,
10061-01-5,ClC=CCCl,"{[#SX3][#TX3]}.{#SX3=ClC=C[$],#TX3=ClC[$]}",1.199064136,1.446011543,1.377216101,,
10061-02-6,ClC=CCCl,"{[#SX3][#TX3]}.{#SX3=ClC=C[$],#TX3=ClC[$]}",1.199064136,1.446011543,1.377216101,,
1007-28-9,n1c(N)nc(Cl)nc1NCC,"{[#TN6a]1[#TN6d][#TN1a]1[#TX3]([#SN5])}.{#SN5=CCN[$],#TN1a=N[$][$].N[$][$],#TN6a=N(C[$][$])[$],#TN6d=NC[$][$],#TX3=ClC[$][$]}",0.172422513,-0.574566305,-0.036981557,,
102-71-6,OCCN(CCO)CCO,"{[#SP1][#TN6d][#TP1d]([#SP1])}.{#SP1=OCC[$],#TN6d=C(N[$][$])[$],#TP1d=OC[$]}",-0.575671077,-1.696833611,-0.620448828,,
10498-35-8,C1C(Cl)C(Cl)CCC1,"{[#TC3]1[#TX3][#TX3][#TC3]1}.{#TC3=C(C[$])[$],#TX3=ClC[$][$]}",1.216920614,1.446063995,1.357004404,,
105-46-4,CC(=O)OC(C)CC,"{[#SN4a][#N3r]}.{#N3r=CCC(C)O[$],#SN4a=CC(=O)[$]}",0.501798391,0.129804894,0.488383591,,
105-54-4,CCCC(=O)OCC,"{[#SC2][#TN4a][#SN3r]}.{#SC2=CCC[$],#SN3r=CCO[$],#TN4a=O=C[$][$]}",0.759173751,0.601110339,0.797911584,,
105-58-8,CCOC(=O)OCC,"{[#SN3r][#TN4a][#SN3r]}.{#SN3r=CCO[$],#TN4a=O=C[$][$]}",0.393358558,-0.062315747,0.366211742,,
106-36-5,CCC(=O)OCCC,"{[#N6a][#N3r]}.{#N3r=CCCO[$],#N6a=CCC(=O)[$]}",0.65288794,0.245203108,0.464152902,,
106-37-6,c1c(Br)ccc(Br)c1,"{[#TC5B]1[#TX2][#TC5A][#TX2]1}.{#TC5A=C(=C[$])[$],#TC5B=C(C[$])[$],#TX2=BrC[$][$]}",1.212167025,1.446102977,1.362452745,,
106-46-7,c1c(Cl)ccc(Cl)c1,"{[#TC5B]1[#TX3][#TC5A][#TX3]1}.{#TC5A=C(=C[$])[$],#TC5B=C(C[$])[$],#TX3=ClC[$][$]}",1.19796741,1.445925474,1.378351808,,
106-47-8,c1c(Cl)ccc(N)c1,"{[#TC5B]1[#TX3][#TC5A][#TN6d]1}.{#TC5A=C(=C[$])[$],#TC5B=C(C[$])[$],#TN6d=NC[$][$],#TX3=ClC[$][$]}",0.700242817,0.501778841,0.737998843,,
106-48-9,c1c(Cl)ccc(O)c1,"{[#TC5B]1[#TX3][#TC5A][#TN6]1}.{#TC5A=C(=C[$])[$],#TC5B=C(C[$])[$],#TN6=OC[$][$],#TX3=ClC[$][$]}",0.814084709,0.641182184,0.786720395,,
106-93-4,BrCCBr,{[#SX2][#SX2]}.{#SX2=BrC[$]},1.220433116,1.446412921,1.353460789,,
106-94-5,CCCBr,{[#X2]}.{#X2=CCCBr},1.239647388,1.446429491,1.331661582,,
106-95-6,BrCC=C,"{[#SX2][#TC5]}.{#SX2=BrC[$],#TC5=C=C[$]}",1.210352182,1.446035862,1.364427686,,
106-97-8,CCCC,{[#C1]}.{#C1=CCCC},1.303170085,1.445214629,1.257971406,,
106-98-9,C=CCC,{[#C4]}.{#C4=C=CCC},1.297448635,1.445439339,1.264755607,,
106-99-0,C=CC=C,{[#SC5]}.{#SC5=C=CC=C},1.229770422,1.446502328,1.342971325,,
107-03-9,CCCS,"{[#TC3][#TC6]}.{#TC3=CC[$],#TC6=SC[$]}",1.193399429,1.445883274,1.383485198,,
107-06-2,ClCCCl,{[#X3h]}.{#X3h=ClCCCl},1.247972012,1.446466327,1.322254777,,
107-08-4,CCCI,{[#X1]}.{#X1=CCCI},1.248713613,1.446465373,1.321411252,,
107-15-3,NCCN,{[#TN6d][#TN6d]}.{#TN6d=NC[$]},0.051098984,-0.825311959,-0.219381168,,
107-21-1,OCCO,{[#P4]}.{#P4=OCCO},-0.67707026,-1.953781486,-0.833394527,,
107-97-1,CNCC(=O)O,"{[#SN1][#SP2]}.{#SN1=CNC[$],#SP2=O=C(O)[$]}",0.106842987,-0.647879481,-0.05612113,,
107103-96-8,FC(F)(F)CCC(O)CC,"{[#SX4e][#P1][#TC3]}.{#P1=OC(CC[$])[$],#SX4e=FC(F)(F)[$],#TC3=CC[$]}",0.786659956,0.636040151,0.811299622,,
107103-97-9,FC(F)(F)CC(C)CCO,"{[#SX4e][#SC2][#SP1]}.{#SC2=CC(C[$])[$],#SP1=OCC[$],#SX4e=FC(F)(F)[$]}",0.505849183,0.150887132,0.510703385,,
108-10-1,CC(=O)CC(C)C,"{[#SN4a][#SC1]}.{#SC1=CC(C)C[$],#SN4a=CC(=O)[$]}",0.951759517,0.913439929,0.978019297,,
108-11-2,CC(C)CC(O)C,"{[#SC2][#P1]}.{#P1=CC(O)C[$],#SC2=CC(C)[$]}",0.353349745,-0.32226488,0.079715915,,
108-20-3,CC(C)OC(C)C,"{[#SC2][#N3r]}.{#N3r=CC(C)O[$],#SC2=CC(C)[$]}",1.047943711,0.956653714,0.923968971,,
108-21-4,CC(=O)OC(C)C,"{[#SN4a][#N3r]}.{#N3r=CC(C)O[$],#SN4a=CC(=O)[$]}",0.545689106,0.210606068,0.541715086,,
108-36-1,c1c(Br)cc(Br)cc1,"{[#SX2]1[#SX2][#TC5]1}.{#SX2=BrC(=C[$])[$],#TC5=C(=C[$])[$]}",1.202477574,1.446027279,1.373359799,,
108-42-9,c1c(Cl)cc(N)cc1,"{[#SX3]1[#SN6d][#TC5]1}.{#SN6d=NC(=C[$])[$],#SX3=ClC(=C[$])[$],#TC5=C(=C[$])[$]}",0.402574539,-0.010412897,0.422020912,,
108-43-0,c1c(Cl)cc(O)cc1,"{[#SX3]1[#SN6][#TC5]1}.{#SN6=OC(=C[$])[$],#SX3=ClC(=C[$])[$],#TC5=C(=C[$])[$]}",0.486462265,0.138582245,0.517007709,,
108-70-3,c1(Cl)cc(Cl)cc(Cl)c1,{[#SX3]1[#SX3][#SX3]1}.{#SX3=ClC(=C[$])[$]},1.195951581,1.445970058,1.380697846,,
108-78-1,Nc1nc(N)nc(N)n1,"{[#TN6d][#TN6a]1[#TN6a][#TN6d]([#TN6a]1[#TN6d])}.{#TN6a=N(=C[$][$])[$],#TN6d=N[$]}",-0.385612488,-1.562111259,-0.664259195,,
108-85-0,BrC1CCCCC1,"{[#SX2]1[#TC3][#TC3]1}.{#SX2=BrC(C[$])[$],#TC3=C(C[$])[$]}",1.236291289,1.446120501,1.335078359,,
108-86-1,c1ccccc1Br,"{[#SX2]1[#TC5][#TC5]1}.{#SX2=BrC(C[$])[$],#TC5=C(C[$])[$]}",1.218114614,1.446223021,1.355851054,,
108-89-4,c1c(C)ccnc1,"{[#SC4]1[#TC5][#TN6a]1}.{#SC4=CC(=C[$])[$],#TC5=C(=C[$])[$],#TN6a=C(=N[$])[$]}",0.565294206,0.232038766,0.546818376,,
108-90-7,c1ccccc1Cl,"{[#SX3]1[#TC5][#TC5]1}.{#SX3=ClC(C[$])[$],#TC5=C(C[$])[$]}",1.211287498,1.446149349,1.363510609,,
108-91-8,C1CCCCC1N,"{[#SN6d]1[#TC3][#TC3]1}.{#SN6d=NC(C[$])[$],#TC3=C(C[$])[$]}",0.535181761,0.084831998,0.393045574,,
108-93-0,C1CCC(O)CC1,"{[#TC3]1[#SN6][#TC3]1}.{#SN6=OC(C[$])[$],#TC3=C(C[$])[$]}",0.455243111,-0.197183326,0.123719141,,
108-95-2,c1ccccc1O,"{[#SN6]1[#TC5][#TC5]1}.{#SN6=OC(C[$])[$],#TC5=C(C[$])[$]}",0.560760021,0.193355858,0.502572954,,
108-98-5,c1cc(S)ccc1,"{[#TC5]1[#SC6][#TC5]1}.{#SC6=SC(C[$])[$],#TC5=C(C[$])[$]}",1.205474496,1.446175933,1.370145798,,
108-99-6,c1c(C)cncc1,"{[#SC4]1[#TN6a][#TC5]1}.{#SC4=CC(=C[$])[$],#TC5=C(=C[$])[$],#TN6a=C(=N[$])[$]}",0.570679367,0.232169047,0.540868938,,
109-04-6,c1ccc(Br)nc1,"{[#TC5]1[#SX2][#TN6a]1}.{#SX2=BrC(=C[$])[$],#TC5=C(=C[$])[$],#TN6a=C(=N[$])[$]}",0.506843328,0.210068807,0.585144103,,
109-06-8,c1c(C)nccc1,"{[#SC4]1[#TN6a][#TC5]1}.{#SC4=CC(=C[$])[$],#TC5=C(=C[$])[$],#TN6a=C(=N[$])[$]}",0.570679367,0.232169047,0.540868938,,
109-09-1,c1ccc(Cl)nc1,"{[#TC5]1[#SX3][#TN6a]1}.{#SX3=ClC(=C[$])[$],#TC5=C(=C[$])[$],#TN6a=C(=N[$])[$]}",0.3413468,-0.099579625,0.377695769,,
109-49-9,CC(=O)CCC=C,"{[#SN4a][#C4]}.{#C4=C=CCC[$],#SN4a=CC(=O)[$]}",0.931764483,0.848350763,0.917613864,,
109-52-4,CCCCC(=O)O,"{[#C1][#SP2]}.{#C1=CCCC[$],#SP2=O=C(O)[$]}",0.469250947,-0.148721516,0.169692636,,
109-64-8,BrCCCBr,"{[#X2][#SX2]}.{#SX2=BrC[$],#X2=BrCC[$]}",1.229948401,1.446481228,1.342742085,,
109-65-9,CCCCBr,"{[#SC2][#SX2]}.{#SC2=CCC[$],#SX2=BrC[$]}",1.236313939,1.446424484,1.335440993,,
109-66-0,CCCCC,"{[#SC2][#TC3]}.{#SC2=CCC[$],#TC3=CC[$]}",1.263501167,1.446296692,1.304402351,,
109-67-1,C=CCCC,"{[#SC4][#TC3]}.{#SC4=C=CC[$],#TC3=CC[$]}",1.249058008,1.446501613,1.321066976,,
109-69-3,CCCCCl,"{[#SC2][#TX3]}.{#SC2=CCC[$],#TX3=ClC[$]}",1.232804537,1.446476102,1.339491725,,
109-70-6,BrCCCCl,"{[#X2][#TX3]}.{#TX3=ClC[$],#X2=BrCC[$]}",1.220437527,1.446384788,1.3534199,,
109-76-2,NCCCN,"{[#SN6d][#TN6d]}.{#SN6d=NCC[$],#TN6d=NC[$]}",0.182768136,-0.597714722,-0.078289166,,
109-79-5,CCCCS,"{[#SC2][#TC6]}.{#SC2=CCC[$],#TC6=SC[$]}",1.223578095,1.446395993,1.349867702,,
109-92-2,CCOC=C,"{[#SN3r][#TC5]}.{#SN3r=CCO[$],#TC5=C=C[$]}",0.406086624,0.134514302,0.603091478,,
109803-52-3,c1c(Br)c(Cl)c(Cl)c(OC)c1,"{[#SX2]1[#TX3][#TX3][#TC5]1[#TN2a]}.{#SX2=BrC(=C[$])[$],#TC5=C(=C[$][$])[$],#TN2a=CO[$],#TX3=ClC[$][$]}",1.108434916,1.256949902,1.238723755,,
110-00-9,O1C=CC=C1,"{[#TN2a]1[#TC5][#TC5]1}.{#TC5=C(=C[$])[$],#TN2a=O[$][$]}",1.231381416,1.446401715,1.341013193,,
110-02-1,S1C=CC=C1,"{[#TC6]1[#TC5][#TC5]1}.{#TC5=C(=C[$])[$],#TC6=S[$][$]}",1.189612746,1.445784092,1.387658834,,
110-19-0,CC(=O)OCC(C)C,"{[#SN4a][#N3r]}.{#N3r=CC(C)CO[$],#SN4a=CC(=O)[$]}",0.504758179,0.129927486,0.485178858,,
110-44-1,CC=CC=CC(=O)O,"{[#C4]=[#SP2]}.{#C4=CC=CC[$],#SP2=O=C(O)C[$]}",0.357416838,-0.257094026,0.158314377,,
110-53-2,CCCCCBr,"{[#SC2][#X2]}.{#SC2=CCC[$],#X2=BrCC[$]}",1.244456053,1.446469665,1.326251864,,
110-54-3,CCCCCC,{[#SC2][#SC2]}.{#SC2=CCC[$]},1.262552381,1.446353555,1.305552721,,
110-56-5,ClCCCCCl,{[#SX3][#SX3]}.{#SX3=ClCC[$]},1.214767575,1.446350098,1.359815001,,
110-58-7,CCCCCN,"{[#SC2][#SN6d]}.{#SC2=CCC[$],#SN6d=NCC[$]}",0.869471073,0.525930464,0.576655328,,
110-68-9,CNCCCC,"{[#SN1][#SC2]}.{#SC2=CCC[$],#SN1=CNC[$]}",0.882578015,0.727979302,0.819769025,,
110-82-7,C1CCCCC1,{[#SC3][#SC3]}.{#SC3=C(C[$])C[$]},1.280435205,1.445983529,1.284772396,,
110-83-8,C1CCC=CC1,"{[#TC3]1[#TC3][#TC5]1}.{#TC3=C(C[$])[$],#TC5=C(=C[$])[$]}",1.229478836,1.446456194,1.343243718,,
110-85-0,C1NCCNC1,{[#SC3][#SC3]}.{#SC3=C(NC[$])[$]},1.270474315,1.446179509,1.296333909,,
111-25-1,CCCCCCBr,"{[#C1][#X2]}.{#C1=CCCC[$],#X2=BrCC[$]}",1.258213162,1.446349263,1.31047523,,
111-26-2,CCCCCCN,"{[#C1][#SN6d]}.{#C1=CCCC[$],#SN6d=NCC[$]}",0.932982445,0.660106063,0.675858915,,
111-27-3,CCCCCCO,"{[#C1][#SP1]}.{#C1=CCCC[$],#SP1=OCC[$]}",0.580111742,0.152561545,0.428505212,,
111-42-2,OCCNCCO,"{[#TP1d][#TN6d][#SP1]}.{#SP1=OCC[$],#TN6d=C(N[$])[$],#TP1d=OC[$]}",-0.685694933,-1.951986074,-0.821307898,,
111-43-3,CCCOCCC,"{[#N3r][#SC2]}.{#N3r=CCCO[$],#SC2=CCC[$]}",1.053755641,0.955954313,0.916475594,,
111-44-4,ClCCOCCCl,"{[#TX3][#TP1d][#SX3]}.{#SX3=ClCC[$],#TP1d=C(O[$])[$],#TX3=ClC[$]}",0.99924016,1.215453625,1.309742689,,
111-47-7,CCCSCCC,"{[#TC3][#TC6][#SC2]}.{#SC2=CCC[$],#TC3=CC[$],#TC6=C(S[$])[$]}",1.223096251,1.446437001,1.350467205,,
1118-68-9,CN(C)CC(=O)O,"{[#SN1][#SP2]}.{#SN1=CN(C)[$],#SP2=O=C(O)C[$]}",0.101244323,-0.679511726,-0.09015467,,
1120-87-2,c1c(Br)ccnc1,"{[#SX2]1[#TC5][#TN6a]1}.{#SX2=BrC(=C[$])[$],#TC5=C(=C[$])[$],#TN6a=C(=N[$])[$]}",0.26824671,0.035055552,0.632628322,,
1120-90-7,c1cc(I)cnc1,"{[#TC5]1[#X1][#TN6a]1}.{#TC5=C(C[$])[$],#TN6a=C(N[$])[$],#X1=IC(C[$])[$]}",0.763592005,0.659038305,0.866862774,,
112704-79-7,OC(=O)c1ccc(Br)cc1F,"{[#SP2][#TC5]1[#SX2][#SX4e]1}.{#SP2=O=C(O)[$],#SX2=BrC(=C[$])[$],#SX4e=FC(=C[$])[$],#TC5=C(=C[$][$])[$]}",0.701012731,0.539558589,0.785365701,,
114525-06-3,FC(F)(F)CC(C)CO,"{[#SX4e][#P1]}.{#P1=CC(CO)C[$],#SX4e=FC(F)(F)[$]}",1.175588369,1.254960537,1.159921169,,
115-07-1,CC=C,{[#SC4]}.{#SC4=C=CC},1.253626704,1.446459055,1.315823913,,
115-11-7,C=C(C)C,{[#SC4]}.{#SC4=C=C(C)C},1.25802362,1.446410179,1.310768127,,
115571-04-5,ClC(Cl)(Cl)c1nc(N)nc(OC)n1,"{[#X2][#TN6a]1[#TN6d][#TN1a]1[#SN2a]}.{#SN2a=COC[$][$],#TN1a=N[$][$].N[$][$],#TN6a=N(=C[$][$])[$],#TN6d=NC[$][$],#X2=ClC(Cl)(Cl)[$]}",0.14868933,-0.532519937,0.043660063,,
116-53-0,CCC(C)C(=O)O,"{[#C1][#SP2]}.{#C1=CCC(C)[$],#SP2=O=C(O)[$]}",0.573435187,0.044550516,0.298167527,,
117856-61-8,c1c(OC)ncc(OC)n1,"{[#TC5]1[#TN2a]([#TN6aA][#TN6aB]1[#TN3r])}.{#TC5=C(=C[$][$])[$],#TN2a=CO[$],#TN3r=CO[$],#TN6aA=C(=N[$])[$],#TN6aB=N(=C[$][$])[$]}",0.317122608,-0.264928877,0.194069833,,
118-79-6,c1(Br)c(O)c(Br)cc(Br)c1,"{[#SX2B]1[#TN6][#SX2A][#TX2]1}.{#SX2A=BrC(=C[$])[$],#SX2B=BrC(C[$])[$],#TN6=OC[$][$],#TX2=BrC[$][$]}",1.202495098,1.445774436,1.373016953,,
118-91-2,c1c(Cl)c(C(=O)O)ccc1,"{[#SX3]1[#TC5B][#SP2]([#TC5A]1)}.{#SP2=O=C(O)[$],#SX3=ClC(=C[$])[$],#TC5A=C(=C[$])[$],#TC5B=C(=C[$][$])[$]}",0.769272983,0.646200299,0.844018459,,
1193-02-8,Nc1ccc(S)cc1,"{[#TN6d]1[#TC5B][#TC6][#TC5A]1}.{#TC5A=C(=C[$])[$],#TC5B=C(C[$])[$],#TC6=SC[$][$],#TN6d=NC[$][$]}",0.743294418,0.551266849,0.752299368,,
1193-62-0,C1=CNC(C(=O)OC)=C1,"{[#TC5A]1[#TN6d][#TC5B]1[#N4a]}.{#N4a=COC(=O)[$],#TC5A=C(=C[$])[$],#TC5B=C(=C[$][$])[$],#TN6d=N[$][$]}",0.306967109,-0.246747762,0.228818476,,
1195-08-0,N1C(=O)NC(=O)C(C=O)=C1,"{[#TN6d][#TC5B]1=[#TN6a]([#TN6d][#TC5A]1=[#SN6a]([#TN4a]))}.{#SN6a=O[$],#TC5A=C(C[$][$])[$][$],#TC5B=C[$][$][$].C[$][$],#TN4a=O=C[$],#TN6a=O[$],#TN6d=N[$][$]}",0.169589296,-0.517700136,0.038848691,,
120-83-2,c1c(O)c(Cl)cc(Cl)c1,"{[#SN6]1[#SX3][#SX3]1}.{#SN6=OC(=C[$])[$],#SX3=ClC(=C[$])[$]}",0.547225535,0.396719724,0.777620614,,
121-44-8,CCN(CC)CC,"{[#SN3a][#TC3]([#TC3])}.{#SN3a=CCN[$][$],#TC3=CC[$]}",0.91980356,0.555784047,0.557615876,,
121-50-6,FC(F)(F)c1cc(N)c(Cl)cc1,"{[#SX4e][#TC5]1[#SN6d][#SX3]1}.{#SN6d=NC(C[$])[$],#SX3=ClC(C[$])[$],#SX4e=FC(F)(F)[$],#TC5=C(C[$][$])[$]}",0.907029867,0.851956189,0.95030719,,
122970-63-2,CC1NCC=C1,"{[#SN6d][#SC4]}.{#SC4=C(=C[$])C[$],#SN6d=CC(N[$])[$]}",0.277628005,-0.351600915,0.128249377,,
123-51-3,CC(C)CCO,"{[#SC2][#SP1]}.{#SC2=CC(C)[$],#SP1=OCC[$]}",0.406481594,-0.064687982,0.348279208,,
123-86-4,CC(=O)OCCCC,"{[#SN4a][#C1]}.{#C1=CCCC[$],#SN4a=CC(=O)O[$]}",1.035873532,0.928621113,0.901881397,,
124-02-7,C=CCNCC=C,"{[#TC5][#TN6d][#SC4]}.{#SC4=C=CC[$],#TC5=C=C[$],#TN6d=C(N[$])[$]}",0.429505348,-0.064966306,0.321777165,,
127-18-4,ClC(Cl)=C(Cl)Cl,{[#SX3h]=[#SX3h]}.{#SX3h=ClC(Cl)[$]},1.223190308,1.446452379,1.350380182,,
13053-81-1,C1=CSC(NC(=O)C)=C1,"{[#TC5A]1[#TC6][#TC5B]1[#SP3]}.{#SP3=CC(=O)N[$],#TC5A=C(=C[$])[$],#TC5B=C(=C[$][$])[$],#TC6=S[$][$]}",0.249223441,-0.2540268,0.285100043,,
13129-23-2,O1C=CC(C(=O)OC)=C1,"{[#TN2a]1[#TC5A][#TC5B]1[#N4a]}.{#N4a=COC(=O)[$],#TC5A=C(=C[$])[$],#TC5B=C(=C[$][$])[$],#TN2a=O[$][$]}",0.713659465,0.542482972,0.774737656,,
13577-71-4,C1(C(F)(F)F)=Nc2ncc(Cl)cc2N1,"{[#TN6aB]2[#SX4e]([#TC5]1[#TN6aA][#SX3]1([#TN6d]2))}.{#SX3=ClC(C[$])[$],#SX4e=FC(F)(F)[$],#TC5=C(C[$][$])[$][$],#TN6aA=C(N[$])[$],#TN6aB=N(=C[$][$])[$],#TN6d=N[$][$]}",0.409805357,0.057729498,0.500820935,,
137-07-5,c1c(N)c(S)ccc1,"{[#SN6d]1[#SC6][#TC5]1}.{#SC6=SC(=C[$])[$],#SN6d=NC(=C[$])[$],#TC5=C(=C[$])[$]}",0.471115381,0.086354986,0.467746705,,
13797-63-2,C1(C(F)(F)F)=Nc2ncccc2N1,"{[#TN6aB]2[#SX4e]([#TC5B]1[#TN6aA][#TC5A]1([#TN6d]2))}.{#SX4e=FC(F)(F)[$],#TC5A=C(C[$])[$],#TC5B=C(C[$][$])[$][$],#TN6aA=C(N[$])[$],#TN6aB=N(=C[$][$])[$],#TN6d=N[$][$]}",0.359728694,-0.068776146,0.396153867,,
140-88-5,C=CC(=O)OCC,"{[#TC5][#TN4a][#SN3r]}.{#SN3r=CCO[$],#TC5=C=C[$],#TN4a=O=C[$][$]}",0.611804783,0.315404087,0.600449026,,
14085-33-7,S1SC=2CCCC2C1=S,"{[#SC6A]1[#SC3][#SC6B]1}.{#SC3=C(C[$])C[$],#SC6A=S(S[$])C[$][$],#SC6B=S=C(C[$][$])[$]}",1.218526483,1.446307778,1.355491996,,
141-43-5,NCCO,"{[#TN6d][#TP1d]}.{#TN6d=NC[$],#TP1d=OC[$]}",-0.57107836,-1.933505177,-0.927873075,,
142-28-9,ClCCCCl,"{[#SX3][#TX3]}.{#SX3=ClCC[$],#TX3=ClC[$]}",1.200619221,1.446060181,1.375511765,,
142-62-1,CCCCCC(=O)O,"{[#C1][#SP2]}.{#C1=CCCC[$],#SP2=O=C(O)C[$]}",0.316416174,-0.418520451,-0.001250637,,
142-84-7,CCCNCCC,"{[#N5][#SC2]}.{#N5=CCCN[$],#SC2=CCC[$]}",0.894207358,0.666832685,0.72848314,,
1435-48-9,Clc1cc(Cl)ccc1F,"{[#SX3]1[#SX3][#SX4e]1}.{#SX3=ClC(=C[$])[$],#SX4e=FC(=C[$])[$]}",1.200076938,1.44603765,1.37609911,,
1436-34-6,CCCCC1OC1,"{[#C1][#P4]}.{#C1=CCCC[$],#P4=C1OC1[$]}",-0.66762501,-1.949673295,-0.838875651,,
146252-77-9,CCCC1=CC(=S)SS1,"{[#SC2][#SC6A][#SC6B]}.{#SC2=CCC[$],#SC6A=S(S[$])C[$][$],#SC6B=S=C(C[$])[$]}",1.225564241,1.446355224,1.347559929,,
1468-83-3,C1=CSC=C1C(=O)C,"{[#TC5A]1[#TC6][#TC5B]1[#SN4a]}.{#SN4a=CC(=O)[$],#TC5A=C(=C[$])[$],#TC5B=C(=C[$][$])[$],#TC6=S[$][$]}",0.804202199,0.719003141,0.897313714,,
147-81-9,C1C(O)C(O)C(O)C(O)O1,"{[#TN4a]1[#SP4][#SP4]1}.{#SP4=OC(C(O)[$])[$],#TN4a=C(O[$])[$]}",-0.716973066,-1.952799201,-0.786825359,,
14884-03-8,N1N=CC(OC(C)C)=C1,"{[#TN6d]1[#TN6a][#TC5]1[#N3r]}.{#N3r=CC(C)O[$],#TC5=C(=C[$][$])[$],#TN6a=C(=N[$])[$],#TN6d=N[$][$]}",0.170431957,-0.523755133,0.030160056,,
14946-02-2,ClC(Cl)(Cl)c1nc(N)nc(SC)n1,"{[#X2][#TN6a]1[#TN6a][#TN6d]([#TN6a]1[#TC6])}.{#TC6=CS[$],#TN6a=N(=C[$][$])[$],#TN6d=N[$],#X2=ClC(Cl)(Cl)[$]}",0.115609124,-0.5960657,8.52E-05,,
151-67-7,FC(F)(F)C(Cl)Br,"{[#SX4e][#SX2]}.{#SX2=ClC(Br)[$],#SX4e=FC(F)(F)[$]}",1.208221912,1.446215987,1.367077231,,
1513-65-1,n1c(F)cccc1F,"{[#TN6a]1[#SX4e]([#TC5A][#TC5B]1[#SX4e])}.{#SX4e=F[$],#TC5A=C(=C[$])[$],#TC5B=C(=C[$][$])[$],#TN6a=N(=C[$][$])[$]}",0.871746182,0.925305247,1.084036946,,
15231-48-8,O=C1NC(C)=CC=N1,"{[#TN6aB]1[#TN6d][#SC4][#TN6aA]1}.{#SC4=CC(=C[$])[$],#TN6aA=C(=N[$])[$],#TN6aB=O=C[$][$],#TN6d=N[$][$]}",-0.1119904,-0.982488036,-0.234869599,,
1529-68-6,BrCC(Br)C(Br)CBr,"{[#SX2A][#SX2B][#SX2B][#SX2A]}.{#SX2A=BrC[$],#SX2B=BrC[$][$]}",1.218802333,1.446393847,1.355288506,,
1551-06-0,CCC1=CC=CN1,"{[#TC3][#TC5B]1[#TC5A][#TN6d]1}.{#TC3=CC[$],#TC5A=C(=C[$])[$],#TC5B=C(=C[$][$])[$],#TN6d=N[$][$]}",0.884196281,0.808984339,0.921367228,,
156-59-2,ClC=CCl,{[#TX3]=[#TX3]}.{#TX3=ClC[$]},1.188158989,1.445740938,1.389254689,,
156-60-5,ClC=CCl,{[#TX3]=[#TX3]}.{#TX3=ClC[$]},1.188158989,1.445740938,1.389254689,,
156-87-6,NCCCO,"{[#SN6d][#TP1]}.{#SN6d=NCC[$],#TP1=OC[$]}",-0.349221021,-1.476070762,-0.595721304,,
1574-41-0,CC=CC=C,"{[#SC4][#TC5]}.{#SC4=CC=C[$],#TC5=C=C[$]}",1.229460716,1.44649446,1.343313098,,
15950-66-0,c1c(O)c(Cl)c(Cl)c(Cl)c1,"{[#SN6]1[#TX3][#TX3][#SX3]1}.{#SN6=OC(=C[$])[$],#SX3=ClC(=C[$])[$],#TX3=ClC[$][$]}",0.684008181,0.540381014,0.805727005,,
15962-47-7,NC(=O)C(C)NC(=O)C,"{[#SP5][#SN5][#SN4a]}.{#SN4a=CC(=O)[$],#SN5=CC(N[$])[$],#SP5=NC(=O)[$]}",0.054053038,-0.616763353,0.043562274,,
1603-41-4,c1c(N)ncc(C)c1,"{[#TC5]1[#TN6d][#TN6a][#TC4]1}.{#TC4=CC[$][$],#TC5=C(C[$])[$],#TN6a=C(=N[$])[$],#TN6d=NC[$][$]}",0.552807033,0.067763329,0.351234496,,
16063-69-7,c1(Cl)cc(Cl)cc(Cl)n1,"{[#TC5]1[#SX3]([#TC5][#SX3]([#TN6a]1[#TX3]))}.{#SX3=Cl[$],#TC5=C(=C[$][$])[$],#TN6a=N(=C[$][$])[$],#TX3=Cl[$]}",0.898565948,1.000665188,1.149807453,,
16063-70-0,c1c(Cl)cc(Cl)c(Cl)n1,"{[#TC5]1[#SX3]([#TC5][#SX3]([#TN6a]1[#TX3]))}.{#SX3=Cl[$],#TC5=C(=C[$][$])[$],#TN6a=N(=C[$][$])[$],#TX3=Cl[$]}",0.898565948,1.000665188,1.149807453,,
16088-73-6,ClC(Cl)(Cl)c1nc(N)nc(N)n1,"{[#X2][#TN6a]1[#TN6d][#TN1a]1[#TN6d]}.{#TN1a=N[$][$].N[$][$],#TN6a=N(=C[$][$])[$],#TN6d=NC[$][$],#X2=ClC(Cl)(Cl)[$]}",0.03791536,-0.928017974,-0.335555643,,
16110-09-1,c1c(Cl)ccc(Cl)n1,"{[#TN6a]1[#TX3][#TC5][#TX3]1}.{#TC5=C(=C[$])[$],#TN6a=C(N[$])[$],#TX3=ClC[$][$]}",0.866308153,0.762261152,0.882019937,,
16269-66-2,C1=Cc2ncnc(Cl)c2S1,"{[#TC5A]2[#TN6aB]1[#TN6aA][#TC5B]1[#TX3]([#TC6]2)}.{#TC5A=C(=C[$])[$],#TC5B=C(=C[$][$])[$][$],#TC6=S[$][$],#TN6aA=C(=N[$])[$],#TN6aB=N(=C[$][$])[$],#TX3=Cl[$]}",0.315929562,-0.141771883,0.352684975,,
1628-89-3,c1c(OC)nccc1,"{[#TC5B]1[#TN2a]([#TN6a][#TC5A]1)}.{#TC5A=C(=C[$])[$],#TC5B=C(=C[$][$])[$],#TN2a=CO[$],#TN6a=C(=N[$])[$]}",0.720548868,0.445245177,0.642749906,,
164584-60-5,CCCC1=CSSC1=O,"{[#SC2][#TC5]1[#TC6][#TN6a]1}.{#SC2=CCC[$],#TC5=C(=C[$][$])[$],#TC6=S(S[$])[$],#TN6a=O=C[$][$]}",0.873034418,0.85042417,0.986957788,,
164584-61-6,CCC1=CC(=O)SS1,"{[#TC3][#SC6][#SN6a]}.{#SC6=S(S[$])C[$][$],#SN6a=O=C(C[$])[$],#TC3=CC[$]}",0.472226948,0.125074148,0.515925109,,
164584-62-7,CCCC1=CC(=O)SS1,"{[#SC2][#SC6][#SN6a]}.{#SC2=CCC[$],#SC6=S(S[$])C[$][$],#SN6a=O=C(C[$])[$]}",0.677817702,0.475727797,0.730200827,,
16839-97-7,COC1=CC=CS1,"{[#TN2a][#TC5B]1[#TC5A][#TC6]1}.{#TC5A=C(=C[$])[$],#TC5B=C(=C[$][$])[$],#TC6=S[$][$],#TN2a=CO[$]}",1.074123263,1.184250593,1.184859157,,
1717-00-6,CC(F)(Cl)Cl,{[#X1]}.{#X1=CC(F)(Cl)Cl},1.225816488,1.446217537,1.347097754,,
17249-80-8,ClC1=CSC=C1,"{[#SX3]1[#TC6][#TC5]1}.{#SX3=ClC(=C[$])[$],#TC5=C(=C[$])[$],#TC6=S[$][$]}",1.188305974,1.445628285,1.388943672,,
1746-25-4,N1CC(I)=NC(I)=C1I,"{[#TN6aA]1[#TN6aB][#X1]([#TC5]1[#TX1]([#TX1]))}.{#TC5=C(=C[$][$])[$][$],#TN6aA=C(N[$])[$],#TN6aB=N(=C[$][$])[$],#TX1=I[$],#X1=I[$]}",0.749837399,0.278470874,0.396532655,,
174913-20-3,Clc1cc(OC)cc(Cl)c1Br,"{[#SX3A]1[#SN2a][#SX3B][#TX2]1}.{#SN2a=COC[$][$],#SX3A=ClC(=C[$])[$],#SX3B=ClC(C[$])[$],#TX2=BrC[$][$]}",1.112139702,1.276791334,1.259852052,,
174913-24-7,Brc1c(Cl)c(Cl)c(Cl)cc1OC,"{[#TX2]1[#TX3][#TX3][#SX3][#SN2a]1}.{#SN2a=COC[$][$],#SX3=ClC(C[$])[$],#TX2=BrC[$][$],#TX3=ClC[$][$]}",1.116005778,1.292509913,1.275532603,,
174913-31-6,Brc1cc(Cl)c(Cl)c(Cl)c1OC,"{[#SX2]1[#TX3][#TX3][#TX3][#SN2a]1}.{#SN2a=COC[$][$],#SX2=BrC(=C[$])[$],#TX3=ClC[$][$]}",1.110173464,1.276295543,1.261452079,,
174913-44-1,Brc1cc(Cl)cc(Br)c1OC,"{[#SX2]1[#SX3][#TX2][#SN2a]1}.{#SN2a=COC[$][$],#SX2=BrC(=C[$])[$],#SX3=ClC(=C[$])[$],#TX2=BrC[$][$]}",1.217410922,1.446208835,1.356632471,,
174913-68-9,Brc1c(Cl)c(Cl)c(Cl)c(Br)c1OC,"{[#TX2]1[#TX3][#TX3][#TX3][#TX2][#SN2a]1}.{#SN2a=COC[$][$],#TX2=BrC[$][$],#TX3=ClC[$][$]}",1.081214786,1.336600661,1.371343136,,
174913-78-1,Brc1cc(Br)c(Cl)c(Br)c1OC,"{[#SX2]1[#TX2][#TX3][#TX2][#SN2a]1}.{#SN2a=COC[$][$],#SX2=BrC(=C[$])[$],#TX2=BrC[$][$],#TX3=ClC[$][$]}",1.21579814,1.446194053,1.358445168,,
17647-69-7,CC1=NON=C1CC,"{[#SN6a]1[#TN2a][#TN6a]1[#TC3]}.{#SN6a=CC(=N[$])[$],#TC3=CC[$],#TN2a=O[$][$],#TN6a=N(=C[$][$])[$]}",0.484887004,-0.046279624,0.282744646,,
1782-00-9,C1(Cl)C(Cl)C(Cl)C(Cl)C=C1,"{[#TX3]1[#TX3][#TX3][#TX3][#TC5]1}.{#TC5=C(=C[$])[$],#TX3=ClC[$][$]}",1.188604474,1.445720196,1.388722658,,
1795-01-3,C1=CSC=C1CC,"{[#TC5A]1[#TC6][#TC5B]1[#TC3]}.{#TC3=CC[$],#TC5A=C(=C[$])[$],#TC5B=C(=C[$][$])[$],#TC6=S[$][$]}",1.215089202,1.446099639,1.359129786,,
1825-21-4,COc1c(Cl)c(Cl)c(Cl)c(Cl)c1Cl,"{[#SN2a]1[#TX3][#TX3][#TX3][#TX3][#TX3]1}.{#SN2a=COC[$][$],#TX3=ClC[$][$]}",1.002153516,1.212845564,1.303104162,,
1825-26-9,Brc1c(Br)c(Br)c(Br)c(Br)c1OC,"{[#TX2]1[#TX2][#TX2][#TX2][#TX2][#SN2a]1}.{#SN2a=COC[$][$],#TX2=BrC[$][$]}",1.088773012,1.336770773,1.362976789,,
18438-38-5,c1nc(SC)ccc1,"{[#TN6a]1[#TC5B][#TC6]([#TC5A]1)}.{#TC5A=C(=C[$])[$],#TC5B=C(=C[$][$])[$],#TC6=CS[$],#TN6a=C(=N[$])[$]}",0.558635533,0.24611184,0.572350323,,
19393-92-1,Clc1cccc(Cl)c1Br,"{[#TX3]1[#TC5][#SX3][#TX2]1}.{#SX3=ClC(C[$])[$],#TC5=C(C[$])[$],#TX2=BrC[$][$],#TX3=ClC[$][$]}",1.210333943,1.44623518,1.364703298,,
199177-26-9,O=Cc1cc(Br)cc(O)c1,"{[#TN4a][#TC5]1[#SX2][#SN6]1}.{#SN6=OC(C[$])[$],#SX2=BrC(C[$])[$],#TC5=C(C[$][$])[$],#TN4a=O=C[$]}",0.630649865,0.314981282,0.57850796,,
2004-70-8,CC=CC=C,"{[#SC4][#TC5]}.{#SC4=CC=C[$],#TC5=C=C[$]}",1.229460716,1.44649446,1.343313098,,
2/7/2106,Nc1ccc(F)cc1Cl,"{[#SN6d]1[#SX4e][#SX3]1}.{#SN6d=NC(=C[$])[$],#SX3=ClC(=C[$])[$],#SX4e=FC(=C[$])[$]}",0.745561123,0.723221421,0.969295502,,
21124-40-3,S1C=CC=C1C(N)C(=O)O,"{[#TC6]1[#TC5A][#TC5B]1[#P6]}.{#P6=NC(C(=O)O)[$],#TC5A=C(=C[$])[$],#TC5B=C(=C[$][$])[$],#TC6=S[$][$]}",-0.066457935,-0.620693922,0.175400123,,
21227-47-4,ClC(Cl)(Cl)c1nc(C)nc(N)n1,"{[#X2][#TN6a]1[#TC4][#TN1a]1[#TN6d]}.{#TC4=CC[$][$],#TN1a=N[$][$].N[$][$],#TN6a=N(=C[$][$])[$],#TN6d=NC[$][$],#X2=ClC(Cl)(Cl)[$]}",0.32029596,-0.374229103,0.050899271,,
2144-41-4,C1C(C)OC(C)C1,"{[#SC3][#SN4a]}.{#SC3=CC(CC[$])[$],#SN4a=CC(O[$])[$]}",0.859793603,0.508811772,0.565786481,,
2176-62-7,n1c(Cl)c(Cl)c(Cl)c(Cl)c1Cl,"{[#TN6a]1[#TX3]([#TC5][#TX3]([#TX3])([#TC5]1[#TX3]([#TX3])))}.{#TC5=C(=C[$][$])[$][$],#TN6a=N(=C[$][$])[$],#TX3=Cl[$]}",0.88093847,0.906954288,1.050165653,,
21948-70-9,n1cc(SC)ncc1,"{[#TN6aA]1[#TN6aB][#TC6]([#TC5]1)}.{#TC5=C(=C[$])[$],#TC6=CS[$],#TN6aA=C(=N[$])[$],#TN6aB=N(=C[$][$])[$]}",0.156881034,-0.466059297,0.119221434,,
22037-28-1,C1=CC(Br)=CO1,"{[#TC5]1[#SX2][#TN2a]1}.{#SX2=BrC(=C[$])[$],#TC5=C(=C[$])[$],#TN2a=O[$][$]}",1.209870696,1.446135759,1.365102291,,
5/5/2268,Clc1cccc(Cl)c1F,"{[#TX3]1[#TC5][#SX3][#TX4e]1}.{#SX3=ClC(C[$])[$],#TC5=C(C[$])[$],#TX3=ClC[$][$],#TX4e=FC[$][$]}",1.200145006,1.445958257,1.375920534,,
22715-68-0,CC(=O)NC(C)C(=O)NC,"{[#SN4a][#SN5][#P3]}.{#P3=CNC(=O)[$],#SN4a=CC(=O)[$],#SN5=CC(N[$])[$]}",0.265866071,-0.348954886,0.14498511,,
22913-26-4,C1=CSC=C1C(=O)OC,"{[#TC5A]1[#TC6][#TC5B]1[#N4a]}.{#N4a=COC(=O)[$],#TC5A=C(=C[$])[$],#TC5B=C(=C[$][$])[$],#TC6=S[$][$]}",0.693942785,0.542324483,0.796926498,,
23261-20-3,C1OC1C(O)C(O)C2OC2,"{[#P4A][#P4B][#P4A]}.{#P4A=C1OC1[$],#P4B=OC(C(O)[$])[$]}",-0.696349025,-1.953561544,-0.811220765,,
23361-38-8,OCC(C(=O)N)NC(=O)C,"{[#TP1d][#TN6d][#SP5]([#SN4a])}.{#SN4a=CC(=O)[$],#SP5=NC(=O)[$],#TN6d=N(C[$][$])[$],#TP1d=OC[$]}",-0.36235401,-1.334456325,-0.399977416,,
2366-52-1,CCCCF,"{[#SC2][#TX4e]}.{#SC2=CCC[$],#TX4e=FC[$]}",1.222026944,1.446346879,1.351566434,,
2390-94-5,C1C(C)OC(C)C1,"{[#SC3][#SN4a]}.{#SC3=CC(CC[$])[$],#SN4a=CC(O[$])[$]}",0.859793603,0.508811772,0.565786481,,
2402-78-0,c1cc(Cl)nc(Cl)c1,"{[#TC5A]1[#TN6a][#SX3]([#TC5B]1[#SX3])}.{#SX3=Cl[$],#TC5A=C(=C[$])[$],#TC5B=C(=C[$][$])[$],#TN6a=N(=C[$][$])[$]}",0.611027539,0.400872052,0.710466623,,
24108-33-6,c1nc(C)nnc1,"{[#TC5]1[#TN6a][#TC4]([#TN1a]1)}.{#TC4=C[$],#TC5=C(C[$])[$],#TN1a=N(N[$])[$],#TN6a=N(C[$][$])[$]}",-0.008909643,-0.762837291,-0.071458504,,
2457-47-8,c1c(Cl)cc(Cl)cn1,"{[#SX3]1[#SX3][#TN6a]1}.{#SX3=ClC(=C[$])[$],#TN6a=C(=N[$])[$]}",0.553218603,0.514109492,0.920710623,,
2527-99-3,COC(=O)C1=CC=C(Br)O1,"{[#N4a][#TC5]1[#SX2][#TN2a]1}.{#N4a=COC(=O)[$],#SX2=BrC(=C[$])[$],#TC5=C(=C[$][$])[$],#TN2a=O[$][$]}",0.700428665,0.54233551,0.789574921,,
2539-17-5,c1(O)c(OC)c(Cl)c(Cl)c(Cl)c1Cl,"{[#TN6]1[#SN2a][#TX3][#TX3][#TX3][#TX3]1}.{#SN2a=COC[$][$],#TN6=OC[$][$],#TX3=ClC[$][$]}",0.674917817,0.409752876,0.649249971,,
25414-22-6,C1=C(OC)OC=C1,"{[#TC5B]1[#TN2aA]([#TN2aB][#TC5A]1)}.{#TC5A=C(=C[$])[$],#TC5B=C(=C[$][$])[$],#TN2aA=CO[$],#TN2aB=O[$][$]}",0.847226322,0.773645699,0.918227315,,
2593-15-9,CCOC1=NC(C(Cl)(Cl)Cl)=NS1,"{[#SN3r][#TN6a]1[#TN6a][#X2]([#TC6]1)}.{#SN3r=CCO[$],#TC6=S[$][$],#TN6a=N(=C[$][$])[$],#X2=ClC(Cl)(Cl)[$]}",0.557160497,0.189808413,0.502130985,,
2683-90-1,O=C1C2=C(N=NN2)N=CN1,"{[#TN6aB]2[#TC5]1[#TN1a][#TN6d]1([#TN6aA][#TN6d]2)}.{#TC5=C(=C[$][$])[$][$],#TN1a=N(=N[$])[$],#TN6aA=C(=N[$])[$],#TN6aB=O=C[$][$],#TN6d=N[$][$]}",-0.389846623,-1.500818372,-0.581185162,,
271-58-9,N1=C2C=CC=CC2=CO1,"{[#TN6a]12[#TC5A][#TC5A][#TC5B]1[#TN2a]2}.{#TC5A=C(=C[$])[$],#TC5B=C(=C[$][$])[$],#TN2a=O[$][$],#TN6a=N(=C[$][$])[$]}",0.422158718,-0.011006458,0.399022311,,
271-95-4,N1=Cc2ccccc2O1,"{[#TN6a]2[#TC5B]1[#TC5A][#TC5A]1([#TN2a]2)}.{#TC5A=C(C[$])[$],#TC5B=C(C[$][$])[$][$],#TN2a=O[$][$],#TN6a=C(=N[$])[$]}",0.808231771,0.673895419,0.835139036,,
273-09-6,C1=CC2=NON=C2C=C1,"{[#TC5]2[#TN6a]1[#TN2a][#TN6a]1[#TC5]2}.{#TC5=C(=C[$])[$],#TN2a=O[$][$],#TN6a=N(=C[$][$])[$]}",0.219755083,-0.384414166,0.152072445,,
273-13-2,N1=C2C=CC=CC2=NS1,"{[#TN6a]12[#TC5][#TC5][#TN6a]1[#TC6]2}.{#TC5=C(=C[$])[$],#TC6=S[$][$],#TN6a=N(=C[$][$])[$]}",0.222000465,-0.38360098,0.150560841,,
273-53-0,C1=Nc2ccccc2O1,"{[#TN6a]2[#TC5B]1[#TC5A][#TC5A]1([#TN2a]2)}.{#TC5A=C(C[$])[$],#TC5B=C(C[$][$])[$][$],#TN2a=O[$][$],#TN6a=C(=N[$])[$]}",0.808231771,0.673895419,0.835139036,,
28177-48-2,Fc1cccc(F)c1O,"{[#TX4e]1[#TC5][#SX4e][#TN6]1}.{#SX4e=FC(C[$])[$],#TC5=C(C[$])[$],#TN6=OC[$][$],#TX4e=FC[$][$]}",1.054103613,1.260045052,1.304377079,,
2837-89-0,FC(F)(F)C(Cl)F,"{[#SX4e][#SX4]}.{#SX4=FC(Cl)[$],#SX4e=FC(F)(F)[$]}",1.205989838,1.446182013,1.369568229,,
28466-26-4,N1C=C(N)C=N1,"{[#TN6d]1[#SN6d][#TN6a]1}.{#SN6d=NC(=C[$])[$],#TN6a=C(=N[$])[$],#TN6d=N[$][$]}",-0.260979146,-1.338591337,-0.520383477,,
2847-30-5,c1nc(C)c(OC)nc1,"{[#TN6a]1[#TC4][#SN2a][#TN6a]1}.{#SN2a=COC[$][$],#TC4=CC[$][$],#TN6a=C(=N[$])[$]}",0.295468956,-0.463462174,-0.034848545,,
287-92-3,C1CCCC1,"{[#TC3][#SC3]}.{#SC3=C(C[$])C[$],#TC3=C(C[$])[$]}",1.267737508,1.44626689,1.29955399,,
28810-38-0,C1(Cl)C(Cl)C(Cl)C(Cl)C=C1,"{[#TX3]1[#TX3][#TX3][#TX3][#TC5]1}.{#TC5=C(=C[$])[$],#TX3=ClC[$][$]}",1.188604474,1.445720196,1.388722658,,
2882-20-4,c1nc(C)c(SC)nc1,"{[#TN6a]1[#SC4][#TC6]([#TN6a]1)}.{#SC4=CC(=C[$][$])[$],#TC6=CS[$],#TN6a=C(=N[$])[$]}",0.538731098,0.193758681,0.528104365,,
2882-21-5,n1cc(C)nc(OC)c1,"{[#TN6aA]1[#SC4][#TN6aB]1[#TN3r]}.{#SC4=CC(C[$])[$],#TN3r=CO[$],#TN6aA=C(N[$])[$],#TN6aB=N(C[$][$])[$]}",0.087558351,-0.620612264,0.000596912,,
30031-63-1,CS(=O)(=O)OCC(O)C1CO1,"{[#P4B][#P4C][#P4A]}.{#P4A=C1OC1[$],#P4B=CS(=O)(=O)[$],#P4C=OC(CO[$])[$]}",-0.691293716,-1.95327127,-0.81659025,,
302-72-7,NC(C)C(=O)O,"{[#SN6d][#SP2]}.{#SN6d=CC(N)[$],#SP2=O=C(O)[$]}",-0.079591736,-0.90638417,-0.174484998,,
3140-93-0,S1C(Br)=C(Br)C=C1,"{[#TC6]1[#TX2][#TX2][#TC5]1}.{#TC5=C(=C[$])[$],#TC6=S[$][$],#TX2=BrC[$][$]}",1.202569246,1.446080208,1.373322964,,
319-81-3,C1(Cl)C(Cl)C(Cl)C(Cl)C=C1,"{[#TX3]1[#TX3][#TX3][#TX3][#TC5]1}.{#TC5=C(=C[$])[$],#TX3=ClC[$][$]}",1.188604474,1.445720196,1.388722658,,
319-94-8,C1(Cl)C(Cl)C(Cl)C(Cl)C(Cl)=C1,"{[#TX3]1[#TX3][#TX3][#TX3][#SX3]1}.{#SX3=ClC(=C[$])[$],#TX3=ClC[$][$]}",1.190345049,1.445798397,1.386845469,,
3208-16-0,C1=COC(CC)=C1,"{[#TC5A]1[#TN2a][#TC5B]1[#TC3]}.{#TC3=CC[$],#TC5A=C(=C[$])[$],#TC5B=C(=C[$][$])[$],#TN2a=O[$][$]}",1.238414049,1.446455002,1.333095312,,
321-14-2,c1c(O)c(C(=O)O)cc(Cl)c1,"{[#TC5B]1[#TN6][#TC5A][#SP2]([#TX3]1)}.{#SP2=O=C(O)[$],#TC5A=C(=C[$][$])[$],#TC5B=C(C[$])[$],#TN6=OC[$][$],#TX3=ClC[$][$]}",0.401195407,-0.103361003,0.304900676,,
327-54-8,Fc1cc(F)c(F)cc1F,"{[#SX4eA]1[#TX4e][#SX4eB][#TX4e]1}.{#SX4eA=FC(=C[$])[$],#SX4eB=FC(C[$])[$],#TX4e=FC[$][$]}",1.195547581,1.445854783,1.381009459,,
327-57-1,CCCCC(N)C(=O)O,"{[#C1][#P6]}.{#C1=CCCC[$],#P6=NC(C(=O)O)[$]}",-0.354378402,-1.893264055,-1.122583389,,
33332-30-8,n1cc(OC)nc(Cl)c1,"{[#TN6aA]1[#TN6aB][#TN3r]([#SX3]1)}.{#SX3=ClC(=C[$])[$],#TN3r=CO[$],#TN6aA=C(=N[$])[$],#TN6aB=N(=C[$][$])[$]}",0.205691546,-0.491430759,0.031393334,,
33332-31-9,n1c(OC)cnc(Cl)c1,"{[#TN6aB]1[#TN3r]([#TN6aA][#SX3]1)}.{#SX3=ClC(=C[$])[$],#TN3r=CO[$],#TN6aA=C(=N[$])[$],#TN6aB=N(=C[$][$])[$]}",-0.046090171,-0.89174664,-0.193840057,,
33489-27-9,C1(I)C(Cl)C(Cl)C(Cl)C(Cl)C1Cl,"{[#TX1]1[#TX3][#TX3][#TX3][#TX3][#TX3]1}.{#TX1=IC[$][$],#TX3=ClC[$][$]}",1.193840623,1.445879817,1.382979512,,
33489-28-0,C1(I)C(Cl)C(Cl)C(Cl)C(Cl)C1Cl,"{[#TX1]1[#TX3][#TX3][#TX3][#TX3][#TX3]1}.{#TX1=IC[$][$],#TX3=ClC[$][$]}",1.193840623,1.445879817,1.382979512,,
3354-39-0,S=C1SSC(C)=C1C,"{[#TC6B]1[#TC6A][#TC4][#TC4]1}.{#TC4=CC[$][$],#TC6A=S(S[$])[$],#TC6B=S=C[$][$]}",1.186939955,1.445450783,1.390268326,,
3354-40-3,S=C1C=C(C)SS1,"{[#SC6]1[#TC4][#TC6]1}.{#SC6=S=C(C[$])[$],#TC4=CC[$][$],#TC6=S(S[$])[$]}",1.185331702,1.445406675,1.392038822,,
3354-42-5,S1Sc2ccccc2C1=S,"{[#TC6A]2[#TC5B]1[#TC5A][#TC5A]1([#TC6B]2)}.{#TC5A=C(C[$])[$],#TC5B=C(C[$][$])[$][$],#TC6A=S(S[$])[$],#TC6B=S=C[$][$]}",1.194685698,1.445840836,1.381970525,,
33873-10-8,n1cc(Cl)nc(F)c1,"{[#TN6aA]1[#TN6aB][#SX3]([#TC5]1[#SX4e])}.{#SX3=Cl[$],#SX4e=F[$],#TC5=C(=C[$][$])[$],#TN6aA=C(=N[$])[$],#TN6aB=N(=C[$][$])[$]}",0.637753546,0.278411031,0.523743689,,
33875-95-5,C1(Cl)C(Cl)C(Cl)C(Cl)C=C1,"{[#TX3]1[#TX3][#TX3][#TX3][#TC5]1}.{#TC5=C(=C[$])[$],#TX3=ClC[$][$]}",1.188604474,1.445720196,1.388722658,,
3400-45-1,OC(=O)C1CCCC1,"{[#SP2][#TC3][#SC3]}.{#SC3=C(C[$])C[$],#SP2=O=C(O)[$],#TC3=C(C[$][$])[$]}",0.804187,0.595043957,0.739046514,,
3469-69-0,N1C=C(I)C=N1,"{[#TN6d]1[#X1][#TN6a]1}.{#TN6a=C(=N[$])[$],#TN6d=N[$][$],#X1=IC(=C[$])[$]}",0.040442482,-0.822362065,-0.2035124,,
348-54-9,c1c(F)c(N)ccc1,"{[#SX4e]1[#SN6d][#TC5]1}.{#SN6d=NC(=C[$])[$],#SX4e=FC(=C[$])[$],#TC5=C(=C[$])[$]}",0.535429299,0.233204111,0.582222342,,
3481-20-7,Nc1c(Cl)c(Cl)cc(Cl)c1Cl,"{[#TN6d]1[#TX3][#SX3][#TX3][#TX3]1}.{#SX3=ClC(=C[$])[$],#TN6d=NC[$][$],#TX3=ClC[$][$]}",0.910757363,0.87340349,0.973460615,,
352-61-4,FC(F)(F)CCCCO,"{[#SX4e][#SC2][#TP1]}.{#SC2=C(C[$])C[$],#SX4e=FC(F)(F)[$],#TP1=OC[$]}",0.685854673,0.501564443,0.754064798,,
352-87-4,C=C(C)C(=O)OCC(F)(F)F,"{[#SC4][#N4a][#SX4e]}.{#N4a=O=C(OC[$])[$],#SC4=C=C(C)[$],#SX4e=FC(F)(F)[$]}",0.934101403,1.065894604,1.192743659,,
352-93-2,CCSCC,"{[#SC6][#TC3]}.{#SC6=CCS[$],#TC3=CC[$]}",1.215746164,1.446287751,1.358623862,,
354-33-6,FC(F)(F)C(F)F,"{[#SX4e][#TX4]}.{#SX4e=FC(F)(F)[$],#TX4=FC(F)[$]}",1.18239665,1.445358276,1.395310044,,
35659-69-9-644,CCC1=CSSC1=O,"{[#TC3][#TC5]1[#TC6][#TN6a]1}.{#TC3=CC[$],#TC5=C(=C[$][$])[$],#TC6=S(S[$])[$],#TN6a=O=C[$][$]}",0.768081486,0.720082223,0.939712226,,
35659-69-9,CC1=C(C)SSC1=O,"{[#TC4]1[#TC4][#TC6][#TN6a]1}.{#TC4=CC[$][$],#TC6=S(S[$])[$],#TN6a=O=C[$][$]}",0.854500353,0.809954882,0.956330121,,
3599-76-6,ClC(Cl)(Cl)c1nc(C(Cl)(Cl)Cl)nc(SC)n1,"{[#X2][#TN6a]1[#TN6a][#X2]([#TN6a]1[#TC6])}.{#TC6=CS[$],#TN6a=N(=C[$][$])[$],#X2=ClC(Cl)(Cl)[$]}",0.359270632,-0.175260678,0.260702759,,
360-97-4,NC(=O)C1=C(N)NC=N1,"{[#SP5][#SN6d]1[#TN6d][#TN6a]1}.{#SN6d=NC(=C[$][$])[$],#SP5=NC(=O)[$],#TN6a=C(=N[$])[$],#TN6d=N[$][$]}",-0.522484541,-1.727898479,-0.720517099,,
8/4/3620,O=C1C=C(C)SS1,"{[#SN6]1[#TC4][#TC6]1}.{#SN6=O=C(C[$])[$],#TC4=CC[$][$],#TC6=S(S[$])[$]}",0.506982565,0.138395742,0.493465871,,
363-81-5,Nc1c(F)cc(F)cc1F,"{[#TN6d]1[#SX4e][#SX4e][#TX4e]1}.{#SX4e=FC(C[$])[$],#TN6d=NC[$][$],#TX4e=FC[$][$]}",0.904466748,0.93744278,1.062377095,,
36355-38-1,O1C(=O)C(=O)C(=O)C1C(O)CO,"{[#TN4a]1[#TN6a][#TN6a][#TN6a]1([#P4])}.{#P4=OCC(O)[$],#TN4a=O(C[$][$])[$],#TN6a=O=C[$][$]}",-0.423435062,-1.605210662,-0.676339924,,
36635-02-6,C1(Br)C(Cl)C(Cl)C(Cl)C(Cl)C1Cl,"{[#TX2]1[#TX3][#TX3][#TX3][#TX3][#TX3]1}.{#TX2=BrC[$][$],#TX3=ClC[$][$]}",1.191178679,1.445806742,1.385909557,,
36635-03-7,C1(Br)C(Cl)C(Cl)C(Cl)C(Cl)C1Cl,"{[#TX2]1[#TX3][#TX3][#TX3][#TX3][#TX3]1}.{#TX2=BrC[$][$],#TX3=ClC[$][$]}",1.191178679,1.445806742,1.385909557,,
367-11-3,Fc1ccccc1F,"{[#SX4e]1[#TC5][#SX4e]1}.{#SX4e=FC(=C[$])[$],#TC5=C(=C[$])[$]}",1.193044305,1.445708871,1.383665681,,
367-12-4,c1cc(F)c(O)cc1,"{[#TC5]1[#SX4e][#SN6]1}.{#SN6=OC(C[$])[$],#SX4e=FC(C[$])[$],#TC5=C(C[$])[$]}",0.812383711,0.730798542,0.903084099,,
367-21-5,c1c(N)cc(Cl)c(F)c1,"{[#SN6d]1[#SX3][#SX4e]1}.{#SN6d=NC(=C[$])[$],#SX3=ClC(=C[$])[$],#SX4e=FC(=C[$])[$]}",0.745312154,0.72321856,0.969574809,,
367-23-7,c1c(F)c(F)cc(F)c1,{[#SX4e]1[#SX4e][#SX4e]1}.{#SX4e=FC(=C[$])[$]},1.204599738,1.446153283,1.371110797,,
367-25-9,c1c(N)c(F)cc(F)c1,"{[#SN6d]1[#SX4e][#SX4e]1}.{#SN6d=NC(=C[$])[$],#SX4e=FC(=C[$])[$]}",1.187573075,1.445193887,1.389221549,,
371-40-4,c1c(F)ccc(N)c1,"{[#TC5B]1[#TX4e][#TC5A][#TN6d]1}.{#TC5A=C(=C[$])[$],#TC5B=C(C[$])[$],#TN6d=NC[$][$],#TX4e=FC[$][$]}",0.690377116,0.501682401,0.749079704,,
371-41-5,c1c(F)ccc(O)c1,"{[#TC5B]1[#TX4e][#TC5A][#TN6]1}.{#TC5A=C(=C[$])[$],#TC5B=C(C[$])[$],#TN6=OC[$][$],#TX4e=FC[$][$]}",0.765641451,0.646038175,0.847935379,,
37174-09-7,CCN(CC)CC(F)(F)F,"{[#N3a][#TC3]([#SX4e])}.{#N3a=CCN(C[$])[$],#SX4e=FC(F)(F)[$],#TC3=CC[$]}",0.989626229,0.869806111,0.879300296,,
372-18-9,Fc1cc(F)ccc1,"{[#SX4e]1[#SX4e][#TC5]1}.{#SX4e=FC(=C[$])[$],#TC5=C(=C[$])[$]}",1.193041563,1.445705771,1.383665085,,
372-19-0,c1c(F)cc(N)cc1,"{[#SX4e]1[#SN6d][#TC5]1}.{#SN6d=NC(=C[$])[$],#SX4e=FC(=C[$])[$],#TC5=C(=C[$])[$]}",0.535429299,0.233204111,0.582222342,,
372-20-3,c1c(F)cc(O)cc1,"{[#SX4e]1[#SN6][#TC5]1}.{#SN6=OC(=C[$])[$],#SX4e=FC(=C[$])[$],#TC5=C(=C[$])[$]}",0.452727258,0.140340313,0.557563543,,
37813-54-0,c1c(SC)nnc(SC)c1,"{[#TC5]1[#TC6]([#TN1a][#TC5]1[#TC6])}.{#TC5=C(=C[$][$])[$],#TC6=CS[$],#TN1a=N(=N[$])[$]}",1.001817584,1.105712056,1.16668582,,
38557-71-0,n1cc(C)nc(Cl)c1,"{[#TN6aA]1[#TN6aB][#SC4]([#TC5]1[#SX3])}.{#SC4=C[$],#SX3=Cl[$],#TC5=C(=C[$][$])[$],#TN6aA=C(=N[$])[$],#TN6aB=N(=C[$][$])[$]}",0.427600235,0.093596347,0.526410937,,
38580-89-1,CN(C)C(=O)OC(C)C,"{[#SN1][#SN4a][#SC2]}.{#SC2=CC(C)[$],#SN1=CN(C)[$],#SN4a=O=C(O[$])[$]}",0.954057693,0.826030374,0.863795459,,
38696-40-1,CCCC1=CSSC1=S,"{[#SC2][#TC5]1[#TC6A][#TC6B]1}.{#SC2=CCC[$],#TC5=C(=C[$][$])[$],#TC6A=S(S[$])[$],#TC6B=S=C[$][$]}",1.220982909,1.446054697,1.352379322,,
3934-20-1,n1c(Cl)ccnc1Cl,"{[#TN6a]1[#SX3]([#TC5][#TN6a]1[#TX3])}.{#SX3=Cl[$],#TC5=C(=C[$])[$],#TN6a=N(=C[$][$])[$],#TX3=Cl[$]}",0.64105922,0.19772999,0.416967154,,
402-45-9,FC(F)(F)c1ccc(O)cc1,"{[#SX4e][#TC5B]1[#SN6][#TC5A]1}.{#SN6=OC(=C[$])[$],#SX4e=FC(F)(F)[$],#TC5A=C(=C[$])[$],#TC5B=C(=C[$][$])[$]}",0.615230083,0.383050919,0.682938099,,
4033-40-3,NC(=O)C(NC(=O)C)CC(=O)O,"{[#SP5][#SN5][#SN4a]([#SP2])}.{#SN4a=CC(=O)[$],#SN5=C(C(N[$])[$])[$],#SP2=O=C(O)[$],#SP5=NC(=O)[$]}",-0.11538583,-0.970554113,-0.215775117,,
406-95-1,CC(=O)OCC(F)(F)F,"{[#N4a][#SX4e]}.{#N4a=CC(=O)OC[$],#SX4e=FC(F)(F)[$]}",1.247490644,1.445657492,1.321768522,,
41992-55-6,C1(Cl)C(Cl)C(Cl)C(Cl)C=C1,"{[#TX3]1[#TX3][#TX3][#TX3][#TC5]1}.{#TC5=C(=C[$])[$],#TX3=ClC[$][$]}",1.188604474,1.445720196,1.388722658,,
426-65-3,FC(F)(F)C(F)(F)C(=O)OCC,"{[#SX4e][#TX4][#SN4a][#TC3]}.{#SN4a=O=C(O[$])[$],#SX4e=FC(F)(F)[$],#TC3=CC[$],#TX4=FC(F)[$][$]}",0.823618174,0.856507719,1.050845385,,
431-89-0,FC(F)(F)C(F)C(F)(F)F,"{[#SX4e][#TX4e][#SX4e]}.{#SX4e=FC(F)(F)[$],#TX4e=FC[$][$]}",1.173109412,1.444999576,1.405399203,,
434-75-3,OC(=O)c1c(Cl)cccc1F,"{[#SP2][#SX3]1[#TC5][#SX4e]1}.{#SP2=O=C(O)[$],#SX3=ClC(=C[$][$])[$],#SX4e=FC(=C[$])[$],#TC5=C(=C[$])[$]}",0.680275083,0.540666044,0.810330451,,
444-30-4,c1c(O)c(C(F)(F)F)ccc1,"{[#SN6]1[#TC5B][#SX4e]([#TC5A]1)}.{#SN6=OC(=C[$])[$],#SX4e=FC(F)(F)[$],#TC5A=C(=C[$])[$],#TC5B=C(=C[$][$])[$]}",0.674180567,0.501204312,0.766862452,,
445-29-4,c1c(F)c(C(=O)O)ccc1,"{[#SX4e]1[#TC5B][#SP2]([#TC5A]1)}.{#SP2=O=C(O)[$],#SX4e=FC(=C[$])[$],#TC5A=C(=C[$])[$],#TC5B=C(=C[$][$])[$]}",0.765531957,0.64607662,0.848109186,,
455-38-9,c1c(F)cc(C(=O)O)cc1,"{[#SX4e]1[#TC5B][#SP2]([#TC5A]1)}.{#SP2=O=C(O)[$],#SX4e=FC(=C[$])[$],#TC5A=C(=C[$])[$],#TC5B=C(=C[$][$])[$]}",0.765531957,0.64607662,0.848109186,,
4597-87-9,c1c(NC)nccc1,"{[#TC5B]1[#TN5]([#TN6a][#TC5A]1)}.{#TC5A=C(=C[$])[$],#TC5B=C(=C[$][$])[$],#TN5=CN[$],#TN6a=C(=N[$])[$]}",0.549386978,0.118226923,0.419555932,,
462-06-6,c1ccccc1F,"{[#SX4e]1[#TC5][#TC5]1}.{#SX4e=FC(C[$])[$],#TC5=C(C[$])[$]}",1.206659555,1.445932627,1.368489623,,
463-49-0,C=C=C,{[#SC5]}.{#SC5=C=C=C},1.224326849,1.446463346,1.34910357,,
463-82-1,CC(C)(C)C,{[#C2]}.{#C2=CC(C)(C)C},1.297846437,1.445421934,1.264281988,,
464-07-3,CC(C)(C)C(C)O,"{[#SC1][#SP1]}.{#SC1=CC(C)(C)[$],#SP1=CC(O)[$]}",0.543198347,0.151525021,0.469102323,,
4684-94-0,c1cc(C(=O)O)nc(Cl)c1,"{[#TC5]1[#TN6a][#SP2]([#SX3]1)}.{#SP2=O=C(O)[$],#SX3=ClC(=C[$])[$],#TC5=C(=C[$])[$],#TN6a=N(=C[$][$])[$]}",0.238466322,-0.252281308,0.29954505,,
4774-14-5,n1cc(Cl)nc(Cl)c1,"{[#TN6aA]1[#TN6aB][#SX3]([#TC5]1[#SX3])}.{#SX3=Cl[$],#TC5=C(=C[$][$])[$],#TN6aA=C(=N[$])[$],#TN6aB=N(=C[$][$])[$]}",0.621453822,0.276735455,0.540114999,,
4774-15-6,n1cc(OC)nc(OC)c1,"{[#TN6aA]1[#TN6aB][#TN3r]([#TC5]1[#TN2a])}.{#TC5=C(=C[$][$])[$],#TN2a=CO[$],#TN3r=CO[$],#TN6aA=C(=N[$])[$],#TN6aB=N(=C[$][$])[$]}",0.067748383,-0.547345936,0.116648555,,
488-93-7,C1(C(=O)O)=COC=C1,"{[#TC5B]1[#SP2]([#TN2a][#TC5A]1)}.{#SP2=O=C(O)[$],#TC5A=C(=C[$])[$],#TC5B=C(=C[$][$])[$],#TN2a=O[$][$]}",0.368335873,0.00338625,0.478524059,,
498-62-4,C1(C=O)=CSC=C1,"{[#TC5B]1[#TN4a]([#TC6][#TC5A]1)}.{#TC5A=C(=C[$])[$],#TC5B=C(=C[$][$])[$],#TC6=S[$][$],#TN4a=O=C[$]}",0.8895365,0.928154528,1.067471862,,
50-69-1,C1(CO)C(O)C(O)C(O)O1,"{[#TN4a]1[#TP1]([#SP4][#TN6]1)}.{#SP4=OC(C(O)[$])[$],#TN4a=O(C[$][$])[$],#TN6=OC[$][$],#TP1=OC[$]}",-0.498316973,-1.648863316,-0.647041738,,
50-81-7,O1C(=O)C(O)=C(O)C1C(O)CO,"{[#TN4a]1[#TN6aA][#TN6aB]=[#TN6aB]1([#P4])}.{#P4=OCC(O)[$],#TN4a=O(C[$][$])[$],#TN6aA=O=C[$][$],#TN6aB=OC[$][$]}",-0.31657353,-1.386027336,-0.517819107,,
50-99-7,C1(O)C(O)C(O)C(O)C(CO)O1,"{[#SP4]1[#SP4][#TN4a]1[#TP1]}.{#SP4=OC(C(O)[$])[$],#TN4a=O(C[$][$])[$],#TP1=OC[$]}",-0.697683871,-1.953342915,-0.809425056,,
503-74-2,OC(=O)CC(C)C,"{[#SP2][#SC1]}.{#SC1=CC(C)C[$],#SP2=O=C(O)[$]}",0.489830732,0.045338195,0.39411813,,
504-63-2,OCCCO,"{[#SP1][#TP1]}.{#SP1=OCC[$],#TP1=OC[$]}",-0.752600908,-1.943369746,-0.734324574,,
507-52-8,FC(F)(F)C(O)(C)C,"{[#SX4e][#P1]}.{#P1=CC(C)(O)[$],#SX4e=FC(F)(F)[$]}",1.260461211,1.444078922,1.305023193,,
50995-95-4,N1C=CN=C1CCC,"{[#TN6d]1[#TC5][#TN6a]1[#SC2]}.{#SC2=CCC[$],#TC5=C(=C[$])[$],#TN6a=N(=C[$][$])[$],#TN6d=N[$][$]}",0.317070156,-0.254531682,0.207405671,,
51-35-4,C1C(O)CC(C(=O)O)N1,"{[#TN6d]1[#TN6][#TC3]1[#SP2]}.{#SP2=O=C(O)[$],#TC3=C(C[$][$])[$],#TN6=OC[$][$],#TN6d=C(N[$])[$]}",-0.322997987,-1.386735439,-0.511427879,,
513-35-9,CC=C(C)C,{[#C4]}.{#C4=CC=C(C)C},1.302375317,1.445243716,1.258910775,,
513-36-0,CC(C)CCl,{[#X3]}.{#X3=CC(C)CCl},1.245931983,1.446487784,1.32459867,,
515-84-4,CCOC(=O)C(Cl)(Cl)Cl,"{[#SN3r][#TN4a][#X2]}.{#SN3r=CCO[$],#TN4a=O=C[$][$],#X2=ClC(Cl)(Cl)[$]}",0.543925405,0.234994695,0.574860156,,
5162-44-7,BrCCC=C,"{[#X2][#TC5]}.{#TC5=C=C[$],#X2=BrCC[$]}",1.220740318,1.4463166,1.352988839,,
51795-30-3,C1(Cl)C(Cl)C(Cl)C(Cl)C(Cl)=C1,"{[#TX3]1[#TX3][#TX3][#TX3][#SX3]1}.{#SX3=ClC(=C[$])[$],#TX3=ClC[$][$]}",1.190345049,1.445798397,1.386845469,,
5194-50-3,CC=CC=CC,{[#SC4][#SC4]}.{#SC4=CC=C[$]},1.243507862,1.446527719,1.327402592,,
5194-51-4,CC=CC=CC,{[#SC4][#SC4]}.{#SC4=CC=C[$]},1.243507862,1.446527719,1.327402592,,
52-52-8,C1CC(N)(C(=O)O)CC1,"{[#SC3][#SN6d][#SP2]}.{#SC3=C(C[$])C[$],#SN6d=NC(C[$])[$][$],#SP2=O=C(O)[$]}",0.484858006,0.054797526,0.411843687,,
52514-89-3,CCC1=CC(=S)SS1,"{[#TC3][#SC6A][#SC6B]}.{#SC6A=S(S[$])C[$][$],#SC6B=S=C(C[$])[$],#TC3=CC[$]}",1.209294796,1.446034551,1.365626693,,
527-72-0,C1=C(C(=O)O)SC=C1,"{[#TC5B]1[#SP2]([#TC6][#TC5A]1)}.{#SP2=O=C(O)[$],#TC5A=C(=C[$])[$],#TC5B=C(=C[$][$])[$],#TC6=S[$][$]}",0.671697199,0.474846214,0.73602587,,
533-45-9,S1C(CCCl)=C(C)N=C1,"{[#TC6]1[#SC4][#SX3]([#TN6a]1)}.{#SC4=CC(=C[$][$])[$],#SX3=ClCC[$],#TC6=S[$][$],#TN6a=C(=N[$])[$]}",0.814485729,0.730707884,0.900581539,,
533-58-4,c1c(I)c(O)ccc1,"{[#X1]1[#SN6][#TC5]1}.{#SN6=OC(=C[$])[$],#TC5=C(=C[$])[$],#X1=IC(=C[$])[$]}",0.700732887,0.41664651,0.6287359,,
534-22-5,C1=C(C)OC=C1,"{[#SC4]1[#TN2a][#TC5]1}.{#SC4=CC(=C[$])[$],#TC5=C(=C[$])[$],#TN2a=O[$][$]}",1.245042324,1.446415067,1.325516582,,
534-25-8,S=C1C=CSS1,"{[#SC6B][#SC6A]}.{#SC6A=C(SS[$])[$],#SC6B=S=C(C[$])[$]}",1.19421494,1.445908427,1.382591605,,
535-80-8,c1c(Cl)cc(C(=O)O)cc1,"{[#SX3]1[#TC5B][#SP2]([#TC5A]1)}.{#SP2=O=C(O)[$],#SX3=ClC(=C[$])[$],#TC5A=C(=C[$])[$],#TC5B=C(=C[$][$])[$]}",0.769272983,0.646200299,0.844018459,,
5380-42-7,COC(=O)C1=CC=CS1,"{[#N4a][#TC5B]1[#TC5A][#TC6]1}.{#N4a=COC(=O)[$],#TC5A=C(=C[$])[$],#TC5B=C(=C[$][$])[$],#TC6=S[$][$]}",0.694676638,0.542323291,0.796091437,,
5398-44-7,OC(=O)c1cc(Cl)nc(Cl)c1,"{[#SP2][#TC5]1[#TN6a][#SX3]([#TC5]1[#SX3])}.{#SP2=O=C(O)[$],#SX3=Cl[$],#TC5=C(=C[$][$])[$],#TN6a=N(=C[$][$])[$]}",0.252139479,-0.25289008,0.283239782,,
540-38-5,c1c(I)ccc(O)c1,"{[#TC5B]1[#TX1][#TC5A][#TN6]1}.{#TC5A=C(=C[$])[$],#TC5B=C(C[$])[$],#TN6=OC[$][$],#TX1=IC[$][$]}",0.779510319,0.646304965,0.832525671,,
540-54-5,CCCCl,{[#X3]}.{#X3=CCCCl},1.241575241,1.446502209,1.329565525,,
540-88-5,CC(=O)OC(C)(C)C,"{[#SN4a][#SC1]}.{#SC1=CC(C)(C)[$],#SN4a=CC(=O)O[$]}",0.967648804,0.938967824,0.992571712,,
54083-24-8,C1(Cl)C(Cl)C(Cl)C(Cl)C(Cl)=C1,"{[#TX3]1[#TX3][#TX3][#TX3][#SX3]1}.{#SX3=ClC(=C[$])[$],#TX3=ClC[$][$]}",1.190345049,1.445798397,1.386845469,,
54083-25-9,C1(Cl)C(Cl)C(Cl)C(Cl)C(Cl)=C1,"{[#TX3]1[#TX3][#TX3][#TX3][#SX3]1}.{#SX3=ClC(=C[$])[$],#TX3=ClC[$][$]}",1.190345049,1.445798397,1.386845469,,
541-73-1,c1c(Cl)cc(Cl)cc1,"{[#SX3]1[#SX3][#TC5]1}.{#SX3=ClC(=C[$])[$],#TC5=C(=C[$])[$]}",1.192175746,1.445796967,1.384764791,,
54135-81-8,c1c(Cl)c(Cl)c(OC)cc1Cl,"{[#SX3]1[#TX3][#SN2a][#SX3]1}.{#SN2a=COC[$][$],#SX3=ClC(=C[$])[$],#TX3=ClC[$][$]}",1.094916582,1.256427407,1.253408551,,
54135-82-9,c1c(Cl)c(Cl)c(Cl)cc1OC,"{[#SX3A]1[#TX3][#SX3B][#SN2a]1}.{#SN2a=COC[$][$],#SX3A=ClC(=C[$])[$],#SX3B=ClC(C[$])[$],#TX3=ClC[$][$]}",1.10956645,1.276744246,1.262714386,,
542-69-8,CCCCI,"{[#SC2][#SX1]}.{#SC2=CCC[$],#SX1=IC[$]}",1.238886476,1.446477532,1.332587123,,
543-59-9,CCCCCCl,"{[#SC2][#SX3]}.{#SC2=CCC[$],#SX3=ClCC[$]}",1.233733416,1.446454048,1.338409185,,
544-10-5,CCCCCCCl,"{[#C1][#SX3]}.{#C1=CCCC[$],#SX3=ClCC[$]}",1.25262773,1.446379423,1.316856623,,
5509-65-9,Nc1c(F)cccc1F,"{[#TN6d]1[#TX4e][#TC5][#SX4e]1}.{#SX4e=FC(=C[$])[$],#TC5=C(=C[$])[$],#TN6d=NC[$][$],#TX4e=FC[$][$]}",0.819503725,0.809892356,0.995993912,,
55265-51-5,BrC1C(F)C(Cl)C(Cl)C(Cl)C1Cl,"{[#TX2]1[#TX4e][#TX3][#TX3][#TX3][#TX3]1}.{#TX2=BrC[$][$],#TX3=ClC[$][$],#TX4e=FC[$][$]}",1.190370083,1.445783257,1.386797786,,
554-00-7,c1c(N)c(Cl)cc(Cl)c1,"{[#SN6d]1[#SX3][#SX3]1}.{#SN6d=NC(=C[$])[$],#SX3=ClC(=C[$])[$]}",0.774599969,0.718012869,0.929666817,,
554-14-3,C1=C(C)SC=C1,"{[#SC4]1[#TC6][#TC5]1}.{#SC4=CC(=C[$])[$],#TC5=C(=C[$])[$],#TC6=S[$][$]}",1.210991859,1.44625628,1.363983035,,
55486-68-5,CCC1=C(C)SSC1=S,"{[#TC3][#SC4]1[#TC6A][#TC6B]1}.{#SC4=CC(=C[$][$])[$],#TC3=CC[$],#TC6A=S(S[$])[$],#TC6B=S=C[$][$]}",1.218778133,1.446066737,1.354898334,,
556-24-1,COC(=O)CC(C)C,"{[#N4a][#SC2]}.{#N4a=COC(=O)C[$],#SC2=CC(C)[$]}",0.763051152,0.600459337,0.792676926,,
556-33-2,NCC(=O)NCC(=O)NCC(=O)O,"{[#TN6dB][#TN4a][#TN6dA][#TN4a][#TN5][#SP2]}.{#SP2=O=C(O)[$],#TN4a=O=C[$][$],#TN5=C(N[$])[$],#TN6dA=C(N[$])[$],#TN6dB=NC[$]}",-0.104620636,-1.120226383,-0.419118494,,
556-50-3,NCC(=O)NCC(=O)O,"{[#TN6d][#TN4a][#TN5][#SP2]}.{#SP2=O=C(O)[$],#TN4a=O=C[$][$],#TN5=C(N[$])[$],#TN6d=NC[$]}",-0.153974205,-1.167741895,-0.423743427,,
557-01-7,C1=CC=NC(=O)N1,"{[#TC5]1[#TN6aA][#TN6aB][#TN6d]1}.{#TC5=C(=C[$])[$],#TN6aA=C(=N[$])[$],#TN6aB=O=C[$][$],#TN6d=N[$][$]}",-0.301671475,-1.336080074,-0.470964879,,
56-12-2,NCCCC(=O)O,"{[#N6d][#SP2]}.{#N6d=NCCC[$],#SP2=O=C(O)[$]}",0.093352802,-0.681095302,-0.083214514,,
56-23-5,ClC(Cl)(Cl)Cl,{[#X1]}.{#X1=ClC(Cl)(Cl)Cl},1.22038579,1.446423531,1.353528261,,
56-41-7,NC(C)C(=O)O,"{[#SN6d][#SP2]}.{#SN6d=CC(N)[$],#SP2=O=C(O)[$]}",-0.079591736,-0.90638417,-0.174484998,,
56-45-1,OCC(N)C(=O)O,"{[#TP1d][#TN6d][#SP2]}.{#SP2=O=C(O)[$],#TN6d=NC[$][$],#TP1d=OC[$]}",-0.545940101,-1.709784746,-0.67075032,,
56-81-5,OCC(O)CO,"{[#P4][#TP1]}.{#P4=OCC(O)[$],#TP1=OC[$]}",-0.687269866,-1.95369637,-0.821703434,,
56-84-8,NC(C(=O)O)CC(=O)O,"{[#SN6d][#SP2]([#SP2])}.{#SN6d=NC(C[$])[$],#SP2=O=C(O)[$]}",-0.310661912,-1.003868461,-0.036550555,,
56-85-9,NC(=O)CCC(N)C(=O)O,"{[#SP5][#N6d][#SP2]}.{#N6d=NC(CC[$])[$],#SP2=O=C(O)[$],#SP5=NC(=O)[$]}",-0.180051535,-1.104467154,-0.313332915,,
56086-55-6,C1(F)C(Cl)C(Cl)C(Cl)C(Cl)C1Cl,"{[#TX4e]1[#TX3][#TX3][#TX3][#TX3][#TX3]1}.{#TX3=ClC[$][$],#TX4e=FC[$][$]}",1.183011532,1.445555806,1.394863844,,
2/3/5621,n1c(N(C)C)nccc1,"{[#TN6aB]1[#SN1]([#TN6aA][#TC5]1)}.{#SN1=CN(C)[$],#TC5=C(=C[$])[$],#TN6aA=C(=N[$])[$],#TN6aB=N(=C[$][$])[$]}",0.168685585,-0.596734941,-0.061045241,,
5666-21-7,C=CCNCCC,"{[#TC5][#TN6d][#SC2]}.{#SC2=CCC[$],#TC5=C=C[$],#TN6d=C(N[$])[$]}",0.527992964,0.086370274,0.403173774,,
56961-77-4,Brc1cccc(Cl)c1Cl,"{[#TX2]1[#TC5][#SX3][#TX3]1}.{#SX3=ClC(C[$])[$],#TC5=C(C[$])[$],#TX2=BrC[$][$],#TX3=ClC[$][$]}",1.205318451,1.446037292,1.370146275,,
56994-25-3,C1C(Cl)C(Cl)C(Cl)C=C1,"{[#SX3]1[#TX3][#TX3][#TC5]1}.{#SX3=ClC(C[$])[$],#TC5=C(=C[$])[$],#TX3=ClC[$][$]}",1.196249604,1.44590807,1.380280256,,
57-15-8,ClC(Cl)(Cl)C(O)(C)C,"{[#X2][#P1]}.{#P1=CC(C)(O)[$],#X2=ClC(Cl)(Cl)[$]}",0.828168571,0.536693573,0.63730365,,
5728-21-2,CC1=NSN=C1C,"{[#SN6a]1[#TC6][#SN6a]1}.{#SN6a=CC(=N[$])[$],#TC6=S[$][$]}",0.384322107,-0.123608984,0.29820779,,
57383-80-9,Brc1c(Br)cccc1O,"{[#TX2]1[#TX2][#TC5][#SN6]1}.{#SN6=OC(=C[$])[$],#TC5=C(=C[$])[$],#TX2=BrC[$][$]}",0.874867141,0.674910426,0.760761201,,
57722-15-3,C1(Cl)C(Cl)C(Cl)C(Cl)C(Cl)=C1Cl,{[#TX3]1[#TX3][#TX3][#TX3][#TX3]=[#TX3]1}.{#TX3=ClC[$][$]},1.183996677,1.445610285,1.393814683,,
57722-16-4,C1(Cl)C(Cl)C(Cl)C(Cl)C(Cl)=C1Cl,{[#TX3]1[#TX3][#TX3][#TX3][#TX3]=[#TX3]1}.{#TX3=ClC[$][$]},1.183996677,1.445610285,1.393814683,,
57722-17-5,C1(Cl)C(Cl)C(Cl)C(Cl)C(Cl)=C1Cl,{[#TX3]1[#TX3][#TX3][#TX3][#TX3]=[#TX3]1}.{#TX3=ClC[$][$]},1.183996677,1.445610285,1.393814683,,
583-78-8,c1c(Cl)cc(O)c(Cl)c1,"{[#SX3]1[#SN6][#SX3]1}.{#SN6=OC(=C[$])[$],#SX3=ClC(=C[$])[$]}",0.547362387,0.396724522,0.777471483,,
584-02-1,CCC(O)CC,"{[#P1][#TC3]}.{#P1=CCC(O)[$],#TC3=CC[$]}",0.082836024,-0.631373167,-0.007780645,,
585-76-2,c1c(Br)cc(C(=O)O)cc1,"{[#SX2]1[#TC5B][#SP2]([#TC5A]1)}.{#SP2=O=C(O)[$],#SX2=BrC(=C[$])[$],#TC5A=C(=C[$])[$],#TC5B=C(=C[$][$])[$]}",0.769850075,0.64623338,0.843405247,,
586-76-5,c1c(Br)ccc(C(=O)O)c1,"{[#SX2]1[#TC5A][#TC5B]1[#SP2]}.{#SP2=O=C(O)[$],#SX2=BrC(=C[$])[$],#TC5A=C(=C[$])[$],#TC5B=C(=C[$][$])[$]}",0.694248796,0.539244711,0.792646229,,
587-04-2,O=Cc1cc(Cl)ccc1,"{[#TN4a][#TC5B]1[#SX3][#TC5A]1}.{#SX3=ClC(C[$])[$],#TC5A=C(C[$])[$],#TC5B=C(C[$][$])[$],#TN4a=O=C[$]}",1.009863138,1.109050512,1.161812186,,
590-18-1,CC=CC,{[#C4]}.{#C4=CC=CC},1.297627687,1.445431709,1.26454258,,
590-36-3,CCCC(C)(O)C,"{[#SC2][#P1]}.{#P1=CC(C)(O)[$],#SC2=CCC[$]}",0.354771554,-0.322229326,0.078146666,,
591-19-5,c1c(Br)cc(N)cc1,"{[#SX2]1[#SN6d][#TC5]1}.{#SN6d=NC(=C[$])[$],#SX2=BrC(=C[$])[$],#TC5=C(=C[$])[$]}",0.561276436,0.235643551,0.55598408,,
591-20-8,c1c(Br)cc(O)cc1,"{[#SX2]1[#SN6][#TC5]1}.{#SN6=OC(=C[$])[$],#SX2=BrC(=C[$])[$],#TC5=C(=C[$])[$]}",0.484200269,0.138836607,0.519901514,,
591-35-5,c1(Cl)cc(O)cc(Cl)c1,"{[#SX3]1[#SN6][#SX3]1}.{#SN6=OC(=C[$])[$],#SX3=ClC(=C[$])[$]}",0.547362387,0.396724522,0.777471483,,
591-50-4,c1ccccc1I,"{[#X1]1[#TC5][#TC5]1}.{#TC5=C(C[$])[$],#X1=IC(C[$])[$]}",1.229824662,1.446462035,1.342857957,,
591-78-6,CC(=O)CCCC,"{[#SN4a][#C1]}.{#C1=CCCC[$],#SN4a=CC(=O)[$]}",1.006972909,0.9077757,0.90808475,,
591-93-5,C=CCC=C,"{[#SC4][#TC5]}.{#SC4=C=CC[$],#TC5=C=C[$]}",1.229535222,1.446495175,1.343229413,,
592-41-6,C=CCCCC,"{[#SC4][#SC2]}.{#SC2=CCC[$],#SC4=C=CC[$]}",1.251839161,1.446473598,1.317872763,,
592-45-0,C=CCC=CC,"{[#SC4A][#SC4B]}.{#SC4A=C=CC[$],#SC4B=CC=C[$]}",1.243565917,1.446527839,1.327336788,,
592-50-7,CCCCCF,"{[#SC2][#SX4e]}.{#SC2=CCC[$],#SX4e=FCC[$]}",1.228801847,1.446313381,1.34382987,,
592-57-4,C1C=CC=CC1,{[#TC5]1=[#TC5]=[#TC5]1}.{#TC5=C(C[$])[$]},1.213025928,1.446326852,1.361762762,,
59229-56-0,C1(Cl)C(Cl)C(Cl)C(Cl)C(Cl)=C1Cl,{[#TX3]1[#TX3][#TX3][#TX3][#TX3]=[#TX3]1}.{#TX3=ClC[$][$]},1.183996677,1.445610285,1.393814683,,
593-60-2,C=CBr,{[#SX1]}.{#SX1=C=CBr},1.204722524,1.446098924,1.370901704,,
59303-10-5,n1c(C)cnc(Cl)c1,"{[#TN6aB]1[#TC4][#TN6aA][#TX3]1}.{#TC4=CC[$][$],#TN6aA=C(=N[$])[$],#TN6aB=C(N[$])[$],#TX3=ClC[$][$]}",0.034105152,-0.754617453,-0.109811753,,
594-60-5,CC(C)C(O)(C)C,"{[#SC2][#P1]}.{#P1=CC(C)(O)[$],#SC2=CC(C)[$]}",0.354806572,-0.322229207,0.078107066,,
598-98-1,COC(=O)C(C)(C)C,"{[#N4a][#SC1]}.{#N4a=COC(=O)[$],#SC1=CC(C)(C)[$]}",0.867252827,0.768824935,0.889329135,,
598-99-2,ClC(Cl)(Cl)C(=O)OC,"{[#X2][#N4a]}.{#N4a=COC(=O)[$],#X2=ClC(Cl)(Cl)[$]}",1.281293988,1.443210721,1.280255795,,
60-32-2,NCCCCCC(=O)O,"{[#N6d][#P2]}.{#N6d=NCCC[$],#P2=O=C(O)CC[$]}",0.277723044,-0.412125975,0.050856043,,
60-34-4,NNC,{[#P5d]}.{#P5d=CNN},-0.662033737,-1.953781962,-0.850471675,,
60-35-5,CC(=O)N,{[#SP5]}.{#SP5=CC(N)=O},-0.670872092,-1.953725219,-0.840362132,,
60067-92-7,C1(Cl)C(Cl)CC(Cl)C(Cl)C1,"{[#TX3]1[#TX3][#SX3][#SX3]1}.{#SX3=ClC(C[$])[$],#TX3=ClC[$][$]}",1.20343864,1.44614172,1.372414708,,
601-84-3,OC(=O)c1c(Br)cccc1Br,"{[#SP2][#SX2B]1[#TC5][#SX2A]1}.{#SP2=O=C(O)[$],#SX2A=BrC(=C[$])[$],#SX2B=BrC(=C[$][$])[$],#TC5=C(=C[$])[$]}",0.958557844,1.185945868,1.31826508,,
60633-26-3,Clc1cc(Cl)cc(Br)c1OC,"{[#SX3]1[#SX3][#TX2][#SN2a]1}.{#SN2a=COC[$][$],#SX3=ClC(=C[$])[$],#TX2=BrC[$][$]}",1.097809315,1.258404851,1.252647996,,
607-99-8,c1(Br)cc(Br)c(OC)c(Br)c1,"{[#TX2]1[#SX2B][#SN2a][#SX2A]1}.{#SN2a=COC[$][$],#SX2A=BrC(=C[$])[$],#SX2B=BrC(C[$])[$],#TX2=BrC[$][$]}",1.224572897,1.446356773,1.348688483,,
608-27-5,c1c(N)c(Cl)c(Cl)cc1,"{[#TC5]1[#TN6d][#TX3][#SX3]1}.{#SX3=ClC(C[$])[$],#TC5=C(C[$])[$],#TN6d=NC[$][$],#TX3=ClC[$][$]}",0.745538592,0.59624207,0.807179928,,
608-31-1,c1c(Cl)c(N)c(Cl)cc1,"{[#TC5]1[#TX3][#TN6d][#SX3]1}.{#SX3=ClC(C[$])[$],#TC5=C(C[$])[$],#TN6d=NC[$][$],#TX3=ClC[$][$]}",0.829496741,0.766873777,0.929714859,,
608-33-3,Brc1cccc(Br)c1O,"{[#TX2]1[#TC5][#SX2][#TN6]1}.{#SX2=BrC(C[$])[$],#TC5=C(C[$])[$],#TN6=OC[$][$],#TX2=BrC[$][$]}",1.087836862,1.264289021,1.271487236,,
608-93-5,c1c(Cl)c(Cl)c(Cl)c(Cl)c1Cl,"{[#SX3]1[#TX3][#TX3][#TX3][#TX3]1}.{#SX3=ClC(=C[$])[$],#TX3=ClC[$][$]}",1.190345168,1.445798516,1.38684535,,
60828-33-3,CC(O)C(C(=O)N)NC(=O)C,"{[#SP1][#P3][#SP5]}.{#P3=CC(=O)NC[$][$],#SP1=CC(O)[$],#SP5=NC(=O)[$]}",-0.793474436,-1.938791394,-0.682060599,,
609-19-8,c1(O)cc(Cl)c(Cl)c(Cl)c1,"{[#TN6]1[#SX3B][#TX3][#SX3A]1}.{#SX3A=ClC(=C[$])[$],#SX3B=ClC(C[$])[$],#TN6=OC[$][$],#TX3=ClC[$][$]}",0.839001417,0.848406136,1.0230304,,
609-23-4,Oc1c(I)cc(I)cc1I,"{[#TN6]1[#X1][#X1][#TX1]1}.{#TN6=OC[$][$],#TX1=IC[$][$],#X1=IC(C[$])[$]}",1.235362291,1.446478248,1.336589932,,
61-90-5,CC(C)CC(N)C(=O)O,"{[#SC2][#SN6d][#SP2]}.{#SC2=CC(C)[$],#SN6d=NC(C[$])[$],#SP2=O=C(O)[$]}",0.481369019,0.054525014,0.415458202,,
6108-61-8,CC=CC=CC,{[#SC4][#SC4]}.{#SC4=CC=C[$]},1.243507862,1.446527719,1.327402592,,
611-13-2,C1=COC(C(=O)OC)=C1,"{[#TC5A]1[#TN2a][#TC5B]1[#N4a]}.{#N4a=COC(=O)[$],#TC5A=C(=C[$])[$],#TC5B=C(=C[$][$])[$],#TN2a=O[$][$]}",0.713644028,0.54247874,0.774749815,,
6125-90-2,CCC1=C(C)C(=S)SS1,"{[#TC3][#SC4]1[#TC6B][#TC6A]1}.{#SC4=CC(=C[$][$])[$],#TC3=CC[$],#TC6A=S(S[$])[$],#TC6B=S=C[$][$]}",1.218778133,1.446066737,1.354898453,,
61345-66-2,NC(=O)NC(=O)C(Cl)C(C)C,"{[#SP5][#SP3][#X3]}.{#SP3=O=C(N[$])[$],#SP5=NC(=O)[$],#X3=CC(C)C(Cl)[$]}",0.081283383,-0.56165725,0.083003692,,
615-36-1,c1c(Br)c(N)ccc1,"{[#SX2]1[#SN6d][#TC5]1}.{#SN6d=NC(=C[$])[$],#SX2=BrC(=C[$])[$],#TC5=C(=C[$])[$]}",0.561276436,0.235643551,0.55598408,,
615-43-0,c1c(I)c(N)ccc1,"{[#X1]1[#SN6d][#TC5]1}.{#SN6d=NC(=C[$])[$],#TC5=C(=C[$])[$],#X1=IC(=C[$])[$]}",0.697419643,0.471311778,0.702301025,,
615-58-7,c1c(O)c(Br)cc(Br)c1,"{[#SN6]1[#SX2][#SX2]1}.{#SN6=OC(=C[$])[$],#SX2=BrC(=C[$])[$]}",0.884641528,0.92484051,1.068799257,,
615-67-8,c1c(O)c(Cl)cc(O)c1,"{[#SN6]1[#SX3][#SN6]1}.{#SN6=OC(=C[$])[$],#SX3=ClC(=C[$])[$]}",-0.258823603,-1.575547814,-0.825403333,,
615-77-0,N1(C)C(=O)NC(=O)C=C1,"{[#SC4]1[#TN6a][#TN6d][#SN6a]1}.{#SC4=CN(C[$])[$],#SN6a=O=C(C[$])[$],#TN6a=O=C[$][$],#TN6d=N[$][$]}",-0.09065336,-0.953379452,-0.221931681,,
616-06-8,CCCCC(N)C(=O)O,"{[#C1][#P6]}.{#C1=CCCC[$],#P6=NC(C(=O)O)[$]}",-0.354378402,-1.893264055,-1.122583389,,
616-44-4,C1(C)=CSC=C1,"{[#SC4]1[#TC6][#TC5]1}.{#SC4=CC(=C[$])[$],#TC5=C(=C[$])[$],#TC6=S[$][$]}",1.210991859,1.44625628,1.363983035,,
61655-72-9,n1cc(Cl)nc(N(C)C)c1,"{[#TN6aA]1[#SX3][#TN6aB]1[#SN1]}.{#SN1=CN(C)[$],#SX3=ClC(C[$])[$],#TN6aA=C(N[$])[$],#TN6aB=N(C[$][$])[$]}",0.456978351,-0.120017029,0.220282957,,
618-51-9,c1c(I)cc(C(=O)O)cc1,"{[#X1]1[#TC5B][#SP2]([#TC5A]1)}.{#SP2=O=C(O)[$],#TC5A=C(=C[$])[$],#TC5B=C(=C[$][$])[$],#X1=IC(=C[$])[$]}",0.775833786,0.646414638,0.836841345,,
618-76-8,OC(=O)c1cc(I)c(O)c(I)c1,"{[#SP2][#TC5]1[#TX1][#TN6][#X1]1}.{#SP2=O=C(O)[$],#TC5=C(=C[$][$])[$],#TN6=OC[$][$],#TX1=IC[$][$],#X1=IC(=C[$])[$]}",0.797837675,0.690912962,0.868673027,,
620-08-6,c1c(OC)ccnc1,"{[#TC5B]1[#TN2a]([#TC5A][#TN6a]1)}.{#TC5A=C(=C[$])[$],#TC5B=C(=C[$][$])[$],#TN2a=CO[$],#TN6a=C(=N[$])[$]}",0.340525746,-0.16019246,0.301230997,,
620957-93-9,O=C1SSC(C(=O)C)=C1,"{[#SN6][#SC6][#SN4a]}.{#SC6=S(S[$])C[$][$],#SN4a=CC(=O)[$],#SN6=O=C(C[$])[$]}",-0.063248575,-0.731822193,0.029855076,,
620957-94-0,O=C1SSC(C(=O)C)=C1C,"{[#TN6]1[#SC6][#SN4a]([#TC4]1)}.{#SC6=S(S[$])C[$][$],#SN4a=CC(=O)[$],#TC4=CC[$][$],#TN6=O=C[$][$]}",0.372016788,-0.081227683,0.366299391,,
62182-10-9,O1C(O)C(F)C(O)C(O)C1CO,"{[#TN4a]1[#TN6][#TX4e][#SP4]1([#TP1])}.{#SP4=OC(C(O)[$])[$],#TN4a=O(C[$][$])[$],#TN6=OC[$][$],#TP1=OC[$],#TX4e=FC[$][$]}",-0.492041886,-1.539111018,-0.514024258,,
623-37-0,CCC(O)CCC,"{[#P1][#SC2]}.{#P1=CCC(O)[$],#SC2=CCC[$]}",0.353604972,-0.322261691,0.079430319,,
623-42-7,CCCC(=O)OC,"{[#SC2][#N4a]}.{#N4a=COC(=O)[$],#SC2=CCC[$]}",0.759154618,0.659239292,0.872158825,,
624-24-8,CCCCC(=O)OC,"{[#C1][#N4a]}.{#C1=CCCC[$],#N4a=COC(=O)[$]}",1.116790175,0.947235405,0.833758175,,
624-64-6,CC=CC,{[#C4]}.{#C4=CC=CC},1.297627687,1.445431709,1.26454258,,
624-73-7,ICCI,{[#SX1][#SX1]}.{#SX1=IC[$]},1.229732156,1.446498752,1.343010068,,
624-89-5,CCSC,"{[#TC3][#TC6]}.{#TC3=CC[$],#TC6=CS[$]}",1.191668153,1.44580555,1.385352135,,
624-92-0,CSSC,{[#TC6][#TC6]}.{#TC6=CS[$]},1.142105818,1.443627119,1.438855529,,
625-80-9,CC(C)SC(C)C,"{[#SC2][#SC6]}.{#SC2=CC(C)[$],#SC6=CC(C)S[$]}",1.243184805,1.44650805,1.327744126,,
625-84-3,CC1=CC=C(C)N1,"{[#SC4]1[#SC4][#TN6d]1}.{#SC4=CC(=C[$])[$],#TN6d=N[$][$]}",0.985851049,1.024799228,1.081499457,,
625-86-5,CC1=CC=C(C)O1,"{[#SC4]1[#SC4][#TN2a]1}.{#SC4=CC(=C[$])[$],#TN2a=O[$][$]}",1.247831464,1.446449161,1.322392821,,
626-01-7,c1c(I)cc(N)cc1,"{[#X1]1[#SN6d][#TC5]1}.{#SN6d=NC(=C[$])[$],#TC5=C(=C[$])[$],#X1=IC(=C[$])[$]}",0.697419643,0.471311778,0.702301025,,
626-02-8,c1c(I)cc(O)cc1,"{[#X1]1[#SN6][#TC5]1}.{#SN6=OC(=C[$])[$],#TC5=C(=C[$])[$],#X1=IC(=C[$])[$]}",0.700732887,0.41664651,0.6287359,,
626-39-1,c1(Br)cc(Br)cc(Br)c1,{[#SX2]1[#SX2][#SX2]1}.{#SX2=BrC(=C[$])[$]},1.209537745,1.446261048,1.365640283,,
626-43-7,c1(Cl)cc(N)cc(Cl)c1,"{[#SX3]1[#SN6d][#SX3]1}.{#SN6d=NC(=C[$])[$],#SX3=ClC(=C[$])[$]}",0.774702966,0.718015552,0.929553509,,
626-55-1,c1cc(Br)cnc1,"{[#TC5]1[#SX2][#TN6a]1}.{#SX2=BrC(C[$])[$],#TC5=C(C[$])[$],#TN6a=C(N[$])[$]}",0.75276202,0.754241645,1.000727773,,
626-60-8,c1cc(Cl)cnc1,"{[#TC5]1[#SX3][#TN6a]1}.{#SX3=ClC(C[$])[$],#TC5=C(C[$])[$],#TN6a=C(N[$])[$]}",0.508867085,0.253053069,0.637732863,,
626-61-9,c1c(Cl)ccnc1,"{[#SX3]1[#TC5][#TN6a]1}.{#SX3=ClC(=C[$])[$],#TC5=C(=C[$])[$],#TN6a=C(=N[$])[$]}",0.338747501,-0.099473782,0.380782962,,
626-67-5,C1CCN(C)CC1,"{[#TC3]1[#SN1][#TC3]1}.{#SN1=CN(C[$])[$],#TC3=C(C[$])[$]}",1.04118669,0.929213881,0.896604359,,
626-93-7,CC(O)CCCC,"{[#SP1][#C1]}.{#C1=CCCC[$],#SP1=CC(O)[$]}",0.580143392,0.152562007,0.428470254,,
627-31-6,ICCCI,"{[#X1][#SX1]}.{#SX1=IC[$],#X1=ICC[$]}",1.236759663,1.446515441,1.335050702,,
628-17-1,CCCCCI,"{[#SC2][#X1]}.{#SC2=CCC[$],#X1=ICC[$]}",1.247501493,1.44648695,1.322815537,,
628-28-4,COCCCC,"{[#SN3r][#SC2]}.{#SC2=CCC[$],#SN3r=COC[$]}",1.00885582,0.876181245,0.865602791,,
628-41-1,C1C=CCC=C1,"{[#TC5B]1=[#TC5B][#TC5A]1}.{#TC5A=C(=C[$])[$],#TC5B=C(C[$])[$]}",1.210664034,1.446289539,1.364397526,,
628-81-9,CCOCCCC,"{[#N3r][#SC2]}.{#N3r=CCOC[$],#SC2=CCC[$]}",0.944035947,0.796270549,0.837176263,,
6293-55-6,O=C1C(Br)=CC(=O)C=C1C,"{[#TN6a]1[#SX2][#SN6a]=[#TC4]1}.{#SN6a=O=C(C[$])[$],#SX2=BrC(=C[$])[$],#TC4=CC[$][$],#TN6a=O=C[$][$]}",0.256556749,-0.35159722,0.15218316,,
630-20-6,ClC(Cl)(Cl)CCl,"{[#X2][#TX3]}.{#TX3=ClC[$],#X2=ClC(Cl)(Cl)[$]}",1.215423465,1.446331382,1.359046102,,
634-91-3,c1(N)cc(Cl)c(Cl)c(Cl)c1,"{[#TN6d]1[#SX3B][#TX3][#SX3A]1}.{#SX3A=ClC(=C[$])[$],#SX3B=ClC(C[$])[$],#TN6d=NC[$][$],#TX3=ClC[$][$]}",0.883041859,0.879774451,1.013070703,,
636-28-2,c1(Br)c(Br)cc(Br)c(Br)c1,"{[#SX2]1[#SX2][#TX2][#TX2]1}.{#SX2=BrC(C[$])[$],#TX2=BrC[$][$]}",1.218555093,1.44638443,1.355557323,,
636-30-6,c1(N)c(Cl)cc(Cl)c(Cl)c1,"{[#SN6d]1[#SX3][#TX3][#TX3]1}.{#SN6d=NC(C[$])[$],#SX3=ClC(C[$])[$],#TX3=ClC[$][$]}",0.75146383,0.595471084,0.79946661,,
637-78-5,CCC(=O)OC(C)C,"{[#N4a][#SC2]}.{#N4a=CCC(=O)O[$],#SC2=CC(C)[$]}",0.873755574,0.768568397,0.881616294,,
637-87-6,Ic1ccc(Cl)cc1,"{[#TX1]1[#TC5B][#TX3][#TC5A]1}.{#TC5A=C(=C[$])[$],#TC5B=C(C[$])[$],#TX1=IC[$][$],#TX3=ClC[$][$]}",1.210179329,1.446138144,1.364754677,,
638-45-9,CCCCCCI,"{[#C1][#X1]}.{#C1=CCCC[$],#X1=ICC[$]}",1.257668614,1.446388006,1.311143279,,
643-15-2,C1(Cl)C(Cl)C(Cl)C(Cl)C(Cl)=C1,"{[#TX3]1[#TX3][#TX3][#TX3][#SX3]1}.{#SX3=ClC(=C[$])[$],#TX3=ClC[$][$]}",1.190345049,1.445798397,1.386845469,,
651-85-4,c1(F)c(F)c(F)c(S(=O)(=O)C)c(F)c1F,"{[#TX4e]1[#TX4e][#SX4e][#P4]([#TX4e][#TX4e]1)}.{#P4=CS(=O)(=O)[$],#SX4e=FC(=C[$][$])[$],#TX4e=FC[$][$]}",0.400767475,0.472787231,1.041076064,,
6515-38-4,c1(Cl)c(Cl)cc(Cl)c(O)n1,"{[#TC5B]1[#TX3]([#SX3])([#TC5A][#TX3]([#TN6a]1[#TN6]))}.{#SX3=Cl[$],#TC5A=C(=C[$][$])[$],#TC5B=C(=C[$][$])[$][$],#TN6=O[$],#TN6a=N(=C[$][$])[$],#TX3=Cl[$]}",0.686351597,0.501829147,0.75383848,,
12/3/6556,C1(C(=O)O)C(O)C(O)C(O)C(O)O1,"{[#TN4a]1[#SP2]([#SP4][#SP4]1)}.{#SP2=O=C(O)[$],#SP4=OC(C(O)[$])[$],#TN4a=O(C[$][$])[$]}",-0.58098048,-1.680488467,-0.593548417,,
65611-47-4,FC(F)(F)CCCCCO,"{[#SX4e][#SC2][#SP1]}.{#SC2=C(C[$])C[$],#SP1=OCC[$],#SX4e=FC(F)(F)[$]}",0.505857944,0.150887132,0.51069361,,
66-22-8,N1C(=O)NC(=O)C=C1,"{[#TN6d][#TC5B]1=[#TN6a]([#TN6d][#TC5A]1=[#SN6a])}.{#SN6a=O[$],#TC5A=C(C[$][$])[$],#TC5B=C[$][$][$].C[$][$],#TN6a=O[$],#TN6d=N[$][$]}",0.062243223,-0.718694508,-0.095896102,,
66-25-1,CCCCCC=O,"{[#C1][#SN4a]}.{#C1=CCCC[$],#SN4a=O=CC[$]}",1.00051105,0.907244444,0.914744556,,
660-88-8,NCCCCC(=O)O,"{[#N6d][#SP2]}.{#N6d=NCCC[$],#SP2=O=C(O)C[$]}",0.225447208,-0.73301816,-0.299527466,,
6600-40-4,CCCC(N)C(=O)O,"{[#SC2][#TN6d][#SP2]}.{#SC2=CCC[$],#SP2=O=C(O)[$],#TN6d=NC[$][$]}",0.474034965,0.012468702,0.370085001,,
67-51-6,CC1=NNC(C)=C1,"{[#SN6a]1[#TN6d][#SC4]1}.{#SC4=CC(=C[$])[$],#SN6a=CC(=N[$])[$],#TN6d=N[$][$]}",-0.131259456,-1.046505094,-0.294731051,,
67-52-7,C1(=O)NC(=O)NC(=O)C1,"{[#SC3B]=[#TN6a](=[#TN6a])([#SC3A]=[#SN6a])}.{#SC3A=C(C(N[$])[$])[$],#SC3B=N(C[$][$])C[$][$],#SN6a=O[$],#TN6a=O[$]}",0.052288156,-0.731018543,-0.100327626,,
67-66-3,ClC(Cl)Cl,{[#X2]}.{#X2=ClC(Cl)Cl},1.220844626,1.446411133,1.3529917,,
67-68-5,CS(=O)C,{[#P4]}.{#P4=CS(C)=O},-0.684791207,-1.953574777,-0.824362397,,
67-72-1,ClC(Cl)(Cl)C(Cl)(Cl)Cl,{[#X2][#X2]}.{#X2=ClC(Cl)(Cl)[$]},1.229456902,1.446499109,1.343323469,,
68-12-2,O=CN(C)C,{[#P3a]}.{#P3a=CN(C)C=O},-0.70432955,-1.952994704,-0.801433384,,
68-94-0,C12=C(NC=N1)C(=O)NC=N2,"{[#TC5]12[#TN6d][#TN6aA]1([#TN6aB][#TN6d][#TN6aA]2)}.{#TC5=C(=C[$][$])[$][$],#TN6aA=C(=N[$])[$],#TN6aB=O=C[$][$],#TN6d=N[$][$]}",-0.250526905,-1.325180292,-0.515128851,,
6915-15-7,OC(=O)C(O)CC(=O)O,"{[#SP2][#SP1][#SP2]}.{#SP1=OC(C[$])[$],#SP2=O=C(O)[$]}",-0.347564131,-1.271592975,-0.33650288,,
6936-40-9,c1c(Cl)c(Cl)c(OC)c(Cl)c1Cl,"{[#SX3]1[#TX3][#SN2a][#TX3][#TX3]1}.{#SN2a=COC[$][$],#SX3=ClC(=C[$])[$],#TX3=ClC[$][$]}",0.987490177,1.189667344,1.290159941,,
695-19-2,C1(=O)C=CN(C)C=C1,"{[#TN6a]1[#TC5][#TN1][#TC5]1}.{#TC5=C(=C[$])[$],#TN1=CN[$][$],#TN6a=O=C[$][$]}",0.388952255,-0.139891461,0.272158325,,
70-47-3,NC(=O)CC(N)C(=O)O,"{[#SP5][#SN6d][#SP2]}.{#SN6d=NC(C[$])[$],#SP2=O=C(O)[$],#SP5=NC(=O)[$]}",-0.35674265,-1.352759719,-0.429721951,,
71-00-1,N1=CNC=C1CC(N)C(=O)O,"{[#TN6a]1[#TN6d][#TC5]1[#SN6d][#SP2]}.{#SN6d=NC(C[$])[$],#SP2=O=C(O)[$],#TC5=C(=C[$][$])[$],#TN6a=C(=N[$])[$],#TN6d=N[$][$]}",-0.267039895,-1.273736238,-0.430686772,,
71-33-0,N1C=NC(=O)NC1=O,"{[#TN6d]1[#TN6aA][#TN6aB][#TN6d][#TN6aB]1}.{#TN6aA=C(=N[$])[$],#TN6aB=O=C[$][$],#TN6d=N[$][$]}",-0.467213064,-1.649568081,-0.683264732,,
71-41-0,CCCCCO,"{[#SC2][#SP1]}.{#SC2=CCC[$],#SP1=OCC[$]}",0.406545788,-0.064687818,0.348206401,,
71-43-2,c1ccccc1,{[#TC5]1[#TC5][#TC5]1}.{#TC5=C(=C[$])[$]},1.197737694,1.446013808,1.378725052,,
71-55-6,ClC(Cl)(Cl)C,{[#X1]}.{#X1=CC(Cl)(Cl)Cl},1.235034227,1.446472764,1.336955786,,
7113-30-6,CCC1=CSSC1=S,"{[#TC3][#TC5]1[#TC6A][#TC6B]1}.{#TC3=CC[$],#TC5=C(=C[$][$])[$],#TC6A=S(S[$])[$],#TC6B=S=C[$][$]}",1.206275702,1.445729375,1.368666053,,
72-18-4,CC(C)C(N)C(=O)O,"{[#SC2][#P6]}.{#P6=NC(C(=O)O)[$],#SC2=CC(C)[$]}",-0.715851009,-1.952110052,-0.78722018,,
72-19-5,OC(C)C(N)C(=O)O,"{[#SP1][#P6]}.{#P6=NC(C(=O)O)[$],#SP1=CC(O)[$]}",-0.730792344,-1.950479627,-0.76816988,,
73-32-5,CCC(C)C(N)C(=O)O,"{[#C1][#TN6d][#SP2]}.{#C1=CCC(C)[$],#SP2=O=C(O)[$],#TN6d=NC[$][$]}",0.465367585,-0.219642818,0.083542466,,
7314-32-1,CS(=O)(=O)CCC(N)C(=O)O,"{[#P4][#N6d][#SP2]}.{#N6d=NC(CC[$])[$],#P4=CS(=O)(=O)[$],#SP2=O=C(O)[$]}",-0.228242934,-1.173246026,-0.346428752,,
74-83-9,CBr,{[#SX2]}.{#SX2=CBr},1.199618101,1.445971727,1.376536012,,
74-84-0,CC,{[#TC3]}.{#TC3=CC},1.270849586,1.446211815,1.295949221,,
74-85-1,C=C,{[#TC5]}.{#TC5=C=C},1.227008104,1.446489453,1.346091866,,
74-88-4,CI,{[#SX1]}.{#SX1=CI},1.210502267,1.446265817,1.364550829,,
74-96-4,CCBr,{[#X2]}.{#X2=CCBr},1.233488202,1.446424127,1.338649511,,
74-97-5,BrCCl,{[#SX2]}.{#SX2=ClCBr},1.195023894,1.445867181,1.38161993,,
74-98-6,CCC,{[#SC2]}.{#SC2=CCC},1.259912252,1.446388721,1.308596015,,
7491-74-9,NC(=O)CN1CCCC1=O,"{[#SP5][#TN6d]1[#TC3][#TN6a]1}.{#SP5=NC(=O)C[$],#TC3=C(C[$])[$],#TN6a=O=C[$][$],#TN6d=C(N[$][$])[$]}",0.003239185,-1.034021139,-0.431532532,,
75-00-3,CCCl,{[#SX3]}.{#SX3=CCCl},1.195865631,1.445943832,1.3807621,,
75-01-4,C=CCl,{[#SX3]}.{#SX3=C=CCl},1.19028759,1.44579792,1.386910319,,
75-03-6,CCI,{[#X1]}.{#X1=CCI},1.242946386,1.446491599,1.327994227,,
75-09-2,ClCCl,{[#SX3h]}.{#SX3h=ClCCl},1.203158379,1.446120858,1.372705817,,
75-11-6,ICI,{[#X2]}.{#X2=ICI},1.225453377,1.44644475,1.347800612,,
75-12-7,O=CN,{[#SP5]}.{#SP5=NC=O},-0.671901226,-1.953725815,-0.839194059,,
75-15-0,S=C=S,{[#C6]}.{#C6=S=C=S},1.260105491,1.446378708,1.308363676,,
75-18-3,CSC,{[#SC6]}.{#SC6=CSC},1.219127893,1.446379423,1.354900241,,
75-28-5,CC(C)C,{[#SC1]}.{#SC1=CC(C)C},1.268834949,1.446242213,1.298275352,,
75-34-3,CC(Cl)Cl,{[#SX3h]}.{#SX3h=CC(Cl)Cl},1.209350586,1.446232319,1.365816355,,
75-69-4,FC(Cl)(Cl)Cl,{[#X1]}.{#X1=FC(Cl)(Cl)Cl},1.208819032,1.446130276,1.366289616,,
75-71-8,ClC(Cl)(F)F,{[#X1]}.{#X1=FC(F)(Cl)Cl},1.197183609,1.445833564,1.379124522,,
75-83-2,CCC(C)(C)C,"{[#TC3][#SC1]}.{#SC1=CC(C)(C)[$],#TC3=CC[$]}",1.266729236,1.44628489,1.30072093,,
75-84-3,CC(C)(C)CO,"{[#SC1][#TP1]}.{#SC1=CC(C)(C)[$],#TP1=OC[$]}",-0.645211756,-1.953338146,-0.869009018,,
75-87-6,O=CC(Cl)(Cl)Cl,"{[#TN4a][#X2]}.{#TN4a=O=C[$],#X2=ClC(Cl)(Cl)[$]}",1.216585279,1.446137667,1.357479215,,
75-97-8,CC(=O)C(C)(C)C,"{[#SN4a][#SC1]}.{#SC1=CC(C)(C)[$],#SN4a=CC(=O)[$]}",0.952436328,0.913430274,0.977238595,,
75-98-9,OC(=O)C(C)(C)C,"{[#SP2][#SC1]}.{#SC1=CC(C)(C)[$],#SP2=O=C(O)[$]}",0.489435077,0.045398615,0.394644678,,
75-99-0,CC(Cl)(Cl)C(=O)O,"{[#SX3h][#SP2]}.{#SP2=O=C(O)[$],#SX3h=CC(Cl)(Cl)[$]}",0.449679106,0.447381139,0.953088582,,
7541-59-5,OCC(O)C(O)CO,{[#P4][#P4]}.{#P4=OCC(O)[$]},-0.693238735,-1.95362711,-0.814836144,,
76-01-7,ClC(Cl)(Cl)C(Cl)Cl,"{[#X2][#SX3h]}.{#SX3h=ClC(Cl)[$],#X2=ClC(Cl)(Cl)[$]}",1.226914763,1.446484447,1.346191287,,
76-03-9,OC(=O)C(Cl)(Cl)Cl,"{[#SP2][#X2]}.{#SP2=O=C(O)[$],#X2=ClC(Cl)(Cl)[$]}",1.197323918,1.445811391,1.378936887,,
76-16-4,FC(F)(F)C(F)(F)F,{[#SX4e][#SX4e]}.{#SX4e=FC(F)(F)[$]},1.199926496,1.446073055,1.376315117,,
760-78-1,CCCC(N)C(=O)O,"{[#SC2][#TN6d][#SP2]}.{#SC2=CCC[$],#SP2=O=C(O)[$],#TN6d=NC[$][$]}",0.474034965,0.012468702,0.370085001,,
7606-79-3,CC(=O)NCC(=O)NC,"{[#SN4a][#TN6d][#TN4a][#TN5]}.{#SN4a=CC(=O)[$],#TN4a=O=C[$][$],#TN5=CN[$],#TN6d=C(N[$])[$]}",0.232311904,-0.648785949,-0.199766636,,
77-92-9,OC(=O)CC(O)(C(=O)O)CC(=O)O,"{[#SP2B][#SP1][#SP2B]([#SP2A])}.{#SP1=OC(C[$])[$][$],#SP2A=O=C(O)C[$],#SP2B=O=C(O)[$]}",-0.36465928,-1.073987246,-0.064764239,,
771-61-9,c1(O)c(F)c(F)c(F)c(F)c1F,"{[#TN6]1[#TX4e][#TX4e][#TX4e][#TX4e][#TX4e]1}.{#TN6=OC[$][$],#TX4e=FC[$][$]}",0.789149165,0.928842127,1.182354212,,
77580-78-0,CC1=NON=C1CCC,"{[#SN6a]1[#TN2a][#TN6a]1[#SC2]}.{#SC2=CCC[$],#SN6a=CC(=N[$])[$],#TN2a=O[$][$],#TN6a=N(=C[$][$])[$]}",0.512596726,0.008918806,0.32175979,,
79-01-6,ClC=C(Cl)Cl,{[#X3h]}.{#X3h=ClC=C(Cl)Cl},1.235013008,1.44650805,1.337025166,,
79-16-3,CC(=O)NC,{[#P3]}.{#P3=CNC(C)=O},-0.687702358,-1.953439236,-0.820883691,,
79-29-8,CC(C)C(C)C,{[#SC2][#SC2]}.{#SC2=CC(C)[$]},1.262394667,1.446354866,1.305733562,,
79-34-5,ClC(Cl)C(Cl)Cl,{[#SX3h][#SX3h]}.{#SX3h=ClC(Cl)[$]},1.223190308,1.446452379,1.350380182,,
80-58-0,CCC(Br)C(=O)O,"{[#X2][#SP2]}.{#SP2=O=C(O)[$],#X2=CCC(Br)[$]}",1.093248367,1.203017235,1.187103152,,
80-60-4,CCC(N)C(=O)O,"{[#N6d][#SP2]}.{#N6d=CCC(N)[$],#SP2=O=C(O)[$]}",0.094290294,-0.681087434,-0.084269039,,
819-06-7,FC(F)(F)CN(C)C,"{[#SX4e][#SN3a]}.{#SN3a=CN(C)C[$],#SX4e=FC(F)(F)[$]}",1.238348007,1.445610642,1.332091451,,
822-86-6,C1C(Cl)C(Cl)CCC1,"{[#TC3]1[#TX3][#TX3][#TC3]1}.{#TC3=C(C[$])[$],#TX3=ClC[$][$]}",1.216920614,1.446063995,1.357004404,,
823-09-6,n1c(SC)nccc1,"{[#TN6aB]1[#TC6]([#TN6aA][#TC5]1)}.{#TC5=C(=C[$])[$],#TC6=CS[$],#TN6aA=C(=N[$])[$],#TN6aB=N(=C[$][$])[$]}",-0.036148578,-0.892668128,-0.206306905,,
83293-50-9,CCNC(CO)C(=O)O,"{[#SN5][#SP1][#SP2]}.{#SN5=CCN[$],#SP1=OCC[$][$],#SP2=O=C(O)[$]}",0.107194103,-0.594698906,0.011386824,,
84652-30-2,NC(=O)CC(NC(=O)C)C(=O)N,"{[#SP5][#SN5][#SN4a]([#SP5])}.{#SN4a=CC(=O)[$],#SN5=C(C(N[$])[$])[$],#SP5=NC(=O)[$]}",-0.215540349,-1.126090646,-0.300641358,,
87-40-1,c1c(Cl)c(OC)c(Cl)cc1Cl,"{[#SX3A]1[#SN2a][#SX3B][#TX3]1}.{#SN2a=COC[$][$],#SX3A=ClC(=C[$])[$],#SX3B=ClC(C[$])[$],#TX3=ClC[$][$]}",1.10936451,1.276740313,1.262938738,,
87-61-6,c1c(Cl)c(Cl)c(Cl)cc1,"{[#TC5]1[#TX3][#TX3][#SX3]1}.{#SX3=ClC(C[$])[$],#TC5=C(C[$])[$],#TX3=ClC[$][$]}",1.201001167,1.445984125,1.374981284,,
87-65-0,c1c(Cl)c(O)c(Cl)cc1,"{[#TC5]1[#TX3][#TN6][#SX3]1}.{#SX3=ClC(C[$])[$],#TC5=C(C[$])[$],#TN6=OC[$][$],#TX3=ClC[$][$]}",0.901460528,0.910010576,1.030762672,,
87-68-3,ClC(Cl)=C(Cl)C(Cl)=C(Cl)Cl,"{[#SX3h]=[#X3h]=[#SX3h]}.{#SX3h=ClC(Cl)[$],#X3h=ClC(C(Cl)[$])[$]}",1.233682871,1.446507812,1.338535309,,
87-69-4,OC(=O)C(O)C(O)C(=O)O,"{[#SP2][#P4][#SP2]}.{#P4=OC(C(O)[$])[$],#SP2=O=C(O)[$]}",-0.454128385,-1.528255463,-0.543218911,,
87-82-1,c1(Br)c(Br)c(Br)c(Br)c(Br)c1Br,{[#TX2]1[#TX2][#TX2][#TX2][#TX2][#TX2]1}.{#TX2=BrC[$][$]},1.210943818,1.446281433,1.364069462,,
872-31-1,C1=CC(Br)=CS1,"{[#TC5]1[#SX2][#TC6]1}.{#SX2=BrC(=C[$])[$],#TC5=C(=C[$])[$],#TC6=S[$][$]}",1.198282242,1.445834637,1.377877951,,
872-55-9,C1=CSC(CC)=C1,"{[#TC5A]1[#TC6][#TC5B]1[#TC3]}.{#TC3=CC[$],#TC5A=C(=C[$])[$],#TC5B=C(=C[$][$])[$],#TC6=S[$][$]}",1.215089202,1.446099639,1.359129786,,
88-09-5,CCC(CC)C(=O)O,"{[#SC2][#TC3]([#SP2])}.{#SC2=CCC[$][$],#SP2=O=C(O)[$],#TC3=CC[$]}",0.828109682,0.673431695,0.811972857,,
88-13-1,C1(C(=O)O)=CSC=C1,"{[#TC5B]1[#SP2]([#TC6][#TC5A]1)}.{#SP2=O=C(O)[$],#TC5A=C(=C[$])[$],#TC5B=C(=C[$][$])[$],#TC6=S[$][$]}",0.671697199,0.474846214,0.73602587,,
88-15-3,C1=CSC(C(=O)C)=C1,"{[#TC5A]1[#TC6][#TC5B]1[#SN4a]}.{#SN4a=CC(=O)[$],#TC5A=C(=C[$])[$],#TC5B=C(=C[$][$])[$],#TC6=S[$][$]}",0.804202199,0.719003141,0.897313714,,
88-65-3,c1c(Br)c(C(=O)O)ccc1,"{[#SX2]1[#TC5B][#SP2]([#TC5A]1)}.{#SP2=O=C(O)[$],#SX2=BrC(=C[$])[$],#TC5A=C(=C[$])[$],#TC5B=C(=C[$][$])[$]}",0.769850075,0.64623338,0.843405247,,
88-67-5,c1c(I)c(C(=O)O)ccc1,"{[#X1]1[#TC5B][#SP2]([#TC5A]1)}.{#SP2=O=C(O)[$],#TC5A=C(=C[$])[$],#TC5B=C(=C[$][$])[$],#X1=IC(=C[$])[$]}",0.775833786,0.646414638,0.836841345,,
88095-60-7,N1N=CC(OCCC)=C1,"{[#TN6d]1[#TN6a][#TC5]1[#N3r]}.{#N3r=CCCO[$],#TC5=C(=C[$][$])[$],#TN6a=C(=N[$])[$],#TN6d=N[$][$]}",0.171079248,-0.523779094,0.029394407,,
88511-48-2,n1c(C(=O)N)nccc1,"{[#TN6aB]1[#SP5]([#TN6aA][#TC5]1)}.{#SP5=NC(=O)[$],#TC5=C(=C[$])[$],#TN6aA=C(=N[$])[$],#TN6aB=N(=C[$][$])[$]}",-0.435091048,-1.528929949,-0.565699697,,
89-98-5,c1c(Cl)c(C=O)ccc1,"{[#SX3]1[#TC5B][#TN4a]([#TC5A]1)}.{#SX3=ClC(=C[$])[$],#TC5A=C(=C[$])[$],#TC5B=C(=C[$][$])[$],#TN4a=O=C[$]}",0.944136024,1.028932214,1.134150505,,
89674-85-1,C1(Cl)c(Cl)C(Cl)C=C(Cl)c1,"{[#SX3B]1[#TX3][#TX3][#SX3A]1}.{#SX3A=ClC(=C[$])[$],#SX3B=ClC(C[$])[$],#TX3=ClC[$][$]}",1.201741576,1.446105719,1.374295712,,
89674-87-3,C1(Cl)C(Cl)C(Cl)C=C(Cl)C1,"{[#SX3B]1[#TX3][#TX3][#SX3A]1}.{#SX3A=ClC(=C[$])[$],#SX3B=ClC(C[$])[$],#TX3=ClC[$][$]}",1.201741576,1.446105719,1.374295712,,
89674-88-4,C1(Cl)C(Cl)C(Cl)C=C(Cl)C1,"{[#SX3B]1[#TX3][#TX3][#SX3A]1}.{#SX3A=ClC(=C[$])[$],#SX3B=ClC(C[$])[$],#TX3=ClC[$][$]}",1.201741576,1.446105719,1.374295712,,
921-60-8,OCC(O)C(O)C(O)C(O)C=O,"{[#P4B][#P4A][#TP1d][#TN4a]}.{#P4A=OC(C(O)[$])[$],#P4B=OCC(O)[$],#TN4a=O=C[$],#TP1d=OC[$][$]}",-0.723455131,-1.947487354,-0.772681415,,
927-62-8,CCCCN(C)C,"{[#C1][#SN1]}.{#C1=CCCC[$],#SN1=CN(C)[$]}",1.157521605,1.131254792,1.022477269,,
927-68-4,CC(=O)OCCBr,"{[#SN4a][#TP1d][#SX2]}.{#SN4a=CC(=O)[$],#SX2=BrC[$],#TP1d=C(O[$])[$]}",0.739592731,0.282895625,0.413817495,,
94-97-3,N1c2ccc(Cl)cc2N=N1,"{[#TN6d]2[#TC5B]1[#TC5A][#SX3]1([#TN1a]2)}.{#SX3=ClC(C[$])[$],#TC5A=C(C[$])[$],#TC5B=C(C[$][$])[$][$],#TN1a=N(=N[$])[$],#TN6d=N[$][$]}",0.786634266,0.673819244,0.859569013,,
94-99-5,c1c(Cl)cc(Cl)c(CCl)c1,"{[#SX3]1[#SX3][#TC5]1[#TX3]}.{#SX3=ClC(=C[$])[$],#TC5=C(=C[$][$])[$],#TX3=ClC[$]}",1.187313557,1.445703626,1.390167475,,
95-14-7,N1=Nc2ccccc2N1,"{[#TN1a]2[#TC5B]1[#TC5A][#TC5A]1([#TN6d]2)}.{#TC5A=C(C[$])[$],#TC5B=C(C[$][$])[$][$],#TN1a=N(=N[$])[$],#TN6d=N[$][$]}",0.794339001,0.674295187,0.851426899,,
95-50-1,c1c(Cl)c(Cl)ccc1,"{[#SX3]1[#SX3][#TC5]1}.{#SX3=ClC(=C[$])[$],#TC5=C(=C[$])[$]}",1.192175746,1.445796967,1.384764791,,
95-51-2,c1c(Cl)c(N)ccc1,"{[#SX3]1[#SN6d][#TC5]1}.{#SN6d=NC(=C[$])[$],#SX3=ClC(=C[$])[$],#TC5=C(=C[$])[$]}",0.402574539,-0.010412897,0.422020912,,
95-56-7,c1c(Br)c(O)ccc1,"{[#SX2]1[#SN6][#TC5]1}.{#SN6=OC(=C[$])[$],#SX2=BrC(=C[$])[$],#TC5=C(=C[$])[$]}",0.484200269,0.138836607,0.519901514,,
95-76-1,c1c(N)cc(Cl)c(Cl)c1,"{[#SN6d]1[#SX3][#SX3]1}.{#SN6d=NC(=C[$])[$],#SX3=ClC(=C[$])[$]}",0.774599969,0.718012869,0.929666817,,
95-77-2,c1c(O)cc(Cl)c(Cl)c1,"{[#SN6]1[#SX3][#SX3]1}.{#SN6=OC(=C[$])[$],#SX3=ClC(=C[$])[$]}",0.547225535,0.396719724,0.777620614,,
95-82-9,c1c(Cl)cc(N)c(Cl)c1,"{[#SX3]1[#SN6d][#SX3]1}.{#SN6d=NC(=C[$])[$],#SX3=ClC(=C[$])[$]}",0.774702966,0.718015552,0.929553509,,
95-83-0,Nc1ccc(Cl)cc1N,"{[#SN6d]1[#SX3][#SN6d]1}.{#SN6d=NC(=C[$])[$],#SX3=ClC(=C[$])[$]}",0.158494055,-0.746790826,-0.241079181,,
95-85-2,Oc1ccc(Cl)cc1N,"{[#SN6]1[#SX3][#SN6d]1}.{#SN6=OC(=C[$])[$],#SN6d=NC(=C[$])[$],#SX3=ClC(=C[$])[$]}",-0.195112795,-1.255108714,-0.48858434,,
95-89-6,c1c(C)nc(Cl)c(C)n1,"{[#TC5]1[#SC4]([#TN6a][#TX3]([#TN6a]1[#TC4]))}.{#SC4=C[$],#TC4=C[$],#TC5=C(=C[$][$])[$],#TN6a=N(=C[$][$])[$],#TX3=Cl[$]}",0.306918204,-0.251576245,0.222708374,,
95-94-3,c1(Cl)c(Cl)cc(Cl)c(Cl)c1,"{[#SX3]1[#SX3][#TX3][#TX3]1}.{#SX3=ClC(C[$])[$],#TX3=ClC[$][$]}",1.203408599,1.446141124,1.372447729,,
95853-68-2,FC(F)(F)C(C)CCO,"{[#SX4e][#SC2][#TP1]}.{#SC2=CC(C[$])[$],#SX4e=FC(F)(F)[$],#TP1=OC[$]}",0.685851395,0.501564324,0.754068375,,
96-14-0,CCC(C)CC,"{[#C1][#TC3]}.{#C1=CCC(C)[$],#TC3=CC[$]}",1.291947961,1.445575833,1.271176696,,
96-37-7,C1CC(C)CC1,"{[#SC3A][#SC3B]}.{#SC3A=C(C[$])C[$],#SC3B=CC(C[$])[$]}",1.280298948,1.445984602,1.28492856,,
96-43-5,C1=CC=C(Cl)S1,"{[#TC5]1[#SX3][#TC6]1}.{#SX3=ClC(=C[$])[$],#TC5=C(=C[$])[$],#TC6=S[$][$]}",1.188241243,1.445624113,1.389012456,,
96-47-9,CC1CCCO1,"{[#SN4a][#SC3]}.{#SC3=C(C[$])C[$],#SN4a=CC(O[$])[$]}",0.895022511,0.683484375,0.748820186,,
96-54-8,C1=CN(C)C=C1,"{[#TC5]1[#TN1][#TC5]1}.{#TC5=C(=C[$])[$],#TN1=CN[$][$]}",1.096865296,1.184972167,1.159953833,,
97-61-0,CCCC(C)C(=O)O,"{[#SC2][#TC3][#SP2]}.{#SC2=CCC[$],#SP2=O=C(O)[$],#TC3=CC[$][$]}",0.877397418,0.76624763,0.874517143,,
97-62-1,CC(C)C(=O)OCC,"{[#SC2][#SN4a][#TC3]}.{#SC2=CC(C)[$],#SN4a=O=C(O[$])[$],#TC3=CC[$]}",0.937338173,0.935843468,1.023004413,,
97-63-2,C=C(C)C(=O)OCC,"{[#SC4][#SN4a][#TC3]}.{#SC4=C=C(C)[$],#SN4a=O=C(O[$])[$],#TC3=CC[$]}",0.789192557,0.800317049,1.018190026,,
97-69-8,CC(=O)NC(C)C(=O)O,"{[#SN4a][#SN5][#SP2]}.{#SN4a=CC(=O)[$],#SN5=CC(N[$])[$],#SP2=O=C(O)[$]}",0.098415822,-0.54252702,0.087974846,,
97-95-0,CCC(CC)CO,"{[#SC2][#TC3]([#TP1])}.{#SC2=CCC[$][$],#TC3=CC[$],#TP1=OC[$]}",0.757625222,0.559388459,0.746394455,,
98-03-3,C1=C(C=O)SC=C1,"{[#TC5B]1[#TN4a]([#TC6][#TC5A]1)}.{#TC5A=C(=C[$])[$],#TC5B=C(=C[$][$])[$],#TC6=S[$][$],#TN4a=O=C[$]}",0.8895365,0.928154528,1.067471862,,
"1,1-dichloroethane",CC(Cl)Cl,{[#SX3h]}.{#SX3h=CC(Cl)Cl},1.209350586,1.446232319,1.365816355,,
"1,2,3,4,5,6-hexamethylbenzene",Cc1c(C)c(C)c(C)c(C)c1C,{[#TC4]1[#TC4][#TC4][#TC4][#TC4][#TC4]1}.{#TC4=CC[$][$]},1.213086009,1.446330309,1.361698508,,
"1,2,3,4-tetrahydronaphthalen-2-amine",NC1CCc2ccccc2C1,"{[#SN6d]1[#TC3][#TC5B]12[#TC5A][#TC5A]2}.{#SN6d=NC(C[$])[$],#TC3=C(C[$])[$],#TC5A=C(C[$])[$],#TC5B=C(C[$][$])[$][$]}",0.734766364,0.539652586,0.74715358,,
"1,2,4-Trichlorobenzene",Clc1ccc(Cl)c(Cl)c1,{[#SX3]1[#SX3][#SX3]1}.{#SX3=ClC(=C[$])[$]},1.195951581,1.445970058,1.380697846,,
"1,2-dichloroethane",ClCCCl,{[#X3h]}.{#X3h=ClCCCl},1.247972012,1.446466327,1.322254777,,
"1,2-diethylbenzene",CCc1ccccc1CC,"{[#TC3][#TC5B]1[#TC5A][#TC5B]1[#TC3]}.{#TC3=CC[$],#TC5A=C(=C[$])[$],#TC5B=C(=C[$][$])[$]}",1.227168679,1.446329713,1.345705628,,
"1,3 - butadiene",C=CC=C,{[#SC5]}.{#SC5=C=CC=C},1.229770422,1.446502328,1.342971325,,
"1,3,5-tribromo-2-methoxybenzene",COc1c(Br)cc(Br)cc1Br,"{[#SN2a]1[#SX2][#SX2][#TX2]1}.{#SN2a=COC[$][$],#SX2=BrC(C[$])[$],#TX2=BrC[$][$]}",1.222190738,1.446303725,1.351325512,,
"1,3-Benzendiol",Oc1cc(ccc1)O,"{[#SN6]1[#SN6][#TC5]1}.{#SN6=OC(=C[$])[$],#TC5=C(=C[$])[$]}",-0.406052202,-1.846852541,-1.004635811,,
"1,3-Butanediol",CC(O)CCO,"{[#SP1A][#SP1B]}.{#SP1A=CC(O)[$],#SP1B=OCC[$]}",-0.936231613,-1.908244848,-0.480934262,,
"1,3-Dibromobenzene",Brc1cccc(Br)c1,"{[#SX2]1[#TC5][#SX2]1}.{#SX2=BrC(=C[$])[$],#TC5=C(=C[$])[$]}",1.202602744,1.446034074,1.373226285,,
"1,3-Dichlorobenzene",Clc1cccc(Cl)c1,"{[#SX3]1[#TC5][#SX3]1}.{#SX3=ClC(=C[$])[$],#TC5=C(=C[$])[$]}",1.192180753,1.44579792,1.384760261,,
"1,3-Dioxolane",O1CCOC1,"{[#SN5a][#TC3]}.{#SN5a=C(O[$])O[$],#TC3=C(C[$])[$]}",0.105415791,-0.646224558,-0.052387312,,
"1,4-Dioxane",O1CCOCC1,{[#SN3a][#SN3a]}.{#SN3a=C(OC[$])[$]},0.514857888,0.197653055,0.560188591,,
1-(2-hydroxyphenyl)ethanone,CC(=O)c1ccccc1O,"{[#SN4a][#SN6]1[#TC5][#TC5]1}.{#SN4a=CC(=O)[$],#SN6=OC(C[$][$])[$],#TC5=C(C[$])[$]}",0.52070719,0.20160003,0.558585823,,
1-4-hexadiene,C=CCC=CC,"{[#SC4A][#SC4B]}.{#SC4A=C=CC[$],#SC4B=CC=C[$]}",1.243565917,1.446527839,1.327336788,,
1-chloropropane,CCCCl,{[#X3]}.{#X3=CCCCl},1.241575241,1.446502209,1.329565525,,
1-dodecene,CCCCCCCCCCC=C,"{[#C1B][#C1A][#C4]}.{#C1A=C(CC[$])C[$],#C1B=CCCC[$],#C4=C=CCC[$]}",1.291606903,1.445631623,1.271635532,,
1-hexyne,CCCCC#C,"{[#SC2][#SC6r]}.{#SC2=CCC[$],#SC6r=C#CC[$]}",0.048495091,-0.678656518,-0.029158145,,
1-methoxy-2-propyl acetate,COCC(C)OC(C)=O,"{[#SN3rB][#SN3rA][#SN4a]}.{#SN3rA=CC(O[$])[$],#SN3rB=COC[$],#SN4a=CC(=O)[$]}",0.428715259,0.010082302,0.418504775,,
1-Methylimidazole,C[n]1ccnc1,"{[#TN1]1[#TC5][#TN6a]1}.{#TC5=C(=C[$])[$],#TN1=CN[$][$],#TN6a=C(=N[$])[$]}",0.181429267,-0.540310681,-0.003468851,,
1-methylpyrrole,Cn1cccc1,"{[#TN1]1[#TC5][#TC5]1}.{#TC5=C(=C[$])[$],#TN1=CN[$][$]}",1.096865296,1.184972286,1.159953833,,
1-octyne,CCCCCCC#C,"{[#C1][#C6r]}.{#C1=CCCC[$],#C6r=C#CCC[$]}",0.153189272,-0.562584162,0.000160206,,
1-propanol,CCCO,{[#P1]}.{#P1=CCCO},-0.622539639,-1.952516913,-0.893707693,,
1-propylsulfonylpropane,CCC[S](=O)(=O)CCC,"{[#SC2][#SP5][#SC2]}.{#SC2=CCC[$],#SP5=O=S(=O)[$][$]}",0.658855259,0.412248701,0.670678139,,
12-Butadiene,CCC=C,{[#C4]}.{#C4=C=CCC},1.297448635,1.445439339,1.264755607,,
135-tribromobenzene,Brc1cc(Br)cc(Br)c1,{[#SX2]1[#SX2][#SX2]1}.{#SX2=BrC(=C[$])[$]},1.209537745,1.446261048,1.365640283,,
"2,3-dimethylnaphthalene",Cc1cc2ccccc2cc1C,"{[#SC4]2[#TC5e]1[#TC5][#TC5]1([#SC4]2)}.{#SC4=CC(=C[$])[$],#TC5=C(C[$])[$],#TC5e=C(C[$][$])[$][$]}",1.227511883,1.446432471,1.345446944,,
"2,4,5-trimethylaniline",Cc1cc(C)c(N)cc1C,"{[#SC4]1[#TC4][#SN6d][#TC4]1}.{#SC4=CC(=C[$])[$],#SN6d=NC(C[$])[$],#TC4=CC[$][$]}",0.674242496,0.438992471,0.687353194,,
"2,4-dichlorotoluene",Cc1ccc(Cl)cc1Cl,"{[#SC4]1[#SX3][#SX3]1}.{#SC4=CC(=C[$])[$],#SX3=ClC(=C[$])[$]}",1.20890069,1.446062803,1.366110921,,
"2,4-dimethylaniline",Cc1ccc(N)c(C)c1,"{[#SC4]1[#SN6d][#SC4]1}.{#SC4=CC(=C[$])[$],#SN6d=NC(=C[$])[$]}",0.669623017,0.426436126,0.676566124,,
"2,5-dichloroaniline",Nc1cc(Cl)ccc1Cl,"{[#SN6d]1[#SX3][#SX3]1}.{#SN6d=NC(=C[$])[$],#SX3=ClC(=C[$])[$]}",0.774599969,0.718012869,0.929666817,,
"2,5-dimethyl-1,4-benzoquinone",Cc1cc(=O)c(cc1=O)C,"{[#SC4]1[#TN6a][#SC4][#TN6a]1}.{#SC4=CC(=C[$])[$],#TN6a=O=C[$][$]}",0.269057363,-0.435708255,0.030584924,,
"2,5-dimethylaniline",Cc1ccc(C)c(N)c1,"{[#SC4]1[#SC4][#SN6d]1}.{#SC4=CC(=C[$])[$],#SN6d=NC(=C[$])[$]}",0.669399619,0.426434338,0.676817536,,
"2,5-dimethylphenol",Cc1ccc(C)c(O)c1,"{[#SC4]1[#SC4][#SN6]1}.{#SC4=CC(=C[$])[$],#SN6=OC(=C[$])[$]}",0.741689682,0.5516752,0.754643023,,
"2,5-dimethylpyrazine",Cc1cnc(C)cn1,"{[#TC4]1[#TN6aB][#TC4][#TN6aA]1}.{#TC4=CC[$][$],#TN6aA=C(=N[$])[$],#TN6aB=C(N[$])[$]}",0.134388879,-0.595051289,-0.019946713,,
2-aminobenzenethiol,Nc1ccccc1S,"{[#SN6d]1[#TC5][#SC6]1}.{#SC6=SC(=C[$])[$],#SN6d=NC(=C[$])[$],#TC5=C(=C[$])[$]}",0.471196681,0.08635474,0.467654139,,
2-aminophenol,Nc1ccccc1O,"{[#SN6d]1[#TC5][#SN6]1}.{#SN6=OC(=C[$])[$],#SN6d=NC(=C[$])[$],#TC5=C(=C[$])[$]}",-0.357672274,-1.502711535,-0.620141327,,
2-bromoaniline,Nc1ccccc1Br,"{[#SN6d]1[#TC5][#SX2]1}.{#SN6d=NC(=C[$])[$],#SX2=BrC(=C[$])[$],#TC5=C(=C[$])[$]}",0.555654705,0.235629946,0.562351048,,
2-bromophenol,Oc1ccccc1Br,"{[#SN6]1[#TC5][#SX2]1}.{#SN6=OC(=C[$])[$],#SX2=BrC(=C[$])[$],#TC5=C(=C[$])[$]}",0.485299766,0.138835624,0.518651307,,
2-butoxyethanol,CCCCOCCO,"{[#C1][#P4]}.{#C1=CCCC[$],#P4=OCCO[$]}",-0.624197602,-1.943331599,-0.88009572,,
2-chloro-1-nitrobenzene,[O-][N+](=O)c1ccccc1Cl,"{[#SN3a][#SX3]1[#TC5][#TC5]1}.{#SN3a=O=[N+]([O-])[$],#SX3=ClC(C[$][$])[$],#TC5=C(C[$])[$]}",0.885826468,1.088910103,1.276955247,,
2-chloroaniline,Nc1ccccc1Cl,"{[#SN6d]1[#TC5][#SX3]1}.{#SN6d=NC(=C[$])[$],#SX3=ClC(=C[$])[$],#TC5=C(=C[$])[$]}",0.527334988,0.23142229,0.589139342,,
2-chlorobenzaldehyde,Clc1ccccc1C=O,"{[#SX3]1[#TC5A][#TC5B]1[#TN4a]}.{#SX3=ClC(=C[$])[$],#TC5A=C(=C[$])[$],#TC5B=C(=C[$][$])[$],#TN4a=O=C[$]}",0.905133426,0.964241385,1.095838904,,
2-chlorophenol,Oc1ccccc1Cl,"{[#SN6]1[#TC5][#SX3]1}.{#SN6=OC(=C[$])[$],#SX3=ClC(=C[$])[$],#TC5=C(=C[$])[$]}",0.486697346,0.138579026,0.516736627,,
2-Ethylpyrdine,CCc1ncccc1,"{[#TC3][#TN6a]1[#TC5][#TC5]1}.{#TC3=CC[$],#TC5=C(=C[$])[$],#TN6a=N(=C[$][$])[$]}",0.650899172,0.251384467,0.474304318,,
2-hydroxybenzaldehyde,Oc1ccccc1C=O,"{[#SN6]1[#TC5A][#TC5B]1[#TN4a]}.{#SN6=OC(=C[$])[$],#TC5A=C(=C[$])[$],#TC5B=C(=C[$][$])[$],#TN4a=O=C[$]}",0.108702034,-0.591140568,0.01421818,,
2-Iodophenol,c1ccc(c(c1)O)I,"{[#TC5]1[#X1][#SN6]1}.{#SN6=OC(=C[$])[$],#TC5=C(=C[$])[$],#X1=IC(=C[$])[$]}",0.694226027,0.416609257,0.636077821,,
2-methoxyfuran,COc1occc1,"{[#TN2aA][#TC5B]1[#TN2aB][#TC5A]1}.{#TC5A=C(=C[$])[$],#TC5B=C(=C[$][$])[$],#TN2aA=CO[$],#TN2aB=O[$][$]}",1.103876352,1.184192777,1.150996327,,
2-methyl-propane,CC(C)C,{[#SC1]}.{#SC1=CC(C)C},1.268834949,1.446242213,1.298275352,,
2-Methyl-pyridine,Cc1ccccn1,"{[#SC4]1[#TC5][#TN6a]1}.{#SC4=CC(=C[$])[$],#TC5=C(=C[$])[$],#TN6a=C(=N[$])[$]}",0.565294206,0.232038766,0.546818376,,
2-methylaniline,Cc1ccccc1N,"{[#SC4]1[#TC5][#SN6d]1}.{#SC4=CC(=C[$])[$],#SN6d=NC(=C[$])[$],#TC5=C(=C[$])[$]}",0.568232238,0.246400714,0.561820745,,
2-methylhydroquinone,Cc1cc(O)ccc1O,"{[#SC4]1[#SN6][#SN6]1}.{#SC4=CC(=C[$])[$],#SN6=OC(=C[$])[$]}",-0.166193917,-1.154678106,-0.393185049,,
2-methylpropane,CC(C)C,{[#SC1]}.{#SC1=CC(C)C},1.268834949,1.446242213,1.298275352,,
2-methylpropyl 2-methylprop-2-enoate,CC(C)COC(=O)C(C)=C,"{[#SC2][#N4a][#SC4]}.{#N4a=O=C(OC[$])[$],#SC2=CC(C)[$],#SC4=C=C(C)[$]}",0.872616231,0.90175885,1.052982211,,
2-methylquinoline,Cc1ccc2ccccc2n1,"{[#SC4][#TC5B]1[#TC5B]2[#TC5A][#TC5A][#TN6a]12}.{#SC4=C[$],#TC5A=C(=C[$])[$],#TC5B=C(=C[$][$])[$],#TN6a=N(=C[$][$])[$]}",1.043358088,1.103962302,1.117276192,,
2-Nitro-m-xylene,Cc1c(c(ccc1)C)[N+](=O)[O-],"{[#SC4B]1[#SC4A][#TC5]1([#SN3a])}.{#SC4A=CC(=C[$])[$],#SC4B=CC(=C[$][$])[$],#SN3a=O=[N+]([O-])[$],#TC5=C(=C[$])[$]}",0.906300485,0.983387053,1.118961453,,
2-Nitrotoluene,Cc1ccccc1[N+](=O)[O-],"{[#SC4]1[#TC5A][#TC5B]1[#SN3a]}.{#SC4=CC(=C[$])[$],#SN3a=O=[N+]([O-])[$],#TC5A=C(=C[$])[$],#TC5B=C(=C[$][$])[$]}",0.841098487,0.852810681,1.026273131,,
2-propanol,CC(C)O,{[#P1]}.{#P1=CC(C)O},-0.622507215,-1.952516675,-0.893744051,,
2-vinyl pyridine,C=Cc1ncccc1,"{[#TC5B][#TN6a]1[#TC5A][#TC5A]1}.{#TC5A=C(=C[$])[$],#TC5B=C=C[$],#TN6a=N(=C[$][$])[$]}",0.586634576,0.101283185,0.355620205,,
2244-tetramethylpentan-3-one',CC(C)(C)C(=O)C(C)(C)C,"{[#SC1][#TN4a][#SC1]}.{#SC1=CC(C)(C)[$],#TN4a=O=C[$][$]}",1.273848295,1.445688009,1.29187429,,
246-trimethyl-135-trioxane,CC1OC(C)OC(C)O1,"{[#TC4][#SC3B][#TC4]([#SC3A][#TC4])}.{#SC3A=O(C(O[$])[$])[$],#SC3B=O(C[$][$])C[$][$],#TC4=C[$]}",1.193115592,1.442781925,1.379847407,,
"3,4-dichloroaniline",Nc1ccc(Cl)c(Cl)c1,"{[#SN6d]1[#SX3][#SX3]1}.{#SN6d=NC(=C[$])[$],#SX3=ClC(=C[$])[$]}",0.774599969,0.718012869,0.929666817,,
"3,4-dichlorophenol",Oc1ccc(Cl)c(Cl)c1,"{[#SN6]1[#SX3][#SX3]1}.{#SN6=OC(=C[$])[$],#SX3=ClC(=C[$])[$]}",0.547225535,0.396719724,0.777620614,,
"3,4-dichlorotoluene",Cc1ccc(Cl)c(Cl)c1,"{[#SC4]1[#SX3][#SX3]1}.{#SC4=CC(=C[$])[$],#SX3=ClC(=C[$])[$]}",1.20890069,1.446062803,1.366110921,,
"3,4-dimethylaniline",Cc1ccc(N)cc1C,"{[#SC4]1[#SN6d][#SC4]1}.{#SC4=CC(=C[$])[$],#SN6d=NC(=C[$])[$]}",0.669623017,0.426436126,0.676566124,,
"3,4-dimethylphenol",Cc1ccc(O)cc1C,"{[#SC4]1[#SN6][#SC4]1}.{#SC4=CC(=C[$])[$],#SN6=OC(=C[$])[$]}",0.741808057,0.551676095,0.754509687,,
3-aminobenzenesulfonamide,Nc1cccc(c1)[S](N)(=O)=O,"{[#SN6d]1[#TC5A][#TC5B]1[#P4]}.{#P4=NS(=O)(=O)[$],#SN6d=NC(=C[$])[$],#TC5A=C(=C[$])[$],#TC5B=C(=C[$][$])[$]}",-0.137788981,-1.074459791,-0.323011488,,
3-hexyl-thiophene,CCCCCCc1cc[s]c1,"{[#SC2B][#SC2A][#TC5B]1[#TC5A][#TC6]1}.{#SC2A=C(C[$])C[$],#SC2B=CCC[$],#TC5A=C(=C[$])[$],#TC5B=C(=C[$][$])[$],#TC6=S[$][$]}",1.2409935,1.446276546,1.329937696,,
3-methylphenol,Cc1cccc(O)c1,"{[#SC4]1[#TC5][#SN6]1}.{#SC4=CC(=C[$])[$],#SN6=OC(=C[$])[$],#TC5=C(=C[$])[$]}",0.653695703,0.383816868,0.640232921,,
3-propyl-thiophene,CCCc1cc[s]c1,"{[#SC2][#TC5B]1[#TC5A][#TC6]1}.{#SC2=CCC[$],#TC5A=C(=C[$])[$],#TC5B=C(=C[$][$])[$],#TC6=S[$][$]}",1.226575732,1.44628334,1.346319795,,
35-dimethylpyridine,Cc1cncc(C)c1,"{[#SC4]1[#TN6a][#SC4]1}.{#SC4=CC(=C[$])[$],#TN6a=C(=N[$])[$]}",0.794054747,0.646440387,0.81618166,,
355120-85-3,S=C=S,{[#C6]}.{#C6=S=C=S},1.260105491,1.446378708,1.308363676,,
4-acetamidobenzenesulfonyl fluoride,CC(=O)Nc1ccc(cc1)[S](F)(=O)=O,"{[#SP3][#TC5B]1[#TC5B][#TC5A]1([#X4])}.{#SP3=CC(=O)N[$],#TC5A=C(=C[$])[$],#TC5B=C(=C[$][$])[$],#X4=O=S(=O)(F)[$]}",0.495568156,0.171280816,0.548419952,,
4-Bromoanisole,COc1ccc(cc1)Br,"{[#TN2a][#TC5B]1[#SX2][#TC5A]1}.{#SX2=BrC(=C[$])[$],#TC5A=C(=C[$])[$],#TC5B=C(=C[$][$])[$],#TN2a=CO[$]}",1.105416059,1.233444929,1.212138295,,
4-bromobenzenesulfonamide,N[S](=O)(=O)c1ccc(Br)cc1,"{[#P4][#TC5B]1[#SX2][#TC5A]1}.{#P4=NS(=O)(=O)[$],#SX2=BrC(=C[$])[$],#TC5A=C(=C[$])[$],#TC5B=C(=C[$][$])[$]}",0.527579904,0.246330991,0.607898057,,
4-chlorobenzenesulfonamide,N[S](=O)(=O)c1ccc(Cl)cc1,"{[#P4][#TC5B]1[#SX3][#TC5A]1}.{#P4=NS(=O)(=O)[$],#SX3=ClC(=C[$])[$],#TC5A=C(=C[$])[$],#TC5B=C(=C[$][$])[$]}",0.513952136,0.245674893,0.622536659,,
4-ethylbenzenesulfonamide,CCc1ccc(cc1)[S](N)(=O)=O,"{[#TC3][#TC5B]1[#TC5B][#TC5A]1([#P4])}.{#P4=NS(=O)(=O)[$],#TC3=CC[$],#TC5A=C(=C[$])[$],#TC5B=C(=C[$][$])[$]}",0.286300331,-0.010912538,0.55342859,,
4-Ethylpyridine,CCc1ccncc1,"{[#TC3][#TC5B]1[#TN6a][#TC5A]1}.{#TC3=CC[$],#TC5A=C(=C[$])[$],#TC5B=C(=C[$][$])[$],#TN6a=C(=N[$])[$]}",0.794431865,0.646460712,0.815779507,,
4-Methylimidazole,[nH]1cc(nc1)C,"{[#TN6d]1[#SC4][#TN6a]1}.{#SC4=CC(=C[$])[$],#TN6a=C(=N[$])[$],#TN6d=N[$][$]}",-0.009715478,-0.820943892,-0.144739941,,
4-methylquinoline,Cc1ccnc2ccccc12,"{[#SC4]1[#TN6a][#TC5e]12[#TC5][#TC5]2}.{#SC4=CC(=C[$])[$],#TC5=C(C[$])[$],#TC5e=C(C[$][$])[$][$],#TN6a=C(=N[$])[$]}",1.006127119,1.054189205,1.096001506,,
4-methylsulfonylchlorobenzene,C[S](=O)(=O)c1ccc(Cl)cc1,"{[#P4][#TC5B]1[#SX3][#TC5A]1}.{#P4=CS(=O)(=O)[$],#SX3=ClC(=C[$])[$],#TC5A=C(=C[$])[$],#TC5B=C(=C[$][$])[$]}",0.447540551,0.123581119,0.542053819,,
4-Nitroanisole,COc1ccc(cc1)[N+](=O)[O-],"{[#TN2a][#TC5B]1[#TC5B][#TC5A]1([#SN3a])}.{#SN3a=O=[N+]([O-])[$],#TC5A=C(=C[$])[$],#TC5B=C(=C[$][$])[$],#TN2a=CO[$]}",0.780606508,0.766802549,0.98514545,,
4-vinyl pyridine,C=Cc1ccncc1,"{[#TC5C][#TC5B]1[#TN6a][#TC5A]1}.{#TC5A=C(=C[$])[$],#TC5B=C(=C[$][$])[$],#TC5C=C=C[$],#TN6a=C(=N[$])[$]}",0.722459435,0.539763033,0.761271179,,
"5,5,5-trifluoropentan-1-ol",OCCCCC(F)(F)F,"{[#SP1][#TC3][#SX4e]}.{#SP1=OCC[$],#SX4e=FC(F)(F)[$],#TC3=C(C[$])[$]}",0.366844833,-0.065775774,0.39190352,,
5944-41-2,CC(C)(C)c1ccccn1,"{[#SC1][#TC5B]1[#TC5A][#TN6a]1}.{#SC1=CC(C)(C)[$],#TC5A=C(=C[$])[$],#TC5B=C(=C[$][$])[$],#TN6a=C(=N[$])[$]}",0.917666733,0.855157912,0.942316532,,
8-fluoroquinoline,Fc1cccc2cccnc12,"{[#SX4e]1[#TC5A][#TC5e]12[#TC5B][#TN6a]2}.{#SX4e=FC(=C[$])[$],#TC5A=C(=C[$])[$],#TC5B=C(C[$])[$],#TC5e=C(C[$][$])[$][$],#TN6a=C(N[$])[$]}",0.732523382,0.558915257,0.774297893,,
"8-quinolinol,5-chloro-",Oc1c2ncccc2c(Cl)cc1,"{[#SN6]2[#TC5e]1[#TN6a][#TC5]1([#SX3]2)}.{#SN6=OC(C[$])[$],#SX3=ClC(C[$])[$],#TC5=C(=C[$])[$],#TC5e=C(C[$][$])[$][$],#TN6a=C(=N[$])[$]}",0.378644437,-0.234837502,0.162627146,,
acetamide,CC(N)=O,{[#SP5]}.{#SP5=CC(N)=O},-0.670872092,-1.953725219,-0.840362132,,
acetic,CC(O)=O,{[#SP2]}.{#SP2=CC(=O)O},-0.67646575,-1.953650713,-0.833914638,,
acetonitrile,CC#N,{[#SN2a]}.{#SN2a=CC#N},0.36420545,-0.26071763,0.14597775,,
Acetophenone,CC(=O)c1ccccc1,"{[#SN4a][#TC5B]1[#TC5A][#TC5A]1}.{#SN4a=CC(=O)[$],#TC5A=C(=C[$])[$],#TC5B=C(=C[$][$])[$]}",0.882300854,0.847435713,0.972618341,,
acetylacetone,CC(=O)CC(C)=O,"{[#SN4a][#SN5a]}.{#SN4a=CC(=O)[$],#SN5a=CC(=O)C[$]}",0.555032611,0.092645675,0.380479634,,
acrylamide,C=CC(=O)N,{[#P5]}.{#P5=C=CC(N)=O},-0.66842252,-1.953724861,-0.843143344,,
acrylic acid,C=CC(=O)O,{[#P2]}.{#P2=C=CC(=O)O},-0.674274743,-1.953445911,-0.836141229,,
Amine2_link_alcohol,CCCCCN(CCO)CCCCC,"{[#C1][#SN1][#SP1]([#C1])}.{#C1=CCCC[$],#SN1=C(N(C[$])[$])[$],#SP1=OCC[$]}",0.869745493,0.657430589,0.744257569,,
Amine_branched,C(N(CCCCC)CCCCC),"{[#SN3a][#C1]([#C1])}.{#C1=CCCC[$],#SN3a=CN(C[$])C[$]}",1.128641367,1.093214631,1.006701231,,
Amine_carbamat,CN(CC(CNC(CCCCC)=O)NC(CCCCC)=O)C,"{[#SN1][#SN5][#P3][#C1]([#SN4a][#C1])}.{#C1=CCCC[$],#P3=O=C(C[$])NC[$],#SN1=CN(C)[$],#SN4a=O=C(C[$])[$],#SN5=C(C(N[$])[$])[$]}",0.559292257,0.060197026,0.334207892,,
Amine_ester_disulfied,CN(C)CCCCCCC(=O)OCCSSCCCCCCCCC,"{[#SN1][#C1A][#N6a][#TN3r][#TC6][#TC6][#C1A][#C1B]}.{#C1A=C(CC[$])C[$],#C1B=CCCC[$],#N6a=O=C(CC[$])[$],#SN1=CN(C)[$],#TC6=C(S[$])[$],#TN3r=C(O[$])[$]}",1.082995892,1.023404956,0.969397664,,
Amine_link_alcohol,CCCCCN(CCCCO)CCCCC,"{[#C1][#SN3a][#P1]([#C1])}.{#C1=CCCC[$],#P1=OCCC[$],#SN3a=C(N(C[$])C[$])[$]}",0.765114009,0.406346798,0.542470217,,
Amine_link_ester,CN(C)CCCCCCOC(=O)CCCC,"{[#SN3a][#C1A][#N4a][#C1B]}.{#C1A=C(CC[$])C[$],#C1B=CCCC[$],#N4a=O=C(OC[$])[$],#SN3a=CN(C)C[$]}",1.122591972,0.944767237,0.824016809,,
Amine_link_ether,CN(C)CCCCCCOCCCCC,"{[#SN1][#C1A][#N3r][#C1B]}.{#C1A=C(CC[$])C[$],#C1B=CCCC[$],#N3r=C(C[$])OC[$],#SN1=CN(C)[$]}",1.118969798,0.974022865,0.865488589,,
Aniline,Nc1ccccc1,"{[#SN6d]1[#TC5][#TC5]1}.{#SN6d=NC(=C[$])[$],#TC5=C(=C[$])[$]}",0.425697535,-0.010755198,0.395324409,,
Benzaldehyde,O=Cc1ccccc1,"{[#TN4a][#TC5B]1[#TC5A][#TC5A]1}.{#TC5A=C(=C[$])[$],#TC5B=C(=C[$][$])[$],#TN4a=O=C[$]}",0.919063151,0.964688301,1.080590606,,
Benzene,c1ccccc1,{[#TC5]1[#TC5][#TC5]1}.{#TC5=C(=C[$])[$]},1.197737694,1.446013808,1.378725052,,
"benzene, 2-chloro-1,4-dimethyl-",Cc1ccc(C)c(Cl)c1,"{[#SC4]1[#SC4][#SX3]1}.{#SC4=CC(=C[$])[$],#SX3=ClC(=C[$])[$]}",1.222855926,1.446228266,1.350474,,
"benzene-1,2-diamine",Nc1ccccc1N,"{[#SN6d]1[#TC5][#SN6d]1}.{#SN6d=NC(=C[$])[$],#TC5=C(=C[$])[$]}",-0.153315216,-1.102779388,-0.341540575,,
benzenesulfonamide,N[S](=O)(=O)c1ccccc1,"{[#P4][#TC5B]1[#TC5A][#TC5A]1}.{#P4=NS(=O)(=O)[$],#TC5A=C(=C[$])[$],#TC5B=C(=C[$][$])[$]}",0.377797425,0.039936408,0.514450252,,
benzenesulfonamide_decoy,N[S](=O)(=O)c1ccccc1,"{[#P4][#TC5B]1[#TC5A][#TC5A]1}.{#P4=NS(=O)(=O)[$],#TC5A=C(=C[$])[$],#TC5B=C(=C[$][$])[$]}",0.377797425,0.039936408,0.514450252,,
Benzonitrile,N#Cc1ccccc1,"{[#TN4a][#TC5B]1[#TC5A][#TC5A]1}.{#TC5A=C(=C[$])[$],#TC5B=C(=C[$][$])[$],#TN4a=N#C[$]}",0.905616164,0.923980951,1.043882012,,
Benzotrifluoride,c1ccc(cc1)C(F)(F)F,"{[#TC5A]1[#TC5B][#TC5A]1([#SX4e])}.{#SX4e=FC(F)(F)[$],#TC5A=C(=C[$])[$],#TC5B=C(=C[$][$])[$]}",1.182962298,1.445302963,1.394596815,,
Beta-Sitosterol,O[C@@H]4CC3=CC[C@@H]1[C@H](CC[C@]2([C@H]1CC[C@@H]2[C@H](C)CC[C@@H](CC)C(C)C)C)[C@@]3(C)CC4,"{[#SN6]3[#SC4]1=[#TC3][#TC5]12[#TC3][#SC4]2[#SC3][#C1][#SC2B][#SC2A]([#TC3]3)}.{#C1=CC(CC[$])[$],#SC2A=CC(C)[$],#SC2B=CCC[$][$],#SC3=C(C[$])C[$][$],#SC4=CC(C[$][$])[$][$],#SN6=OC(C[$])[$],#TC3=C(C[$])[$],#TC5=C(C[$][$])[$][$]}",1.110482812,1.169330835,1.124516249,,
Bromobenzene,Brc1ccccc1,"{[#SX2]1[#TC5][#TC5]1}.{#SX2=BrC(=C[$])[$],#TC5=C(=C[$])[$]}",1.197588563,1.44585228,1.378688693,,
bromoethane,CCBr,{[#X2]}.{#X2=CCBr},1.233488202,1.446424127,1.338649511,,
bromoethene,BrC=C,{[#SX1]}.{#SX1=C=CBr},1.204722524,1.446098924,1.370901704,,
bromomethane,CBr,{[#SX2]}.{#SX2=CBr},1.199618101,1.445971727,1.376536012,,
bromopropane,CCCBr,{[#X2]}.{#X2=CCCBr},1.239647388,1.446429491,1.331661582,,
"buta-1,3-diene",C=CC=C,{[#SC5]}.{#SC5=C=CC=C},1.229770422,1.446502328,1.342971325,,
butan-2-ylbenzene,CCC(C)c1ccccc1,"{[#C1][#TC5B]1[#TC5A][#TC5A]1}.{#C1=CCC(C)[$],#TC5A=C(=C[$])[$],#TC5B=C(=C[$][$])[$]}",1.250807881,1.446084619,1.318546653,,
butanal,CCCC=O,"{[#SC2][#TN4a]}.{#SC2=CCC[$],#TN4a=O=C[$]}",0.920123219,1.053126454,1.192314506,,
butane,CCCC,{[#C1]}.{#C1=CCCC},1.303170085,1.445214629,1.257971406,,
butanol,CCCCO,"{[#SC2][#TP1]}.{#SC2=CCC[$],#TP1=OC[$]}",-0.679448187,-1.953630567,-0.830501914,,
Butanone,CC(=O)CC,{[#N5a]}.{#N5a=CCC(C)=O},0.652182519,0.123740084,0.309856921,,
butene,CCC=C,{[#C4]}.{#C4=C=CCC},1.297448635,1.445439339,1.264755607,,
butyl benzoate,CCCCOC(=O)c1ccccc1,"{[#C1][#SN4a][#TC5B]1[#TC5A][#TC5A]1}.{#C1=CCCC[$],#SN4a=O=C(O[$])[$],#TC5A=C(=C[$])[$],#TC5B=C(=C[$][$])[$]}",1.09504807,1.196663499,1.176945806,,
butylamine,CCCCN,"{[#SC2][#TN6d]}.{#SC2=CCC[$],#TN6d=NC[$]}",0.264507651,-0.460555702,0.004023731,,
butyne,CCC#C,{[#C6r]}.{#C6r=C#CCC},1.273289442,1.446148634,1.293097615,,
C1_ester_C1,CCCCCOC(=O)CCCC,"{[#C1][#N4a][#C1]}.{#C1=CCCC[$],#N4a=O=C(OC[$])[$]}",1.206919432,1.224609375,1.085584164,,
C4h_ester_C4h,CCC=CCOC(=O)C=CCC,"{[#C4][#N4a][#C4]}.{#C4=CCC=C[$],#N4a=O=C(OC[$])[$]}",0.961323202,0.979430079,1.051422119,,
Campsterol,O[C@@H]4CC3=CC[C@@H]1[C@H](CC[C@]2([C@H]1CC[C@@H]2[C@H](C)CC[C@@H](C)C(C)C)C)[C@@]3(C)CC4,"{[#SN6]3[#SC4]1=[#TC3][#TC5]12[#TC3][#SC4]2[#SC3][#C1][#C2]([#TC3]3)}.{#C1=CC(CC[$])[$],#C2=CC(C)C(C)[$],#SC3=C(C[$])C[$][$],#SC4=CC(C[$][$])[$][$],#SN6=OC(C[$])[$],#TC3=C(C[$])[$],#TC5=C(C[$][$])[$][$]}",1.113077521,1.1590873,1.108490348,,
carbondioxide,O=C=O,{[#SC6]}.{#SC6=O=C=O},1.176914334,1.445370197,1.401551604,,
chloro(trifluoromethyl)benzene,FC(F)(F)c1ccccc1Cl,"{[#SX4e][#SX3]1[#TC5][#TC5]1}.{#SX3=ClC(C[$][$])[$],#SX4e=FC(F)(F)[$],#TC5=C(C[$])[$]}",1.210136652,1.446149468,1.364817262,,
Chlorobenzene,Clc1ccccc1,"{[#SX3]1[#TC5][#TC5]1}.{#SX3=ClC(=C[$])[$],#TC5=C(=C[$])[$]}",1.191474795,1.4457407,1.385488987,,
chlorobromomethane,ClCBr,{[#SX2]}.{#SX2=ClCBr},1.195023894,1.445867181,1.38161993,,
chloroethane,CCCl,{[#SX3]}.{#SX3=CCCl},1.195865631,1.445943832,1.3807621,,
chlorofluoromethane,FCCl,{[#SX4]}.{#SX4=FCCl},1.177261949,1.445121169,1.40083909,,
chloromethane,CCl,{[#TX3]}.{#TX3=CCl},1.190226793,1.445790052,1.386969566,,
cinnoline,c1ccc2nnccc2c1,"{[#TC5B]1[#TC5B][#TC5e]12[#TN1a][#TC5A]2}.{#TC5A=C(=C[$])[$],#TC5B=C(C[$])[$],#TC5e=C(C[$][$])[$][$],#TN1a=N(=N[$])[$]}",1.207689643,1.445528865,1.366804361,,
Cumene,CC(C)c1ccccc1,"{[#SC2][#TC5B]1[#TC5A][#TC5A]1}.{#SC2=CC(C)[$],#TC5A=C(=C[$])[$],#TC5B=C(=C[$][$])[$]}",1.228573561,1.446385741,1.344181299,,
cyanamide,NC#N,{[#P4d]}.{#P4d=N#CN},-0.679748654,-1.953742266,-0.830303192,,
Cyclohexane,C1CCCCC1,{[#SC3][#SC3]}.{#SC3=C(C[$])C[$]},1.280435205,1.445983529,1.284772396,,
Cyclohexene,C1CCccC1,"{[#TC3]1[#TC3][#TC5]1}.{#TC3=C(C[$])[$],#TC5=C(=C[$])[$]}",1.229478836,1.446456194,1.343243718,,
Cyclopentane,C1CCCC1,"{[#TC3][#SC3]}.{#SC3=C(C[$])C[$],#TC3=C(C[$])[$]}",1.267737508,1.44626689,1.29955399,,
Cyclopentanol,C1CCC(C1)O,"{[#SC3][#SN6]}.{#SC3=C(C[$])C[$],#SN6=OC(C[$])[$]}",0.126800597,-0.633438647,-0.060346298,,
Cyclopentanone,C1CCC(=O)C1,"{[#SC3][#TN6a]}.{#SC3=C(C[$])C[$],#TN6a=O=C(C[$])[$]}",0.209935874,-0.468026072,0.056458883,,
Cyclopropane,C1CC1,{[#SC3]}.{#SC3=C1CC1},1.274144769,1.446141124,1.29211688,,
D-fucose,CC1C(C(C(C(O1)O)O)O)O,"{[#TC4][#SN4a][#SC3][#TN6]([#TN6])([#TN6])([#TN6])}.{#SC3=C(C(C[$][$])[$])[$][$],#SN4a=O(C[$][$])C[$][$],#TC4=C[$],#TN6=O[$]}",0.200861037,-0.417867154,0.130812928,,
D-galactose,C(C1C(C(C(C(O1)O)O)O)O)O,"{[#TP1][#TN4a]1[#SP4][#SP4]1}.{#SP4=OC(C(O)[$])[$],#TN4a=O(C[$][$])[$],#TP1=OC[$]}",-0.697674513,-1.953359485,-0.809456587,,
D-glucose,C(C1C(C(C(C(O1)O)O)O)O)O,"{[#TP1][#TN4a]1[#SP4][#SP4]1}.{#SP4=OC(C(O)[$])[$],#TN4a=O(C[$][$])[$],#TP1=OC[$]}",-0.697674513,-1.953359485,-0.809456587,,
D-glucuronic acid,C1(C(C(OC(C1O)O)C(=O)O)O)O,"{[#SP4]1[#TN4a][#SP4]1([#SP2])}.{#SP2=O=C(O)[$],#SP4=OC(C(O)[$])[$],#TN4a=O(C[$][$])[$]}",-0.645304203,-1.704975009,-0.551766813,,
D-mannose,C(C1C(C(C(C(O1)O)O)O)O)O,"{[#TP1][#TN4a]1[#SP4][#SP4]1}.{#SP4=OC(C(O)[$])[$],#TN4a=O(C[$][$])[$],#TP1=OC[$]}",-0.697674513,-1.953359485,-0.809456587,,
D-Ribofuranose,C([C@@H]1[C@H]([C@H]([C@@H](O1)O)O)O)O,"{[#TP1][#TN4a]1[#SP4][#TN6]1}.{#SP4=OC(C(O)[$])[$],#TN4a=O(C[$][$])[$],#TN6=OC[$][$],#TP1=OC[$]}",-0.697517753,-1.953276992,-0.809530079,,
D-xylose,OCC1(C(C(C(O1)O)O)O),"{[#TP1][#TN4a]1[#SP4][#TN6]1}.{#SP4=OC(C(O)[$])[$],#TN4a=O(C[$][$])[$],#TN6=OC[$][$],#TP1=OC[$]}",-0.697517753,-1.953276992,-0.809530079,,
DAP_amine,CN(CC(COC(CCCC)=O)OC(CCCC)=O)C,"{[#SN3a][#N4aB][#N4aA][#C1]([#C1])}.{#C1=CCCC[$],#N4aA=O=C(OC[$])[$],#N4aB=O=C(OC[$][$])[$],#SN3a=CN(C)C[$]}",1.022219181,0.908156574,0.891256154,,
dibromomethane,BrCBr,{[#SX1]}.{#SX1=BrCBr},1.193207383,1.44577539,1.383565784,,
dichloromethane,ClCCl,{[#SX3h]}.{#SX3h=ClCCl},1.203158379,1.446120858,1.372705817,,
diethylether,CCOCC,"{[#SN3r][#TC3]}.{#SN3r=CCO[$],#TC3=CC[$]}",0.008320268,-0.82241416,-0.167099416,,
difluoromethane,FCF,{[#TX4]}.{#TX4=FCF},1.168121099,1.444653273,1.410621881,,
diiodomethane,ICI,{[#X2]}.{#X2=ICI},1.225453377,1.44644475,1.347800612,,
diisopropyl ehter,CC(C)OC(C)C,"{[#SC2][#N3r]}.{#N3r=CC(C)O[$],#SC2=CC(C)[$]}",1.047943711,0.956653714,0.923968971,,
diisopropylsufide,CC(C)SC(C)C,"{[#SC2][#SC6]}.{#SC2=CC(C)[$],#SC6=CC(C)S[$]}",1.243184805,1.44650805,1.327744126,,
Dimethoxyethane,COCCOC,{[#SN3r][#SN3r]}.{#SN3r=COC[$]},0.578031301,0.169100538,0.451987445,,
dimethyl-sulfide,CSC,{[#SC6]}.{#SC6=CSC},1.219127893,1.446379423,1.354900241,,
dimethylacetamide,CN(C)C(C)=O,"{[#SN1][#SN4a]}.{#SN1=CN(C)[$],#SN4a=CC(=O)[$]}",0.782119095,0.330172211,0.425890237,,
dimethylamine,CNC,{[#SN1]}.{#SN1=CNC},0.633358836,0.069347858,0.261779755,,
dimethylethylamine,CCN(C)C,{[#N3a]}.{#N3a=CCN(C)C},0.787413955,0.371462911,0.472602099,,
dimethylsulfoxide,C[S](C)=O,{[#P4]}.{#P4=CS(C)=O},-0.684791207,-1.953574777,-0.824362397,,
DMG,O=C(CCCC)OCC(OC(CCCC)=O)COCCOC,"{[#N4a][#C1]([#SN3r][#SN4a][#C1]([#N3r]))}.{#C1=CCCC[$],#N3r=COCC[$],#N4a=O=C(OC[$])[$],#SN3r=C(O[$])C[$][$],#SN4a=O=C(O[$])[$]}",0.798620999,0.493523329,0.615735352,,
dodecane,CCCCCCCCCCCC,"{[#C1B][#C1A][#C1B]}.{#C1A=C(CC[$])C[$],#C1B=CCCC[$]}",1.291074276,1.445646644,1.27225852,,
Double_ester_long,CCCCCC(=O)OCCOC(=O)CCCCC,"{[#C1][#SN4a][#P4][#SN4a][#C1]}.{#C1=CCCC[$],#P4=C(CO[$])O[$],#SN4a=O=C(C[$])[$]}",0.662846029,0.367426842,0.608912706,,
Double_ester_long_branched,CCCCC(=O)OCCOC(=O)C(C)C,"{[#C1][#N4a][#N4a][#SC2]}.{#C1=CCCC[$],#N4a=O=C(OC[$])[$],#SC2=CC(C)[$]}",1.080013871,1.055224895,1.013415694,,
Ergosterol,O[C@@H]4CC3=CC=C1[C@H](CC[C@]2([C@H]1CC[C@@H]2[C@@H](C=C[C@H](C)C(C)C)C)C)[C@@]3(C)CC4,"{[#SN6]3[#SC4]1=[#TC5A]=[#TC5B]12[#TC3][#SC4]2[#SC3][#C4][#C2]([#TC3]3)}.{#C2=CC(C)C(C)[$],#C4=CC(C=C[$])[$],#SC3=C(C[$])C[$][$],#SC4=CC(C[$][$])[$][$],#SN6=OC(C[$])[$],#TC3=C(C[$])[$],#TC5A=C(C[$])[$],#TC5B=C(C[$][$])[$][$]}",1.103738904,1.152102232,1.11017549,,
Ester_branched3,CCCCC(CCCC)OC(=O)CCCCC,"{[#C1][#N4a][#C1]([#C1])}.{#C1=CCCC[$],#N4a=O=C(C[$])OC[$][$]}",1.191506982,1.173632264,1.037994146,,
Ester_branched_long_sat,CCCCCCCCCC(CCCCCCCCC)OC(=O)CCCCC,"{[#C1B][#C1A][#SC2][#C1A][#C1B]([#SN4a][#C1B])}.{#C1A=C(CC[$])C[$],#C1B=CCCC[$],#SC2=C(C(C[$])[$])[$],#SN4a=O=C(C[$])O[$]}",1.191602826,1.23894453,1.121282935,,
Ester_branched_long_unsat,CCC=CCCCCCC(CCCCCC=CCC)OC(=O)CCCCC,"{[#C4][#C1A][#SC2][#C1A][#C4]([#SN4a][#C1B])}.{#C1A=C(CC[$])C[$],#C1B=CCCC[$],#C4=CCC=C[$],#SC2=C(C(C[$])[$])[$],#SN4a=O=C(C[$])O[$]}",1.156220675,1.219488859,1.136621594,,
ethanal,CC=O,{[#SN4a]}.{#SN4a=CC=O},0.473877907,-0.01335832,0.337284505,,
ethane,CC,{[#TC3]}.{#TC3=CC},1.270849586,1.446211815,1.295949221,,
Ethanol,CCO,{[#SP1]}.{#SP1=CCO},-0.665892899,-1.953788519,-0.846097291,,
Ethene,C=C,{[#TC5]}.{#TC5=C=C},1.227008104,1.446489453,1.346091866,,
Ether_0,CCOCC(CN(C)C)OCC,"{[#N3rA][#N3rB][#SN3a]}.{#N3rA=CCOC[$],#N3rB=CCOC[$][$],#SN3a=CN(C)C[$]}",0.619149089,0.208099157,0.455089718,,
Ether_link_sat,COCCCCCCCCC,"{[#N3r][#C1][#SC2]}.{#C1=C(CC[$])C[$],#N3r=COCC[$],#SC2=CCC[$]}",1.099283338,1.028927922,0.957952917,,
Ether_link_unsat,COCCCCCCC=CC,"{[#N3r][#C1][#SC4]}.{#C1=C(CC[$])C[$],#N3r=COCC[$],#SC4=CC=C[$]}",1.08667779,1.00214529,0.938069522,,
ethyl benzoate,CCOC(=O)c1ccccc1,"{[#SN3r][#TN4a][#TC5B]1[#TC5A][#TC5A]1}.{#SN3r=CCO[$],#TC5A=C(=C[$])[$],#TC5B=C(=C[$][$])[$],#TN4a=O=C[$][$]}",0.763789952,0.638777792,0.840767086,,
Ethyl-benzene,CCc1ccccc1,"{[#TC3][#TC5B]1[#TC5A][#TC5A]1}.{#TC3=CC[$],#TC5A=C(=C[$])[$],#TC5B=C(=C[$][$])[$]}",1.219813943,1.446281672,1.353996038,,
ethylacetate,CCOC(C)=O,"{[#SN3r][#SN4a]}.{#SN3r=CCO[$],#SN4a=CC(=O)[$]}",0.415080309,0.071786202,0.512779653,,
Ethylamine,CCN,{[#SN6d]}.{#SN6d=CCN},-0.549192011,-1.945776939,-0.968397617,,
Ethylbenzene,CCc1ccccc1,"{[#TC3][#TC5B]1[#TC5A][#TC5A]1}.{#TC3=CC[$],#TC5A=C(=C[$])[$],#TC5B=C(=C[$][$])[$]}",1.219813943,1.446281672,1.353996038,,
formamide,NC=O,{[#SP5]}.{#SP5=NC=O},-0.671901226,-1.953725815,-0.839194059,,
Fructofuranose,C([C@H]1[C@@H]([C@H]([C@@](O1)(CO)O)O)O)O,"{[#TP1][#TN4a]1[#SP4][#TN6]1[#TP1]}.{#SP4=OC(C(O)[$])[$],#TN4a=O(C[$][$])[$],#TN6=OC[$][$][$],#TP1=OC[$]}",-0.689637959,-1.953514457,-0.818781078,,
Furan,c1ccoc1,"{[#TC5]1[#TC5][#TN2a]1}.{#TC5=C(=C[$])[$],#TN2a=O[$][$]}",1.231381416,1.446401715,1.341013312,,
glycine,NCC(O)=O,{[#P6]}.{#P6=NCC(=O)O},-0.674236953,-1.953710794,-0.8365224,,
hepta-2-one,CCCCCC(=O)C,"{[#C1][#SN5a]}.{#C1=CCCC[$],#SN5a=CC(=O)C[$]}",0.94517839,0.666106522,0.669671237,,
heptanal,CCCCCCC=O,"{[#C1][#N6a]}.{#C1=CCCC[$],#N6a=O=CCC[$]}",0.677055299,0.20123367,0.380562484,,
heptanol,CCCCCCCO,"{[#C1][#P1]}.{#C1=CCCC[$],#P1=OCCC[$]}",1.034971118,0.683380902,0.589756548,,
hexa-2-one,CCCCC(=O)C,"{[#C1][#SN4a]}.{#C1=CCCC[$],#SN4a=CC(=O)[$]}",1.006972909,0.9077757,0.908084691,,
"hexa-l,4-diene",CC=CC=CC,{[#SC4][#SC4]}.{#SC4=CC=C[$]},1.243507862,1.446527719,1.327402592,,
hexadecane,CCCCCCCCCCCCCCCC,"{[#C1B][#C1A][#C1A][#C1B]}.{#C1A=C(CC[$])C[$],#C1B=CCCC[$]}",1.290830731,1.445653796,1.272545338,,
hexanal,CCCCCC=O,"{[#C1][#SN4a]}.{#C1=CCCC[$],#SN4a=O=CC[$]}",1.00051105,0.907244444,0.914744556,,
hexane,CCCCCC,{[#SC2][#SC2]}.{#SC2=CCC[$]},1.262552381,1.446353555,1.305552721,,
hexanol,CCCCCCO,"{[#C1][#SP1]}.{#C1=CCCC[$],#SP1=OCC[$]}",0.580111742,0.152561545,0.428505212,,
hexene,CCCCC=C,"{[#SC2][#SC4]}.{#SC2=CCC[$],#SC4=C=CC[$]}",1.251839161,1.446473837,1.317872763,,
hexyne,CCCCC#C,"{[#SC2][#SC6r]}.{#SC2=CCC[$],#SC6r=C#CC[$]}",0.048495091,-0.678656518,-0.029158145,,
Inositol,C1(C(C(C(C(C1O)O)O)O)O)O,{[#SP4]1[#SP4][#SP4]1}.{#SP4=OC(C(O)[$])[$]},-0.69177407,-1.953644633,-0.816522062,,
Iodobenzene,c1ccc(cc1)I,"{[#TC5]1[#X1][#TC5]1}.{#TC5=C(=C[$])[$],#X1=IC(=C[$])[$]}",1.210335732,1.446220279,1.364681721,,
iodoethane,CCI,{[#X1]}.{#X1=CCI},1.242946386,1.446491599,1.327994227,,
iodomethane,CI,{[#SX1]}.{#SX1=CI},1.210502267,1.446265817,1.364550829,,
iso-butyl acetate,CC(C)COC(C)=O,"{[#SC2][#N4a]}.{#N4a=CC(=O)OC[$],#SC2=CC(C)[$]}",0.762280762,0.600480199,0.793578625,,
isobutanal,CC(C)C=O,{[#N4a]}.{#N4a=CC(C)C=O},0.621195674,0.12934348,0.352201641,,
Isobutyramide_Isobutanamide,O=C(N)C(C)C,"{[#SP5][#SC2]}.{#SC2=CC(C)[$],#SP5=NC(=O)[$]}",0.26063779,-0.368388623,0.126107469,,
isopropanol,CC(C)O,{[#P1]}.{#P1=CC(C)O},-0.622507215,-1.952516675,-0.893744051,,
isoquinoline,c1ccc2cnccc2c1,"{[#TC5B]1[#TC5B][#TC5e]12[#TN6a][#TC5A]2}.{#TC5A=C(=C[$])[$],#TC5B=C(C[$])[$],#TC5e=C(C[$][$])[$][$],#TN6a=C(=N[$])[$]}",0.894711852,0.85507834,0.968282938,,
KC1_amine,CN(CC1OC(CCCC)(CCCCC)OC1)C,"{[#SN3a][#TC3A][#SN5a][#C1]([#SC2][#TC3B])}.{#C1=CCCC[$],#SC2=C(C[$])C[$],#SN3a=CN(C)C[$],#SN5a=O(C(O[$])[$][$])[$],#TC3A=C(C[$][$])[$],#TC3B=CC[$]}",0.994892001,0.781811059,0.760958314,,
KC2_amine,CN(CCC1OC(CCCC)(CCCCC)OC1)C,"{[#N3a][#TC3A][#SN5a][#C1]([#SC2][#TC3B])}.{#C1=CCCC[$],#N3a=CN(C)CC[$],#SC2=C(C[$])C[$],#SN5a=O(C(O[$])[$][$])[$],#TC3A=C(C[$][$])[$],#TC3B=CC[$]}",0.953136146,0.764615417,0.786420882,,
L-rhamnose,CC1C(C(C(C(O1)O)O)O)O,"{[#TC4][#SN4a][#SC3][#TN6]([#TN6])([#TN6])([#TN6])}.{#SC3=C(C(C[$][$])[$])[$][$],#SN4a=O(C[$][$])C[$][$],#TC4=C[$],#TN6=O[$]}",0.200861037,-0.417867154,0.130812928,,
Lactose,C([C@@H]1[C@@H]([C@@H]([C@H]([C@@H](O1)O[C@@H]2[C@H](O[C@H]([C@@H]([C@H]2O)O)O)CO)O)O)O)O,"{[#TP1][#TN4a]1[#SP4A][#SP4B]1[#SN6]2[#TN4a][#SP4A]2([#TP1])}.{#SN6=OC(C[$][$])[$],#SP4A=OC(C(O)[$])[$],#SP4B=OC(C(O[$])[$])[$],#TN4a=O(C[$][$])[$],#TP1=OC[$]}",-0.640745699,-1.806139827,-0.686121523,,
m-Xylene,Cc1cccc(c1)C,"{[#SC4]1[#TC5][#SC4]1}.{#SC4=CC(=C[$])[$],#TC5=C(=C[$])[$]}",1.225785851,1.446416378,1.347386241,,
MC3_amine,CCCCC(CCCC)OC(=O)CCCN(C)C,"{[#C1][#N4a][#C1]([#SC2][#SN1])}.{#C1=CCCC[$],#N4a=O=C(OC[$][$])[$],#SC2=C(C[$])C[$],#SN1=CN(C)[$]}",1.173757792,1.168403268,1.051474929,,
Mesitylene,Cc1cc(cc(c1)C)C,{[#SC4]1[#SC4][#SC4]1}.{#SC4=CC(=C[$])[$]},1.232604742,1.446484447,1.33972919,,
methacrylamide,C=C(C)C(=O)N,"{[#SC4][#SP5]}.{#SC4=C=C(C)[$],#SP5=NC(=O)[$]}",0.077368826,-0.646111786,-0.020391913,,
methacrylic acid,C=C(C)C(=O)O,"{[#SC4][#SP2]}.{#SC4=C=C(C)[$],#SP2=O=C(O)[$]}",0.627818286,0.312627792,0.578718424,,
methanol,CO,{[#TP1]}.{#TP1=CO},-0.665869892,-1.953788757,-0.846124113,,
Methoxybenzene,COc1ccccc1,"{[#TN2a][#TC5B]1[#TC5A][#TC5A]1}.{#TC5A=C(=C[$])[$],#TC5B=C(=C[$][$])[$],#TN2a=CO[$]}",1.106069446,1.23354578,1.211524844,,
Methoxyethane,COC,{[#SN3r]}.{#SN3r=COC},0.794578314,0.289302468,0.359553277,,
methoxymethane,COC,{[#SN3r]}.{#SN3r=COC},0.794578314,0.289302468,0.359553277,,
methyl 2-methylbenzoate,COC(=O)c1ccccc1C,"{[#N4a][#SC4]1[#TC5][#TC5]1}.{#N4a=COC(=O)[$],#SC4=CC(C[$][$])[$],#TC5=C(C[$])[$]}",0.930691421,0.946882486,1.044648886,,
methyl 4-bromobenzoate,COC(=O)c1ccc(Br)cc1,"{[#N4a][#TC5B]1[#SX2][#TC5A]1}.{#N4a=COC(=O)[$],#SX2=BrC(=C[$])[$],#TC5A=C(=C[$])[$],#TC5B=C(=C[$][$])[$]}",0.78453809,0.692982972,0.886419654,,
methyl acetate,COC(C)=O,{[#N4a]}.{#N4a=COC(C)=O},0.443833947,-0.105509169,0.253735393,,
Methyl acrylate,O=C(OC)C=C,"{[#N4a][#TC5]}.{#N4a=COC(=O)[$],#TC5=C=C[$]}",0.564731658,0.320836276,0.66084367,,
methyl formate,COC=O,{[#N4a]}.{#N4a=COC=O},0.332047641,-0.258128524,0.185803726,,
Methyl isobutyrate,O=C(OC)C(C)(C),"{[#N4a][#SC2]}.{#N4a=COC(=O)[$],#SC2=CC(C)[$]}",0.759392381,0.659238875,0.87188822,,
Methyl methacrylate,O=C(OC)C(=C)(C),"{[#N4a][#SC4]}.{#N4a=COC(=O)[$],#SC4=C=C(C)[$]}",0.66346246,0.558641672,0.852376699,,
Methyl propanoate,O=C(OC)CC,"{[#N4a][#TC3]}.{#N4a=COC(=O)[$],#TC3=CC[$]}",0.740536749,0.471788228,0.653943837,,
methyl vinyl ketone,C=CC(=O)C,{[#N5a]}.{#N5a=C=CC(C)=O},0.502671957,-0.112977475,0.177380264,,
Methyl-benzoate,COC(=O)c1ccccc1,"{[#N4a][#TC5B]1[#TC5A][#TC5A]1}.{#N4a=COC(=O)[$],#TC5A=C(=C[$])[$],#TC5B=C(=C[$][$])[$]}",0.785396338,0.693083525,0.885573626,,
methylamine,CN,{[#TN6d]}.{#TN6d=CN},-0.625267148,-1.952746511,-0.890903473,,
Methylcyclopentane,CC1CCCC1,"{[#SC3B][#SC3A]}.{#SC3A=C(C[$])C[$],#SC3B=CC(C[$])[$]}",1.280298948,1.445984602,1.28492856,,
methylhydrazine,CNN,{[#P5d]}.{#P5d=CNN},-0.662033737,-1.953781962,-0.850471675,,
"n,n,2-trimethylaniline",CN(C)c1ccccc1C,"{[#SN1][#SC4]1[#TC5][#TC5]1}.{#SC4=CC(C[$][$])[$],#SN1=CN(C)[$],#TC5=C(C[$])[$]}",1.125088096,1.210912347,1.161025763,,
"N,N-dimethylaniline",CN(C)c1ccccc1,"{[#SN1][#TC5B]1[#TC5A][#TC5A]1}.{#SN1=CN(C)[$],#TC5A=C(=C[$])[$],#TC5B=C(=C[$][$])[$]}",1.070068121,1.104228139,1.087282658,,
"N,N-dimethylformamide",CN(C)C=O,{[#P3a]}.{#P3a=CN(C)C=O},-0.70432955,-1.952994704,-0.801433384,,
N-acetylglucosamine,O=C(N[C@@H]1[C@@H](O)[C@H](O)[C@H](O[C@H]1O)CO)C,"{[#SP3][#SN6]1[#SP4][#TN4a]1[#TP1]}.{#SN6=OC(C[$][$])[$],#SP3=CC(=O)N[$],#SP4=OC(C(O)[$])[$],#TN4a=O(C[$][$])[$],#TP1=OC[$]}",-0.736438096,-1.949697733,-0.760759413,,
N-acetylneuraminic acid,CC(=O)NC1C(CC(OC1C(C(CO)O)O)(C(=O)O)O)O,"{[#SP3][#SN6B]1[#SN6A][#TN4a]1[#TP1][#P4]([#SP2])}.{#P4=OCC(O)[$],#SN6A=OC(C[$])[$][$],#SN6B=OC(C[$][$])[$],#SP2=O=C(O)[$],#SP3=CC(=O)N[$],#TN4a=O(C[$][$])[$],#TP1=OC[$][$]}",-0.497856498,-1.428189158,-0.365783602,,
n-butyl acetate,CCCCOC(C)=O,"{[#C1][#SN4a]}.{#C1=CCCC[$],#SN4a=CC(=O)O[$]}",1.035873652,0.928621113,0.901881516,,
n-heptamine,CCCCCCCN,"{[#C1][#N6d]}.{#C1=CCCC[$],#N6d=NCCC[$]}",0.905767798,0.620132327,0.655722201,,
n-hexylamine,CCCCCCN,"{[#C1][#SN6d]}.{#C1=CCCC[$],#SN6d=NCC[$]}",0.932982445,0.660106063,0.675858915,,
N-hydroxybenzenesulfonamide,ON[S](=O)(=O)c1ccccc1,"{[#P4][#TC5B]1[#TC5A][#TC5A]1}.{#P4=O=S(=O)(NO)[$],#TC5A=C(=C[$])[$],#TC5B=C(=C[$][$])[$]}",0.317850441,-0.070793465,0.441136658,,
N-octanol,CCCCCCCCO,"{[#SC2B][#SC2A][#SP1]}.{#SC2A=C(C[$])C[$],#SC2B=CCC[$],#SP1=OCC[$]}",0.69114393,0.438983947,0.668147564,,
n-octylamine,CCCCCCCCN,"{[#SC2B][#SC2A][#SN6d]}.{#SC2A=C(C[$])C[$],#SC2B=CCC[$],#SN6d=NCC[$]}",1.007504344,0.812154353,0.78538084,,
n-pentylamine,CCCCCN,"{[#SC2][#SN6d]}.{#SC2=CCC[$],#SN6d=NCC[$]}",0.869471073,0.525930464,0.576655328,,
n-propylamine,CCCN,{[#N6d]}.{#N6d=CCCN},0.565779984,-0.153191835,0.054362033,,
n4-dimethylbenzenesulfonamide,CN[S](=O)(=O)c1ccc(C)cc1,"{[#P4][#TC5B]1[#SC4][#TC5A]1}.{#P4=CNS(=O)(=O)[$],#SC4=CC(=C[$])[$],#TC5A=C(=C[$])[$],#TC5B=C(=C[$][$])[$]}",0.360972613,-0.034505133,0.438502192,,
Naphtalene,c1ccc2ccccc2c1,"{[#TC5B]1[#TC5B][#TC5e]12[#TC5A][#TC5A]2}.{#TC5A=C(=C[$])[$],#TC5B=C(C[$])[$],#TC5e=C(C[$][$])[$][$]}",1.209179521,1.446253419,1.366037488,,
naphthalen-1-amine,Nc1cccc2ccccc12,"{[#SN6d]1[#TC5A][#TC5e]12[#TC5B][#TC5B]2}.{#SN6d=NC(=C[$])[$],#TC5A=C(=C[$])[$],#TC5B=C(C[$])[$],#TC5e=C(C[$][$])[$][$]}",0.785442293,0.661756814,0.84551996,,
naphthalen-1-ol,Oc1cccc2ccccc12,"{[#SN6]1[#TC5A][#TC5e]12[#TC5B][#TC5B]2}.{#SN6=OC(=C[$])[$],#TC5A=C(=C[$])[$],#TC5B=C(C[$])[$],#TC5e=C(C[$][$])[$][$]}",0.849045634,0.766239405,0.906704128,,
naphthalen-2-amine,Nc1ccc2ccccc2c1,"{[#SN6d]1[#TC5B][#TC5e]12[#TC5A][#TC5A]2}.{#SN6d=NC(C[$])[$],#TC5A=C(=C[$])[$],#TC5B=C(C[$])[$],#TC5e=C(C[$][$])[$][$]}",0.646866083,0.40023756,0.668956637,,
naphthalen-2-ol,Oc1ccc2ccccc2c1,"{[#SN6]1[#TC5B][#TC5e]12[#TC5A][#TC5A]2}.{#SN6=OC(C[$])[$],#TC5A=C(=C[$])[$],#TC5B=C(C[$])[$],#TC5e=C(C[$][$])[$][$]}",0.708266199,0.493597955,0.718440711,,
Nitrobenzene,c1ccc(cc1)[N+](=O)[O-],"{[#TC5A]1[#TC5B][#TC5A]1([#SN3a])}.{#SN3a=O=[N+]([O-])[$],#TC5A=C(=C[$])[$],#TC5B=C(=C[$][$])[$]}",0.767726362,0.809520185,1.054319382,,
o-Xylene,Cc1c(C)cccc1,"{[#SC4]1[#SC4][#TC5]1}.{#SC4=CC(C[$])[$],#TC5=C(C[$])[$]}",1.23916471,1.446513295,1.332316875,,
octan-2-one,CCCCCCC(C)=O,"{[#C1][#N5a]}.{#C1=CCCC[$],#N5a=CC(=O)CC[$]}",0.97492218,0.759377897,0.754991829,,
octane,CCCCCCCC,{[#C1][#C1]}.{#C1=CCCC[$]},1.291982055,1.44561708,1.271190643,,
octene,CCCCCCC=C,"{[#C1][#C4]}.{#C1=CCCC[$],#C4=C=CCC[$]}",1.293955564,1.445551038,1.268864751,,
octyne,CCCCCCC#C,"{[#C1][#C6r]}.{#C1=CCCC[$],#C6r=C#CCC[$]}",0.153189272,-0.562584162,0.000160206,,
ortho-Methylanisole,COc1ccccc1C,"{[#TN2a][#TC5B]1[#TC5A][#SC4]1}.{#SC4=CC(=C[$])[$],#TC5A=C(=C[$])[$],#TC5B=C(=C[$][$])[$],#TN2a=CO[$]}",1.135021567,1.267287254,1.221730709,,
p-Cresol,Cc1ccc(O)cc1,"{[#TC4]1[#TC5B][#TN6][#TC5A]1}.{#TC4=CC[$][$],#TC5A=C(=C[$])[$],#TC5B=C(C[$])[$],#TN6=OC[$][$]}",0.853011906,0.766446114,0.902463794,,
p-Cymene,c1cc(ccc1C(C)C)C,"{[#TC5B]1[#SC4][#TC5A]1([#SC2])}.{#SC2=CC(C)[$],#SC4=CC(C[$])[$],#TC5A=C(C[$])[$],#TC5B=C(C[$][$])[$]}",1.239488363,1.446501255,1.331933856,,
p-Xylene,Cc1ccc(C)cc1,"{[#TC4]1[#TC5B][#TC4][#TC5A]1}.{#TC4=CC[$][$],#TC5A=C(=C[$])[$],#TC5B=C(C[$])[$]}",1.210822701,1.446181178,1.364078999,,
Para-benzoquinone,c1cc(=O)ccc1=O,"{[#TC5]1[#TN6a][#TC5][#TN6a]1}.{#TC5=C(=C[$])[$],#TN6a=O=C[$][$]}",0.015618582,-0.821934879,-0.174775958,,
Phenol,Oc1ccccc1,"{[#SN6]1[#TC5][#TC5]1}.{#SN6=OC(=C[$])[$],#TC5=C(=C[$])[$]}",0.236899927,-0.384303033,0.132743865,,
Piperazine,C1CN(C)CCN1CCCCC,"{[#TN6d]1[#SN1][#TC3A]1([#SC2][#TC3B])}.{#SC2=C(C[$])C[$],#SN1=CN(C[$])[$],#TC3A=C(C[$])[$],#TC3B=CC[$],#TN6d=C(N[$][$])[$]}",0.874835372,0.688487768,0.778134584,,
Piperidine,C1CCNCC1,"{[#SC3][#SN6d]}.{#SC3=C(C[$])C[$],#SN6d=C(NC[$])[$]}",0.38776201,-0.163881928,0.242876351,,
prop-2-en-1-ol,OCC=C,"{[#TP1d][#TC5]}.{#TC5=C=C[$],#TP1d=OC[$]}",0.081146285,-0.327860832,0.381695986,,
"propa-1,2-diene",[CH2]=[C]=[CH2],{[#SC5]}.{#SC5=C=C=C},1.224326849,1.446463346,1.34910357,,
propanal,CCC=O,{[#N6a]}.{#N6a=CCC=O},0.642235756,0.066132642,0.24759312,,
propanamide,CCC(N)=O,{[#P5]}.{#P5=CCC(N)=O},-0.668714821,-1.953728199,-0.842815876,,
propane,CCC,{[#SC2]}.{#SC2=CCC},1.259912252,1.446388721,1.308596015,,
propane-1-thiol,CCCS,"{[#TC3][#TC6]}.{#TC3=CC[$],#TC6=SC[$]}",1.193399429,1.445883274,1.383485198,,
Propane_branched,CC(C)CC(C)CC(C),"{[#SC2A][#SC2B][#SC2C]}.{#SC2A=CC(C)[$],#SC2B=CC(C[$])[$],#SC2C=CCC[$]}",1.261452913,1.446368337,1.306819081,,
Propaneamide,CCC(=O)N,{[#P5]}.{#P5=CCC(N)=O},-0.668714821,-1.953728199,-0.842815876,,
propanoic,CCC(O)=O,{[#P2]}.{#P2=CCC(=O)O},-0.668645561,-1.953400731,-0.842476606,,
propanone,CC(C)=O,{[#SN5a]}.{#SN5a=CC(C)=O},0.889548779,-0.060945202,-0.195533007,,
Propene,C=C-C,{[#SC4]}.{#SC4=C=CC},1.253626704,1.446459055,1.315823913,,
propionic acid,CCC(=O)O,{[#P2]}.{#P2=CCC(=O)O},-0.668645561,-1.953400731,-0.842476606,,
Propyl-benzene,CCCc1ccccc1,"{[#SC2][#TC5B]1[#TC5A][#TC5A]1}.{#SC2=CCC[$],#TC5A=C(=C[$])[$],#TC5B=C(=C[$][$])[$]}",1.228632808,1.446386456,1.3441149,,
Propyl-benzoate,CCCOC(=O)c1ccccc1,"{[#SC2][#SN4a][#TC5B]1[#TC5A][#TC5A]1}.{#SC2=CCC[$],#SN4a=O=C(O[$])[$],#TC5A=C(=C[$])[$],#TC5B=C(=C[$][$])[$]}",1.049777865,1.167058945,1.190554261,,
propyne,CC#C,{[#SC6r]}.{#SC6r=C#CC},1.206692457,1.446199536,1.368793368,,
Pyridazine,c1ccnnc1,"{[#TC5]1[#TC5][#TN1a]1}.{#TC5=C(C[$])[$],#TN1a=N(N[$])[$]}",0.720768988,0.599442124,0.839395165,,
"pyridazine, 3,6-dichloro-",Clc1ccc(Cl)nn1,"{[#TX3]1[#TC5][#TX3][#TN1a]1}.{#TC5=C(C[$])[$],#TN1a=N(=N[$])[$],#TX3=ClC[$][$]}",1.199973702,1.445869803,1.376001954,,
Pyridine,c1cccnc1,"{[#TC5]1[#TC5][#TN6a]1}.{#TC5=C(=C[$])[$],#TN6a=C(=N[$])[$]}",0.051715396,-0.717720985,-0.082697056,,
Pyrrole,[nH]1cccc1,"{[#TN6d]1[#TC5][#TC5]1}.{#TC5=C(=C[$])[$],#TN6d=N[$][$]}",0.492070675,0.086637422,0.444309771,,
Pyrrolidine,C1CCNC1,"{[#SC3][#TN6d]}.{#SC3=C(C[$])C[$],#TN6d=C(N[$])[$]}",0.222321719,-0.468286902,0.042059831,,
quinolin-8-ol,Oc1cccc2cccnc12,"{[#SN6]1[#TC5A][#TC5e]12[#TC5B][#TN6a]2}.{#SN6=OC(=C[$])[$],#TC5A=C(=C[$])[$],#TC5B=C(C[$])[$],#TC5e=C(C[$][$])[$][$],#TN6a=C(N[$])[$]}",0.398545235,-0.113212653,0.295330673,,
quinoline,c1ccc2ncccc2c1,"{[#TC5B]1[#TC5B][#TC5e]12[#TN6a][#TC5A]2}.{#TC5A=C(=C[$])[$],#TC5B=C(C[$])[$],#TC5e=C(C[$][$])[$][$],#TN6a=C(=N[$])[$]}",0.894711852,0.85507834,0.968282938,,
SC1_ester_SC1,CCCCC(=O)OCCCC,"{[#C1][#SN4a][#C1]}.{#C1=CCCC[$],#SN4a=O=C(O[$])[$]}",1.236465216,1.327454567,1.183355451,,
Squaramide,C1(=C(C(=O)C1=O)N(C))NCCC(N(CCCCC)CCCCC),"{[#TC5][#SP4]([#TN5])([#N5][#SN1][#C1]([#C1]))}.{#C1=CCCC[$],#N5=C(CN[$])C[$],#SN1=C(N(C[$])[$])[$],#SP4=O=C(C(=O)[$])[$],#TC5=C(=C[$][$])[$][$],#TN5=CN[$]}",0.614948392,0.237050995,0.496828973,,
Stigmasterol,CCC(C=CC(C)C1CCC2C1(CCC3C2CC=C4C3(CCC(C4)O)C)C)C(C)C,"{[#SC2B][#C4][#TC3B][#SC3]1[#TC3A][#TC5]12[#TC3A]=[#SC4]23[#TC3A][#SN6]3([#SC2A])}.{#C4=CC(C=C[$])[$],#SC2A=CC(C)[$],#SC2B=CCC[$][$],#SC3=CC(C(C[$])[$])[$][$],#SC4=CC(C[$][$])[$][$],#SN6=OC(C[$])[$],#TC3A=C(C[$])[$],#TC3B=C(C[$][$])[$],#TC5=C(C[$][$])[$][$]}",1.10792613,1.162846327,1.119139075,,
Styrene,c1ccccc1C=C,"{[#TC5A]1[#TC5A][#TC5B]1[#TC5C]}.{#TC5A=C(=C[$])[$],#TC5B=C(=C[$][$])[$],#TC5C=C=C[$]}",1.20170188,1.446071982,1.374297857,,
Succerose,O1[C@H](CO)[C@@H](O)[C@H](O)[C@@H](O)[C@H]1O[C@@]2(O[C@@H]([C@@H](O)[C@@H]2O)CO)CO,"{[#TN4a]1[#TP1]([#SP4A][#SP4B]1[#SN4a][#SP4A]([#TP1])([#TP1]))}.{#SN4a=O(C[$][$])C[$][$][$],#SP4A=OC(C(O)[$])[$],#SP4B=OC(C(O[$])[$])[$],#TN4a=O(C[$][$])[$],#TP1=OC[$]}",-0.709177792,-1.952820778,-0.795705914,,
t-butyl acetate,CC(=O)OC(C)(C)C,"{[#SN4a][#SC1]}.{#SC1=CC(C)(C)[$],#SN4a=CC(=O)O[$]}",0.967648804,0.938967824,0.992571712,,
tetrachloromethane,C(Cl)(Cl)(Cl)(Cl),{[#X1]}.{#X1=ClC(Cl)(Cl)Cl},1.22038579,1.446423531,1.353528261,,
Tetrahydrofuran,C1CCOC1,"{[#SC3][#TN4a]}.{#SC3=C(C[$])C[$],#TN4a=C(O[$])[$]}",0.513132989,0.085266918,0.418640465,,
Tetrahydropyran,O1CCCCC1,"{[#SN4a][#SC3]}.{#SC3=C(C[$])C[$],#SN4a=C(OC[$])[$]}",1.004828453,0.872824252,0.865889668,,
Tetrahydrothiophene,S1CCCC1,"{[#SC6][#TC3]}.{#SC6=C(SC[$])[$],#TC3=C(C[$])[$]}",1.214714766,1.446251154,1.359748125,,
Thiazole,n1ccsc1,"{[#TN6a]1[#TC5][#TC6]1}.{#TC5=C(=C[$])[$],#TC6=S[$][$],#TN6a=C(=N[$])[$]}",0.03449744,-0.678354621,-0.012876481,,
Thiophene,c1ccsc1,"{[#TC5]1[#TC5][#TC6]1}.{#TC5=C(=C[$])[$],#TC6=S[$][$]}",1.189612746,1.445784092,1.387658834,,
Thiophenol,Sc1ccccc1,"{[#SC6]1[#TC5][#TC5]1}.{#SC6=SC(=C[$])[$],#TC5=C(=C[$])[$]}",1.19233942,1.445849776,1.384646535,,
Threhalose,OC[C@@H]1[C@@H](O)[C@H](O)[C@@H](O)[C@H](O1)O[C@@H]2[C@H](O)[C@@H](O)[C@H](O)[C@H](O2)CO,"{[#TP1][#TN4a]1[#SP4A][#SP4B]1[#SN4a]2[#SP4A][#TN6]2([#TP1])}.{#SN4a=O(C[$][$])C[$][$],#SP4A=OC(C(O)[$])[$],#SP4B=OC(C(O[$])[$])[$],#TN4a=O(C[$][$])[$],#TN6=OC[$][$],#TP1=OC[$]}",-0.712844849,-1.951964736,-0.790448189,,
Toluene,Cc1ccccc1,"{[#SC4]1[#TC5][#TC5]1}.{#SC4=CC(=C[$])[$],#TC5=C(=C[$])[$]}",1.21374619,1.446287751,1.360895395,,
trichloroethylene,ClC=C(Cl)Cl,{[#X3h]}.{#X3h=ClC=C(Cl)Cl},1.235013008,1.44650805,1.337025166,,
trichloromethane,ClC(Cl)Cl,{[#X2]}.{#X2=ClC(Cl)Cl},1.220844626,1.446411133,1.3529917,,
trifluoroethanol,OCC(F)(F)(F),"{[#TP1d][#SX4e]}.{#SX4e=FC(F)(F)[$],#TP1d=OC[$]}",1.102155805,1.436923385,1.475664496,,
triglyme,COCCOCCOCCOC,"{[#N3r][#P4][#N3r]}.{#N3r=COCC[$],#P4=C(CO[$])O[$]}",-0.728018045,-1.952284575,-0.773625016,,
trimethylamine,CN(C)C,{[#SN3a]}.{#SN3a=CN(C)C},0.774591386,0.391375333,0.512590051,,
Triple_amine_0_0_0,CN(C)CCCN(C)CCCN(C)(C),"{[#SN1][#SC2][#TN3a][#SC2][#SN1]}.{#SC2=C(C[$])C[$],#SN1=CN(C)[$],#TN3a=CN[$][$]}",1.088669538,1.027215838,0.967821419,,
vinylchloride,ClC=C,{[#SX3]}.{#SX3=C=CCl},1.19028759,1.44579792,1.386910319,,
C(=CI)Br,C(=CI)Br,"{[#SX2]=[#SX1]}.{#SX1=IC[$],#SX2=BrC[$]}",1.225610852,1.446469188,1.347652793,,2.1
C(C(CBr)Cl)Cl,C(C(CBr)Cl)Cl,"{[#TX3A][#TX3B][#SX2]}.{#SX2=BrC[$],#TX3A=ClC[$],#TX3B=ClC[$][$]}",1.198242188,1.445995212,1.378128767,,2.2
C(C(CBr)I)Cl,C(C(CBr)I)Cl,"{[#TX3][#SX1][#SX2]}.{#SX1=IC[$][$],#SX2=BrC[$],#TX3=ClC[$]}",1.222405791,1.446431518,1.351244807,,2.6
C(C(CBr)S)Br,C(C(CBr)S)Br,"{[#SX2][#TC6][#SX2]}.{#SX2=BrC[$],#TC6=SC[$][$]}",1.185509086,1.445251584,1.391639352,,2.1
C(C(CCl)Br)F,C(C(CCl)Br)F,"{[#TX4e][#SX2][#TX3]}.{#SX2=BrC[$][$],#TX3=ClC[$],#TX4e=FC[$]}",1.209464312,1.446184874,1.365626454,,2
C(C(CCl)CCl)N,C(C(CCl)CCl)N,"{[#TN6d][#SX3][#TX3]}.{#SX3=ClCC[$][$],#TN6d=NC[$],#TX3=ClC[$]}",0.756552458,0.595032156,0.793126941,,0.7
C(C(CCl)N)F,C(C(CCl)N)F,"{[#TX4e][#TN6d][#TX3]}.{#TN6d=NC[$][$],#TX3=ClC[$],#TX4e=FC[$]}",0.594535649,0.399602771,0.727574706,,0.3
C(C(CCl)O)Cl,C(C(CCl)O)Cl,"{[#TX3][#TP1d][#TX3]}.{#TP1d=OC[$][$],#TX3=ClC[$]}",0.571941078,0.566690803,0.966590405,,0.8
C(C(CCl)O)F,C(C(CCl)O)F,"{[#TX4e][#TP1d][#TX3]}.{#TP1d=OC[$][$],#TX3=ClC[$],#TX4e=FC[$]}",0.750501335,0.866966546,1.147234797,,0.5
C(C(CCl)S)Cl,C(C(CCl)S)Cl,"{[#TX3][#TC6][#TX3]}.{#TC6=SC[$][$],#TX3=ClC[$]}",1.16904211,1.444887042,1.409874082,,1.8
C(C(CF)Cl)F,C(C(CF)Cl)F,"{[#TX4e][#TX3][#TX4e]}.{#TX3=ClC[$][$],#TX4e=FC[$]}",1.184280753,1.44551456,1.393370152,,1.6
C(C(CI)Br)O,C(C(CI)Br)O,"{[#TP1][#SX2][#SX1]}.{#SX1=IC[$],#SX2=BrC[$][$],#TP1=OC[$]}",1.208768845,1.446104884,1.366314292,,1.5
C(C(CN)CS)N,C(C(CN)CS)N,"{[#TN6d][#SN6d][#TC6]}.{#SN6d=NCC[$][$],#TC6=SC[$],#TN6d=NC[$]}",0.449415803,-0.188077256,0.141964719,,-1.1
C(C(CN)O)N,C(C(CN)O)N,"{[#TN6d][#TP1d][#TN6d]}.{#TN6d=NC[$],#TP1d=OC[$][$]}",-0.505886793,-1.793881774,-0.823621273,,-2.3
C(C(CO)Br)N,C(C(CO)Br)N,"{[#TN6d][#SX2][#TP1d]}.{#SX2=BrC[$][$],#TN6d=NC[$],#TP1d=OC[$]}",0.3751342,-0.016187225,0.44581002,,-0.6
C(C(CO)N)N,C(C(CO)N)N,"{[#TN6dA][#TN6dB][#TP1d]}.{#TN6dA=NC[$],#TN6dB=NC[$][$],#TP1d=OC[$]}",-0.271662235,-1.31784296,-0.481757581,,-2.3
C(C(CS)CS)S,C(C(CS)CS)S,"{[#TC6][#SC6][#TC6]}.{#SC6=SCC[$][$],#TC6=SC[$]}",1.169810772,1.444524646,1.408538818,,1.3
C(C(CS)O)F,C(C(CS)O)F,"{[#TX4e][#TP1d][#TC6]}.{#TC6=SC[$],#TP1d=OC[$][$],#TX4e=FC[$]}",0.55256331,0.393730313,0.767741621,,0.2
C(C(CS)S)O,C(C(CS)S)O,"{[#TP1][#TC6B][#TC6A]}.{#TC6A=SC[$],#TC6B=SC[$][$],#TP1=OC[$]}",-0.026303837,-0.740462363,-0.023133874,,0.2
C(C(F)(F)F)F,C(C(F)(F)F)F,"{[#TX4e][#SX4e]}.{#SX4e=FC(F)(F)[$],#TX4e=FC[$]}",1.185996294,1.445420265,1.391301274,,1.7
C(C(F)(F)F)N,C(C(F)(F)F)N,"{[#TN6d][#SX4e]}.{#SX4e=FC(F)(F)[$],#TN6d=NC[$]}",0.945168674,1.105184793,1.230345249,,0.2
C(C(F)(F)F)O,C(C(F)(F)F)O,"{[#TP1d][#SX4e]}.{#SX4e=FC(F)(F)[$],#TP1d=OC[$]}",1.102155805,1.436923385,1.475664496,,0.4
C(C=CBr)N,C(C=CBr)N,"{[#TN6d][#SX1]}.{#SX1=BrC=C[$],#TN6d=NC[$]}",1.083599806,1.137036681,1.11380899,,0.3
C(C=CCI)I,C(C=CCI)I,{[#X1]=[#X1]}.{#X1=ICC[$]},1.242439151,1.446509957,1.328594089,,3
C(CBr)C(Cl)Cl,C(CBr)C(Cl)Cl,"{[#X2][#SX3h]}.{#SX3h=ClC(Cl)[$],#X2=BrCC[$]}",1.232455254,1.446493864,1.339911699,,2.7
C(CBr)C=N,C(CBr)C=N,"{[#X2][#TN2]}.{#TN2=N=C[$],#X2=BrCC[$]}",1.244540691,1.44637537,1.32603538,,0.5
C(CBr)NCCI,C(CBr)NCCI,"{[#TN6d][#SX2]([#X1])}.{#SX2=BrC[$],#TN6d=C(N[$])[$],#X1=ICC[$]}",0.93014884,0.878819406,0.958354831,,1.7
C(CC(Cl)Cl)CF,C(CC(Cl)Cl)CF,"{[#X4e][#SX3h]}.{#SX3h=ClC(Cl)[$],#X4e=FCCC[$]}",1.232853055,1.446461678,1.33941865,,2.6
C(CC(Cl)Cl)CO,C(CC(Cl)Cl)CO,"{[#P1][#SX3h]}.{#P1=OCCC[$],#SX3h=ClC(Cl)[$]}",0.786020994,0.534926593,0.68291223,,1.6
C(CC(F)F)CI,C(CC(F)F)CI,"{[#X1][#TX4]}.{#TX4=FC(F)[$],#X1=ICCC[$]}",1.221393585,1.446424842,1.352385521,,3.1
C(CC(O)O)CI,C(CC(O)O)CI,"{[#X1][#P4]}.{#P4=OC(O)[$],#X1=ICCC[$]}",0.028703652,-0.678252995,-0.006166965,,1
C(CC=O)CBr,C(CC=O)CBr,"{[#X2][#SN4a]}.{#SN4a=O=CC[$],#X2=BrCC[$]}",1.245976925,1.446018219,1.323948145,,0.8
C(CC=O)CO,C(CC=O)CO,"{[#SP1][#SN4a]}.{#SN4a=O=CC[$],#SP1=OCC[$]}",-0.220041916,-1.224812388,-0.421587735,,-0.7
C(CCBr)CBr,C(CCBr)CBr,{[#X2][#X2]}.{#X2=BrCC[$]},1.23707068,1.446504354,1.334683537,,2.5
C(CCCBr)CCO,C(CCCBr)CCO,"{[#P1][#X2]}.{#P1=OCCC[$],#X2=BrCCC[$]}",0.987168789,0.806189239,0.800857902,,1.7
C(CCCCl)CCO,C(CCCCl)CCO,"{[#P1][#X3]}.{#P1=OCCC[$],#X3=ClCCC[$]}",0.854769468,0.630714297,0.727150619,,1.6
C(CCCl)CO,C(CCCl)CO,"{[#SP1][#SX3]}.{#SP1=OCC[$],#SX3=ClCC[$]}",0.664990246,0.54018563,0.827075183,,0.8
C(CCCS)CCN,C(CCCS)CCN,"{[#N6d][#TC3][#TC6]}.{#N6d=NCCC[$],#TC3=C(C[$])[$],#TC6=SC[$]}",0.993831992,0.359349906,0.222717538,,1
C(CCF)CF,C(CCF)CF,{[#SX4e][#SX4e]}.{#SX4e=FCC[$]},1.219257116,1.446378112,1.354752302,,1.6
C(CCI)CBr,C(CCI)CBr,"{[#X2][#X1]}.{#X1=ICC[$],#X2=BrCC[$]}",1.240269661,1.446511149,1.331059217,,3
C(CCl)CBr,C(CCl)CBr,"{[#SX3][#SX2]}.{#SX2=BrC[$],#SX3=ClCC[$]}",1.219249368,1.44638896,1.354774952,,1.9
C(CCl)CCl,C(CCl)CCl,"{[#SX3][#TX3]}.{#SX3=ClCC[$],#TX3=ClC[$]}",1.200619221,1.446060181,1.375511765,,2
C(CCN)CCS,C(CCN)CCS,"{[#N6d][#SC6]}.{#N6d=NCCC[$],#SC6=SCC[$]}",0.686582625,0.425496161,0.656105697,,0.6
C(CCO)CCBr,C(CCO)CCBr,"{[#P1][#X2]}.{#P1=OCCC[$],#X2=BrCC[$]}",0.942451715,0.699679613,0.715637565,,1.4
C(CCO)CN,C(CCO)CN,"{[#SN6d][#SP1]}.{#SN6d=NCC[$],#SP1=OCC[$]}",0.278541505,-0.356112719,0.121450648,,-1.1
C(CCS)CS,C(CCS)CS,{[#SC6][#SC6]}.{#SC6=SCC[$]},1.200027943,1.446059704,1.376183152,,1.5
C(CF)NCCI,C(CF)NCCI,"{[#TN6d][#TX4e]([#X1])}.{#TN6d=C(N[$])[$],#TX4e=FC[$],#X1=ICC[$]}",0.628117144,0.317053378,0.584029853,,1.2
C(CI)CI,C(CI)CI,"{[#X1][#SX1]}.{#SX1=IC[$],#X1=ICC[$]}",1.236759663,1.446515441,1.335050702,,3
C(CI)I,C(CI)I,{[#SX1][#SX1]}.{#SX1=IC[$]},1.229732156,1.446498752,1.343010068,,2.7
C(CI)S,C(CI)S,"{[#TC6][#SX1]}.{#SX1=IC[$],#TC6=SC[$]}",1.20559597,1.445768595,1.369488001,,1.6
C(CN)CBr,C(CN)CBr,"{[#SN6d][#SX2]}.{#SN6d=NCC[$],#SX2=BrC[$]}",0.620732963,0.403911531,0.703325927,,0.4
C(CN)CCl,C(CN)CCl,"{[#SN6d][#TX3]}.{#SN6d=NCC[$],#TX3=ClC[$]}",0.574445724,0.129897699,0.406000465,,0.2
C(CNCCBr)N,C(CNCCBr)N,"{[#SN6d][#TN6d][#SX2]}.{#SN6d=NCC[$],#SX2=BrC[$],#TN6d=C(N[$])[$]}",0.437676549,-0.064599171,0.312966555,,-0.4
C(CO)NCCO,C(CO)NCCO,"{[#TN6d][#TP1d]([#SP1])}.{#SP1=OCC[$],#TN6d=C(N[$])[$],#TP1d=OC[$]}",-0.494713634,-1.61361289,-0.606122434,,-1.4
C(COCCBr)N,C(COCCBr)N,"{[#SN6d][#TP1d][#SX2]}.{#SN6d=NCC[$],#SX2=BrC[$],#TP1d=C(O[$])[$]}",0.190902427,-0.35386467,0.223847568,,-0.1
C(COCCF)N,C(COCCF)N,"{[#SN6d][#TP1d][#TX4e]}.{#SN6d=NCC[$],#TP1d=C(O[$])[$],#TX4e=FC[$]}",0.053234108,-0.554035783,0.12458922,,-0.5
C(COCCN)N,C(COCCN)N,"{[#SN6d][#TP1d][#TN6d]}.{#SN6d=NCC[$],#TN6d=NC[$],#TP1d=C(O[$])[$]}",-0.420414686,-1.622160316,-0.701413691,,-1.8
C(COCCO)O,C(COCCO)O,"{[#SP1][#P4]}.{#P4=OCCO[$],#SP1=OCC[$]}",-0.317377716,-1.158864975,-0.22684069,,-1.3
C(COCN)CS,C(COCN)CS,"{[#SC6][#TP1d][#TN6d]}.{#SC6=SCC[$],#TN6d=NC[$],#TP1d=C(O[$])[$]}",0.135379732,-0.442976356,0.173114121,,-0.1
C(CS)CBr,C(CS)CBr,"{[#SC6][#SX2]}.{#SC6=SCC[$],#SX2=BrC[$]}",1.219382167,1.446166158,1.354339719,,1.6
C(CS)OC=O,C(CS)OC=O,"{[#SC6][#SN4a]}.{#SC6=SCC[$],#SN4a=O=CO[$]}",0.713817894,0.604998529,0.854384661,,0.4
C(CS)OCO,C(CS)OCO,"{[#SC6][#SP2]}.{#SC6=SCC[$],#SP2=OCO[$]}",0.11830993,-0.498872459,0.121125065,,-0.2
C(CSCCCl)N,C(CSCCCl)N,"{[#SN6d][#TC6][#TX3]}.{#SN6d=NCC[$],#TC6=C(S[$])[$],#TX3=ClC[$]}",0.210852981,-0.354168773,0.200802371,,0.5
C(CSCCN)N,C(CSCCN)N,"{[#SN6d][#TC6][#TN6d]}.{#SN6d=NCC[$],#TC6=C(S[$])[$],#TN6d=NC[$]}",-0.345529795,-1.417349815,-0.524931669,,-1
C(F)(Cl)(Cl)Br,C(F)(Cl)(Cl)Br,{[#X1]}.{#X1=FC(Cl)(Cl)Br},1.203086495,1.446029067,1.372670531,,2.7
C(I)I,C(I)I,{[#X2]}.{#X2=ICI},1.225453377,1.44644475,1.347800612,,2.3
C(NC=O)Cl,C(NC=O)Cl,"{[#TX3][#SP3]}.{#SP3=O=CN[$],#TX3=ClC[$]}",-0.270953327,-0.853181839,0.110767998,,0.2
C(O)OCOCO,C(O)OCOCO,"{[#P2][#SP2]}.{#P2=OCOC[$],#SP2=OCO[$]}",0.002484393,-0.586650252,0.140576974,,-1.1
C(O)OCS,C(O)OCS,"{[#SP2][#TC6]}.{#SP2=OCO[$],#TC6=SC[$]}",-0.204642043,-0.855617344,0.032351851,,-0.1
C(O)OOC=O,C(O)OOC=O,"{[#SP2][#SN4a]}.{#SN4a=O=CO[$],#SP2=OCO[$]}",-0.50400269,-1.40125823,-0.324415445,,-0.4
C(P)(P)(Cl)Cl,C(P)(P)(Cl)Cl,{[#X1]}.{#X1=PC(P)(Cl)Cl},1.23984468,1.446479321,1.331501126,,0.9
C1=CN=NC=N1,C1=CN=NC=N1,"{[#TC5]1[#TN1a][#TN6a]1}.{#TC5=C(=C[$])[$],#TN1a=N(=N[$])[$],#TN6a=C(=N[$])[$]}",-0.105258361,-1.229162931,-0.557496428,,-0.8
C1C(CO1)Cl,C1C(CO1)Cl,"{[#SN4a][#TX3]}.{#SN4a=C(OC[$])[$],#TX3=ClC[$][$]}",0.756597996,0.599060595,0.798219502,,0.5
C1CC1CCN,C1CC1CCN,"{[#SC3][#SN6d]}.{#SC3=C1CC1[$],#SN6d=NCC[$]}",0.273526818,-0.353291333,0.130748138,,0.8
C1CC1CS,C1CC1CS,"{[#SC3][#TC6]}.{#SC3=C1CC1[$],#TC6=SC[$]}",1.210127115,1.446237087,1.364940643,,1.3
C1CCNNC1,C1CCNNC1,"{[#SC3A][#SC3B]}.{#SC3A=C(C[$])C[$],#SC3B=C(NN[$])[$]}",1.269146442,1.446165562,1.297824264,,0
C1CNSSC1,C1CNSSC1,"{[#TC3]1[#TN6d][#TC6]1}.{#TC3=C(C[$])[$],#TC6=S(S[$])[$],#TN6d=C(N[$])[$]}",0.212692261,-0.382865101,0.162071317,,0.8
C1COC1Br,C1COC1Br,"{[#SX2][#TN4a]}.{#SX2=BrC(C[$])[$],#TN4a=C(O[$])[$]}",1.210252166,1.445334554,1.36364615,,1.1
C1CONCO1,C1CONCO1,"{[#SN3aA][#SN3aB]}.{#SN3aA=C(OC[$])[$],#SN3aB=C(ON[$])[$]}",0.231997684,-0.353544563,0.177587062,,-0.4
C1CSSS1,C1CSSS1,"{[#TC3]1[#TC6A][#TC6B]1}.{#TC3=C(C[$])[$],#TC6A=S(S[$])[$],#TC6B=S[$][$]}",1.173034906,1.445090413,1.405599833,,1.1
C1NNCNN1,C1NNCNN1,{[#SC3][#SC3]}.{#SC3=C(NN[$])[$]},1.255072236,1.446390867,1.314095259,,-1.1
C1OOOOO1,C1OOOOO1,"{[#SC3A][#SC3B]}.{#SC3A=C(OO[$])[$],#SC3B=O(O[$])O[$]}",1.227601647,1.446116924,1.344942331,,0.1
C=CCCC=C,C=CCCC=C,{[#SC4][#SC4]}.{#SC4=C=CC[$]},1.243616104,1.446527839,1.327280045,,2.9
C=CCCCl,C=CCCCl,"{[#SC4][#TX3]}.{#SC4=C=CC[$],#TX3=ClC[$]}",1.221084714,1.446282029,1.352554202,,1.9
C=CCCCN,C=CCCCN,"{[#SC4][#SN6d]}.{#SC4=C=CC[$],#SN6d=NCC[$]}",0.277350247,-0.35159722,0.128569245,,0.7
C=CCCCO,C=CCCCO,"{[#SC4][#SP1]}.{#SC4=C=CC[$],#SP1=OCC[$]}",0.287623852,-0.253656566,0.241963446,,1
C=CCI,C=CCI,"{[#TC5][#SX1]}.{#SX1=IC[$],#TC5=C=C[$]}",1.216374636,1.446216822,1.357819319,,2.1
C=CNCCN,C=CNCCN,"{[#SN5][#SN6d]}.{#SN5=C=CN[$],#SN6d=NCC[$]}",0.273005038,-0.472494781,-0.020871364,,-0.1
C=NCCCCl,C=NCCCCl,"{[#SN1a][#SX3]}.{#SN1a=C=NC[$],#SX3=ClCC[$]}",1.070651889,1.202675104,1.212327838,,2.3
C=NCCCN,C=NCCCN,"{[#SN1a][#SN6d]}.{#SN1a=C=NC[$],#SN6d=NCC[$]}",0.557411551,-0.053043671,0.191745698,,0.8
C[C@H]([C@@H](C)Cl)Cl,C[C@H]([C@@H](C)Cl)Cl,{[#SX3][#SX3]}.{#SX3=CC(Cl)[$]},1.214708328,1.446348786,1.359880567,,2.3
CC(C(C)O)O,CC(C(C)O)O,{[#SP1][#SP1]}.{#SP1=CC(O)[$]},-0.935855091,-1.908256292,-0.48137629,,-0.9
CC(C(F)Cl)Cl,CC(C(F)Cl)Cl,"{[#SX3][#SX4]}.{#SX3=CC(Cl)[$],#SX4=FC(Cl)[$]}",1.214576244,1.44628942,1.359954596,,2.3
CC(C(F)F)Cl,CC(C(F)F)Cl,"{[#SX3][#TX4]}.{#SX3=CC(Cl)[$],#TX4=FC(F)[$]}",1.193184733,1.445869446,1.383711696,,2.1
CC(C(F)F)F,CC(C(F)F)F,"{[#SX4e][#TX4]}.{#SX4e=CC(F)[$],#TX4=FC(F)[$]}",1.196108341,1.445874333,1.380397558,,1.9
CC(C(F)F)O,CC(C(F)F)O,"{[#SP1][#TX4]}.{#SP1=CC(O)[$],#TX4=FC(F)[$]}",-0.096521445,-0.819516242,-0.044336855,,0.8
CC(C(O)O)N,CC(C(O)O)N,"{[#SN6d][#P4]}.{#P4=OC(O)[$],#SN6d=CC(N)[$]}",-0.546638429,-1.727507949,-0.692587674,,-1.5
CC(C)C(C)N,CC(C)C(C)N,"{[#SC2][#SN6d]}.{#SC2=CC(C)[$],#SN6d=CC(N)[$]}",0.87002784,0.525942326,0.576038182,,1
CC(C)C(C)O,CC(C)C(C)O,"{[#SC2][#SP1]}.{#SC2=CC(C)[$],#SP1=CC(O)[$]}",0.406583041,-0.064687021,0.348165125,,1.3
CC(C)C(I)I,CC(C)C(I)I,"{[#SC2][#X2]}.{#SC2=CC(C)[$],#X2=IC(I)[$]}",1.243167877,1.446479082,1.327726722,,3.3
CC(C)CCCBr,CC(C)CCCBr,"{[#SC2][#X2]}.{#SC2=CC(C)[$],#X2=BrCCC[$]}",1.247098327,1.446460962,1.323239684,,3
CC(C)COOC,CC(C)COOC,"{[#SC2][#TP1dA][#TP1dB]}.{#SC2=CC(C)[$],#TP1dA=C(O[$])[$],#TP1dB=CO[$]}",0.329623312,-0.164126694,0.308588743,,1.5
CC(C)CSCO,CC(C)CSCO,"{[#SC2][#TC6][#TP1d]}.{#SC2=CC(C)[$],#TC6=C(S[$])[$],#TP1d=OC[$]}",0.727767467,0.551651776,0.77042371,,1.6
CC(C)CSSC,CC(C)CSSC,"{[#SC2][#TC6A][#TC6B]}.{#SC2=CC(C)[$],#TC6A=C(S[$])[$],#TC6B=CS[$]}",1.20758152,1.446048617,1.367590547,,2.2
CC(C)NCCBr,CC(C)NCCBr,"{[#SC2][#TN6d][#SX2]}.{#SC2=CC(C)[$],#SX2=BrC[$],#TN6d=C(N[$])[$]}",0.866602659,0.729464829,0.839807987,,1.4
CC(C)OCCS,CC(C)OCCS,"{[#SC2][#TP1d][#TC6]}.{#SC2=CC(C)[$],#TC6=SC[$],#TP1d=C(O[$])[$]}",0.712636828,0.551367283,0.787243545,,1.2
CC(C)SCCN,CC(C)SCCN,"{[#SC2][#TC6][#TN6d]}.{#SC2=CC(C)[$],#TC6=C(S[$])[$],#TN6d=NC[$]}",0.663705528,0.426405251,0.683246493,,0.7
CC(C)SCOC,CC(C)SCOC,"{[#SC2][#TC6][#TP1d]}.{#SC2=CC(C)[$],#TC6=C(S[$])[$],#TP1d=CO[$]}",0.70972532,0.550674379,0.789665103,,1.6
CC(CCCBr)F,CC(CCCBr)F,"{[#SX4e][#X2]}.{#SX4e=CC(F)[$],#X2=BrCCC[$]}",1.230471492,1.446470976,1.34213531,,2.5
CC(CCCI)Br,CC(CCCI)Br,"{[#X2][#X1]}.{#X1=ICCC[$],#X2=CC(Br)[$]}",1.242320061,1.446505547,1.32872355,,3.4
CC(CCCl)Cl,CC(CCCl)Cl,"{[#SX3A][#SX3B]}.{#SX3A=CC(Cl)[$],#SX3B=ClCC[$]}",1.214737892,1.446349382,1.359847903,,2.2
CC(CCCl)N,CC(CCCl)N,"{[#SN6d][#SX3]}.{#SN6d=CC(N)[$],#SX3=ClCC[$]}",0.638287246,0.38376981,0.657671332,,0.7
CC(CCCO)N,CC(CCCO)N,"{[#SN6d][#P1]}.{#P1=OCCC[$],#SN6d=CC(N)[$]}",0.356694132,-0.257006466,0.159246638,,-0.3
CC(CCCO)O,CC(CCCO)O,"{[#SP1][#P1]}.{#P1=OCCC[$],#SP1=CC(O)[$]}",0.174697846,-0.214585021,0.420097739,,0
CC(CCCS)N,CC(CCCS)N,"{[#SN6d][#TC3][#TC6]}.{#SN6d=CC(N)[$],#TC3=C(C[$])[$],#TC6=SC[$]}",0.307871342,-0.253823489,0.218756527,,0.7
CC(CCF)CBr,CC(CCF)CBr,"{[#X2][#SX4e]}.{#SX4e=FCC[$],#X2=CC(CBr)[$]}",1.230508685,1.446471214,1.342093468,,2.5
CC(CCF)NC,CC(CCF)NC,"{[#N5][#SX4e]}.{#N5=CNC(C)[$],#SX4e=FCC[$]}",1.255194664,1.446179867,1.313686728,,0.9
CC(CCNC)Cl,CC(CCNC)Cl,"{[#SX3][#N5]}.{#N5=CNCC[$],#SX3=CC(Cl)[$]}",0.743197083,0.551755726,0.753033996,,1.2
CC(CF)CF,CC(CF)CF,"{[#X4e][#TX4e]}.{#TX4e=FC[$],#X4e=CC(CF)[$]}",1.213905573,1.446257949,1.36067605,,1.7
CC(CNN)N,CC(CNN)N,"{[#SN6d][#P5d]}.{#P5d=NNC[$],#SN6d=CC(N)[$]}",0.038879115,-0.756441891,-0.117562808,,-1.5
CC(CO)CBr,CC(CO)CBr,"{[#P1][#SX2]}.{#P1=CC(CO)[$],#SX2=BrC[$]}",0.788980603,0.538326323,0.683892071,,1.1
CC(CO)OCO,CC(CO)OCO,"{[#P1][#SP2]}.{#P1=CC(CO)[$],#SP2=OCO[$]}",0.14916636,-0.363147736,0.259391457,,-0.8
CC(COC)CF,CC(COC)CF,"{[#X4e][#SN3r]}.{#SN3r=COC[$],#X4e=CC(CF)[$]}",1.254086852,1.445513964,1.314094663,,1.2
CC(COC)NC,CC(COC)NC,"{[#N5][#SN3r]}.{#N5=CNC(C)[$],#SN3r=COC[$]}",0.573871911,0.086076483,0.350696355,,0.1
CC(COC)SC,CC(COC)SC,"{[#TC3][#SN3r]([#TC6])}.{#SN3r=COC[$],#TC3=CC[$][$],#TC6=CS[$]}",0.24269554,-0.33462745,0.189593509,,1.2
CC(COCO)O,CC(COCO)O,"{[#SP1][#P2]}.{#P2=OCOC[$],#SP1=CC(O)[$]}",0.202278495,-0.353052408,0.211966604,,-0.8
CC(CS)CBr,CC(CS)CBr,"{[#TC3][#TC6]([#SX2])}.{#SX2=BrC[$],#TC3=CC[$][$],#TC6=SC[$]}",1.205966949,1.44591856,1.369258642,,2.1
CC(NC)SC,CC(NC)SC,"{[#N5][#TC6]}.{#N5=CNC(C)[$],#TC6=CS[$]}",1.072497845,0.105442025,-0.190836221,,1
CC1CCC1C,CC1CCC1C,"{[#TC4]1[#TC3][#TC4]1}.{#TC3=C(C[$])[$],#TC4=CC[$][$]}",1.221555233,1.446387887,1.352154732,,2.7
CC1COOC1,CC1COOC1,"{[#TC4]1[#TN4a][#TN4a]1}.{#TC4=CC[$][$],#TN4a=C(O[$])[$]}",0.729863107,0.473864883,0.668717265,,0.7
CC=CCCBr,CC=CCCBr,"{[#SC4][#X2]}.{#SC4=CC=C[$],#X2=BrCC[$]}",1.234913945,1.446426868,1.337033987,,2.3
CC=CCCl,CC=CCCl,"{[#SC4][#TX3]}.{#SC4=CC=C[$],#TX3=ClC[$]}",1.221005321,1.446281314,1.352643013,,1.7
CC=CCCS,CC=CCCS,"{[#SC4][#SC6]}.{#SC4=CC=C[$],#SC6=SCC[$]}",1.223438025,1.446415186,1.350051403,,1.9
CCC(C)C(C)C,CCC(C)C(C)C,"{[#C1][#SC2]}.{#C1=CCC(C)[$],#SC2=CC(C)[$]}",1.283154249,1.445815206,1.281469464,,3.4
CCC(C)CCF,CCC(C)CCF,"{[#C1][#SX4e]}.{#C1=CCC(C)[$],#SX4e=FCC[$]}",1.245559573,1.446391821,1.324900031,,2.8
CCC(C)CN,CCC(C)CN,"{[#C1][#TN6d]}.{#C1=CCC(C)[$],#TN6d=NC[$]}",0.710844517,0.064130418,0.16712153,,1
CCC(C)COC,CCC(C)COC,"{[#C1][#SN3r]}.{#C1=CCC(C)[$],#SN3r=COC[$]}",0.982570767,0.618999124,0.567055047,,1.8
CCC(C)OCO,CCC(C)OCO,"{[#C1][#SP2]}.{#C1=CCC(C)[$],#SP2=OCO[$]}",0.335273206,-0.341445714,0.075752042,,0.8
CCC(C)SC,CCC(C)SC,"{[#C1][#TC6]}.{#C1=CCC(C)[$],#TC6=CS[$]}",1.253680587,1.446456075,1.315759182,,2.2
CCC(CBr)NC,CCC(CBr)NC,"{[#SC2][#SX2]([#TN5])}.{#SC2=CCC[$][$],#SX2=BrC[$],#TN5=CN[$]}",1.231886268,1.44634378,1.340366244,,1.5
CCC(CC)CCl,CCC(CC)CCl,"{[#SC2][#TC3]([#TX3])}.{#SC2=CCC[$][$],#TC3=CC[$],#TX3=ClC[$]}",1.24137795,1.446207881,1.329413295,,2.9
CCC(CC)S,CCC(CC)S,"{[#TC3][#TC6][#TC3]}.{#TC3=CC[$],#TC6=SC[$][$]}",1.203044534,1.446037531,1.372728944,,2.4
CCC(CC)SCC,CCC(CC)SCC,"{[#SC2][#TC3]([#SC6])}.{#SC2=CCC[$][$],#SC6=CCS[$],#TC3=CC[$]}",1.242601633,1.446376801,1.328238964,,3.1
CCC(CCCl)Br,CCC(CCCl)Br,"{[#X2][#SX3]}.{#SX3=ClCC[$],#X2=CCC(Br)[$]}",1.231013536,1.446488023,1.341541171,,2.9
CCC(CCCl)N,CCC(CCCl)N,"{[#N6d][#SX3]}.{#N6d=CCC(N)[$],#SX3=ClCC[$]}",0.649603665,0.371238083,0.628817916,,1.2
CCC(CCl)NC,CCC(CCl)NC,"{[#SC2][#TX3]([#TN5])}.{#SC2=CCC[$][$],#TN5=CN[$],#TX3=ClC[$]}",0.873007655,0.798798978,0.921067357,,1.3
CCC(CCl)OC,CCC(CCl)OC,"{[#SC2][#TX3]([#TN3r])}.{#SC2=CCC[$][$],#TN3r=CO[$],#TX3=ClC[$]}",0.945198894,0.937134445,1.015725851,,1.6
CCC(CCN)S,CCC(CCN)S,"{[#TC3][#TC6][#SN6d]}.{#SN6d=NCC[$],#TC3=CC[$],#TC6=SC[$][$]}",0.377902985,-0.083676293,0.35648793,,0.9
CCC(CCS)Cl,CCC(CCS)Cl,"{[#X3][#SC6]}.{#SC6=SCC[$],#X3=CCC(Cl)[$]}",1.228322864,1.446437597,1.344532609,,2.4
CCC(CCS)S,CCC(CCS)S,"{[#TC3][#TC6][#SC6]}.{#SC6=SCC[$],#TC3=CC[$],#TC6=SC[$][$]}",1.188427448,1.445649862,1.388833523,,2.1
CCC(CF)Cl,CCC(CF)Cl,"{[#X3][#TX4e]}.{#TX4e=FC[$],#X3=CCC(Cl)[$]}",1.215690494,1.446343541,1.358758688,,2.1
CCC(CF)O,CCC(CF)O,"{[#P1][#TX4e]}.{#P1=CCC(O)[$],#TX4e=FC[$]}",0.628552139,0.31030795,0.57492286,,0.8
CCC(CN)CO,CCC(CN)CO,"{[#SC2][#TN6d]([#TP1])}.{#SC2=CCC[$][$],#TN6d=NC[$],#TP1=OC[$]}",0.243662179,-0.40696305,0.096129678,,-0.2
CCC(CN)O,CCC(CN)O,"{[#P1][#TN6d]}.{#P1=CCC(O)[$],#TN6d=NC[$]}",0.301189959,-0.358780622,0.092323333,,-0.4
CCC(CO)Br,CCC(CO)Br,"{[#X2][#TP1]}.{#TP1=OC[$],#X2=CCC(Br)[$]}",-0.068620905,-0.818508387,-0.074734785,,1.3
CCC(CO)CS,CCC(CO)CS,"{[#SC2][#TP1]([#TC6])}.{#SC2=CCC[$][$],#TC6=SC[$],#TP1=OC[$]}",-0.056757968,-0.820285499,-0.090476178,,1
CCC(CO)S,CCC(CO)S,"{[#TC3][#TC6][#TP1]}.{#TC3=CC[$],#TC6=SC[$][$],#TP1=OC[$]}",0.206504017,-0.134551331,0.486173153,,0.8
CCC(CS)F,CCC(CS)F,"{[#X4e][#TC6]}.{#TC6=SC[$],#X4e=CCC(F)[$]}",1.199417591,1.445487618,1.37614572,,1.8
CCC(N)NCC,CCC(N)NCC,"{[#N6d][#SN5]}.{#N6d=CCC(N)[$],#SN5=CCN[$]}",0.448047876,-0.179332927,0.154683813,,0.3
CCC(NC)Cl,CCC(NC)Cl,"{[#X3][#TN5]}.{#TN5=CN[$],#X3=CCC(Cl)[$]}",1.254373074,1.445734382,1.314051032,,1.4
CCC(NCC)O,CCC(NCC)O,"{[#P1][#SN5]}.{#P1=CCC(O)[$],#SN5=CCN[$]}",0.49197787,-0.096767202,0.210223913,,0.5
CCC(OC)F,CCC(OC)F,"{[#X4e][#TN3r]}.{#TN3r=CO[$],#X4e=CCC(F)[$]}",1.236620307,1.444776416,1.332988381,,1.5
CCC=C.CC=CC,CCC=C,{[#C4]}.{#C4=C=CCC},1.297448635,1.445439339,1.264755607,,4.2
CCCC(C)(C)C,CCCC(C)(C)C,"{[#SC2][#SC1]}.{#SC1=CC(C)(C)[$],#SC2=CCC[$]}",1.266718507,1.446274161,1.300719857,,3.6
CCCC(C)Br,CCCC(C)Br,"{[#SC2][#X2]}.{#SC2=CCC[$],#X2=CC(Br)[$]}",1.244512081,1.446469784,1.326188326,,2.7
CCCC(C)CCC,CCCC(C)CCC,"{[#SC2][#TC3][#SC2]}.{#SC2=CCC[$],#TC3=CC[$][$]}",1.262494564,1.446337223,1.305597186,,4.3
CCCC(C)CF,CCCC(C)CF,"{[#SC2][#X4e]}.{#SC2=CCC[$],#X4e=CC(CF)[$]}",1.241133809,1.446424246,1.329966784,,2.8
CCCC(C)CO,CCCC(C)CO,"{[#SC2][#P1]}.{#P1=CC(CO)[$],#SC2=CCC[$]}",0.35313946,-0.322264999,0.079954565,,1.8
CCCC(C)S,CCCC(C)S,"{[#SC2][#SC6]}.{#SC2=CCC[$],#SC6=CC(S)[$]}",1.240322232,1.446519852,1.331010699,,2.2
CCCC(CBr)Cl,CCCC(CBr)Cl,"{[#SC2][#TX3][#SX2]}.{#SC2=CCC[$],#SX2=BrC[$],#TX3=ClC[$][$]}",1.228911996,1.446340799,1.343740106,,2.9
CCCC(CBr)F,CCCC(CBr)F,"{[#SC2][#TX4e][#SX2]}.{#SC2=CCC[$],#SX2=BrC[$],#TX4e=FC[$][$]}",1.22103703,1.446304202,1.352636456,,2.6
CCCC(CC)Br,CCCC(CC)Br,"{[#SC2][#X2]}.{#SC2=CCC[$],#X2=CCC(Br)[$]}",1.247181177,1.446460128,1.323144674,,3.2
CCCC(CCC)Br,CCCC(CCC)Br,"{[#SC2][#SX2][#SC2]}.{#SC2=CCC[$],#SX2=BrC[$][$]}",1.243908286,1.446445107,1.326842546,,3.6
CCCC(CCC)S,CCCC(CCC)S,"{[#SC2][#TC6][#SC2]}.{#SC2=CCC[$],#TC6=SC[$][$]}",1.229396462,1.446493268,1.343384385,,3.1
CCCC(CI)O,CCCC(CI)O,"{[#SC2][#TP1d][#SX1]}.{#SC2=CCC[$],#SX1=IC[$],#TP1d=OC[$][$]}",1.007773399,1.068414688,1.112296581,,2
CCCC(CN)F,CCCC(CN)F,"{[#SC2][#TX4e][#TN6d]}.{#SC2=CCC[$],#TN6d=NC[$],#TX4e=FC[$][$]}",0.66634798,0.376426935,0.616427958,,0.9
CCCC(CO)F,CCCC(CO)F,"{[#SC2][#TX4e][#TP1d]}.{#SC2=CCC[$],#TP1d=OC[$],#TX4e=FC[$][$]}",0.702573836,0.501909554,0.735518277,,1.2
CCCC(NC)O,CCCC(NC)O,"{[#SC2][#TP1d][#TN6d]}.{#SC2=CCC[$],#TN6d=CN[$],#TP1d=OC[$][$]}",0.282132119,-0.25347057,0.248437613,,0.5
CCCC(O)O,CCCC(O)O,"{[#SC2][#P4]}.{#P4=OC(O)[$],#SC2=CCC[$]}",-0.69942224,-1.953203082,-0.807272196,,0.4
CCCCC(C)I,CCCCC(C)I,"{[#C1][#X1]}.{#C1=CCCC[$],#X1=CC(I)[$]}",1.257604361,1.446388125,1.311216354,,3.9
CCCCCCCI,CCCCCCCI,"{[#C1][#X1]}.{#C1=CCCC[$],#X1=ICCC[$]}",1.259393811,1.446369886,1.309160233,,4.7
CCCCCCCN,CCCCCCCN,"{[#C1][#N6d]}.{#C1=CCCC[$],#N6d=NCCC[$]}",0.905767798,0.620132327,0.655722201,,2.6
CCCCCCOC,CCCCCCOC,"{[#C1][#N3r]}.{#C1=CCCC[$],#N3r=COCC[$]}",1.09995985,0.864990234,0.747851074,,2.4
CCCCCl,CCCCCl,"{[#SC2][#TX3]}.{#SC2=CCC[$],#TX3=ClC[$]}",1.232804537,1.446476102,1.339491725,,2.6
CCCCCNCBr,CCCCCNCBr,"{[#C1][#TN6d][#SX2]}.{#C1=CCCC[$],#SX2=BrC[$],#TN6d=C(N[$])[$]}",0.904931068,0.529880643,0.54142946,,2.4
CCCCCNOC,CCCCCNOC,"{[#C1][#TN6d][#TP1d]}.{#C1=CCCC[$],#TN6d=C(N[$])[$],#TP1d=CO[$]}",0.663262546,0.072526105,0.231877863,,1.6
CCCCCOC,CCCCCOC,"{[#C1][#SN3r]}.{#C1=CCCC[$],#SN3r=COC[$]}",1.066149473,0.656911492,0.520550013,,1.9
CCCCCOCN,CCCCCOCN,"{[#C1][#TP1d][#TN6d]}.{#C1=CCCC[$],#TN6d=NC[$],#TP1d=C(O[$])[$]}",0.445807159,-0.032391485,0.344859511,,1
CCCCCOCS,CCCCCOCS,"{[#C1][#TP1d][#TC6]}.{#C1=CCCC[$],#TC6=SC[$],#TP1d=C(O[$])[$]}",0.821723998,0.672691882,0.81828016,,2.3
CCCCNCCCl,CCCCNCCCl,"{[#C1][#TN6d][#TX3]}.{#C1=CCCC[$],#TN6d=C(N[$])[$],#TX3=ClC[$]}",0.864480257,0.504154146,0.554516494,,1.6
CCCCOC,CCCCOC,"{[#SC2][#SN3r]}.{#SC2=CCC[$],#SN3r=COC[$]}",1.00885582,0.876181245,0.865602732,,1.7
CCCCOCC,CCCCOCC,"{[#C1][#SN3r]}.{#C1=CCCC[$],#SN3r=CCO[$]}",0.99143517,0.616879582,0.554281712,,2
CCCCOCCCC,CCCCOCCCC,"{[#SC2][#SN3r][#SC2]}.{#SC2=CCC[$],#SN3r=C(OC[$])[$]}",1.085050941,1.067775011,1.023720622,,3.2
CCCCSCCBr,CCCCSCCBr,"{[#C1][#TC6][#SX2]}.{#C1=CCCC[$],#SX2=BrC[$],#TC6=C(S[$])[$]}",1.242982268,1.445969701,1.327286839,,2.9
CCCCSCNC,CCCCSCNC,"{[#C1][#TC6][#TN6d]}.{#C1=CCCC[$],#TC6=C(S[$])[$],#TN6d=CN[$]}",0.7611413,0.559326172,0.742322266,,1.8
CCCI,CCCI,{[#X1]}.{#X1=CCCI},1.248713613,1.446465373,1.321411252,,2.6
CCCN(C)OC,CCCN(C)OC,"{[#SC2][#TN6d][#TP1d]}.{#SC2=CCC[$],#TN6d=CN[$][$],#TP1d=CO[$]}",0.527119815,0.085825585,0.403469741,,1.2
CCCNCCBr,CCCNCCBr,"{[#N5][#X2]}.{#N5=CCCN[$],#X2=BrCC[$]}",1.304568768,1.443251133,1.253875613,,1.5
CCCNCCI,CCCNCCI,"{[#N5][#X1]}.{#N5=CCCN[$],#X1=ICC[$]}",1.268646598,1.446174264,1.298403263,,1.9
CCCNCCNC,CCCNCCNC,"{[#N5A][#N5B]}.{#N5A=CCCN[$],#N5B=CNCC[$]}",0.591338515,0.019449284,0.245783687,,0.3
CCCNCCS,CCCNCCS,"{[#N5][#SC6]}.{#N5=CCCN[$],#SC6=SCC[$]}",0.791072726,0.595597923,0.754646838,,1
CCCNCNC,CCCNCNC,"{[#N5][#SN1]}.{#N5=CCCN[$],#SN1=CNC[$]}",0.554039419,-0.018524464,0.239653185,,0.4
CCCNSCCC,CCCNSCCC,"{[#N5][#TC6][#TC3]}.{#N5=CCCN[$],#TC3=CC[$],#TC6=C(S[$])[$]}",1.085224271,0.550091028,0.362487704,,2
CCCOC(C)F,CCCOC(C)F,"{[#N3r][#SX4e]}.{#N3r=CCCO[$],#SX4e=CC(F)[$]}",1.247136474,1.445484519,1.321950316,,1.8
CCCOC(C)N,CCCOC(C)N,"{[#N3r][#SN6d]}.{#N3r=CCCO[$],#SN6d=CC(N)[$]}",0.651734173,0.018614173,0.17612955,,0.6
CCCOC(O)O,CCCOC(O)O,"{[#N3r][#P4]}.{#N3r=CCCO[$],#P4=OC(O)[$]}",-0.713499308,-1.952969551,-0.790987909,,-0.1
CCCOCCCN,CCCOCCCN,"{[#N3r][#N6d]}.{#N3r=CCCO[$],#N6d=NCCC[$]}",0.597981155,0.103706062,0.345828414,,0.4
CCCOCNCC,CCCOCNCC,"{[#N3r][#N5]}.{#N3r=CCCO[$],#N5=CCNC[$]}",0.654314578,0.230220035,0.443400711,,1
CCCON(C)C,CCCON(C)C,"{[#N3r][#SN1]}.{#N3r=CCCO[$],#SN1=CN(C)[$]}",0.696617603,0.246384144,0.415999711,,1.2
CCCONCC,CCCONCC,"{[#N3r][#SN5]}.{#N3r=CCCO[$],#SN5=CCN[$]}",0.687923789,0.034754317,0.15564087,,1.1
CCCONNC,CCCONNC,"{[#N3r][#P5d]}.{#N3r=CCCO[$],#P5d=CNN[$]}",0.072369881,-0.703111529,-0.087498501,,0.5
CCCOSCCC,CCCOSCCC,"{[#N3r][#TC6][#TC3]}.{#N3r=CCCO[$],#TC3=CC[$],#TC6=C(S[$])[$]}",0.807979643,0.709724307,0.88117528,,2.3
CCCSCSC,CCCSCSC,"{[#TC3][#TC6][#SC6]}.{#SC6=CSC[$],#TC3=CC[$],#TC6=C(S[$])[$]}",1.18740201,1.445590734,1.389922976,,2.5
CCI(C)NC,CCI(C)NC,"{[#TC3][#SX1][#TN5]}.{#SX1=CI[$][$],#TC3=CC[$],#TN5=CN[$]}",1.236264229,1.446453094,1.335533977,,1.6
CCN(C)CCF,CCN(C)CCF,"{[#N3a][#SX4e]}.{#N3a=CCN(C)[$],#SX4e=FCC[$]}",1.269387007,1.445550561,1.296766043,,1
CCN(C)CCO,CCN(C)CCO,"{[#N3a][#SP1]}.{#N3a=CCN(C)[$],#SP1=OCC[$]}",0.188204691,-0.601149142,-0.088848718,,-0.1
CCN(C)CSC,CCN(C)CSC,"{[#N3a][#SC6]}.{#N3a=CCN(C)[$],#SC6=CSC[$]}",0.672527909,0.426808059,0.673742115,,1.4
CCN(C)SC,CCN(C)SC,"{[#N3a][#TC6]}.{#N3a=CCN(C)[$],#TC6=CS[$]}",0.69751817,0.439897418,0.662075877,,1.1
CCN(CC)CN,CCN(CC)CN,"{[#SN3a][#TC3]([#TN6d])}.{#SN3a=CCN[$][$],#TC3=CC[$],#TN6d=NC[$]}",0.331025362,-0.518200815,-0.145124331,,0.2
CCN(CC)SC,CCN(CC)SC,"{[#SN3a][#TC3]([#TC6])}.{#SN3a=CCN[$][$],#TC3=CC[$],#TC6=CS[$]}",0.867449999,0.474938691,0.513839006,,1.4
CCN=NCC,CCN=NCC,{[#SN3a]=[#SN3a]}.{#SN3a=CCN[$]},0.462264895,-0.067947246,0.280767709,,1
CCNC(C)CBr,CCNC(C)CBr,"{[#SN5][#X2]}.{#SN5=CCN[$],#X2=CC(CBr)[$]}",1.254915595,1.446175456,1.313997746,,1.4
CCNC(C)CCl,CCNC(C)CCl,"{[#SN5][#X3]}.{#SN5=CCN[$],#X3=CC(CCl)[$]}",0.940960824,0.907962382,0.983288825,,1.2
CCNC(C)N,CCNC(C)N,"{[#SN5][#SN6d]}.{#SN5=CCN[$],#SN6d=CC(N)[$]}",0.391543329,-0.259886354,0.115993209,,-0.3
CCNC(C)S,CCNC(C)S,"{[#SN5][#SC6]}.{#SC6=CC(S)[$],#SN5=CCN[$]}",0.192024425,0.350487202,1.121965647,,0.9
CCNC(Cl)Cl,CCNC(Cl)Cl,"{[#SN5][#SX3h]}.{#SN5=CCN[$],#SX3h=ClC(Cl)[$]}",0.786083639,0.662252724,0.845424771,,1.6
CCNC(O)O,CCNC(O)O,"{[#SN5][#P4]}.{#P4=OC(O)[$],#SN5=CCN[$]}",-0.661085844,-1.950841784,-0.84779346,,-0.9
CCNCC(C)F,CCNCC(C)F,"{[#N5][#SX4e]}.{#N5=CCNC[$],#SX4e=CC(F)[$]}",1.255417347,1.446167827,1.313418508,,0.9
CCNCCCCS,CCNCCCCS,"{[#N5][#TC3][#TC6]}.{#N5=CCNC[$],#TC3=C(C[$])[$],#TC6=SC[$]}",1.054320097,0.630320549,0.500029624,,1.2
CCNCCCN,CCNCCCN,"{[#N5][#SN6d]}.{#N5=CCNC[$],#SN6d=NCC[$]}",0.461812705,-0.18270345,0.134747982,,-0.4
CCNCI,CCNCI,"{[#SN5][#SX1]}.{#SN5=CCN[$],#SX1=IC[$]}",1.240084291,1.446480036,1.331230164,,0.9
CCNCN(C)C,CCNCN(C)C,"{[#N5][#SN1]}.{#N5=CCNC[$],#SN1=CN(C)[$]}",0.677868605,0.147616819,0.31117484,,0.3
CCNOCC,CCNOCC,"{[#SN5][#SN3r]}.{#SN3r=CCO[$],#SN5=CCN[$]}",0.595501542,0.028756808,0.252940863,,0.6
CCOC(C)Cl,CCOC(C)Cl,"{[#SN3r][#SX3]}.{#SN3r=CCO[$],#SX3=CC(Cl)[$]}",0.689334631,0.691519976,0.992669165,,1.6
CCOC(C)CO,CCOC(C)CO,"{[#SN3r][#P1]}.{#P1=CC(CO)[$],#SN3r=CCO[$]}",0.642288506,-0.502706766,-0.478821516,,0.2
CCOC(CO)O,CCOC(CO)O,"{[#SN3r][#P4]}.{#P4=OCC(O)[$],#SN3r=CCO[$]}",-0.706384063,-1.953206658,-0.799371302,,-0.8
CCOCC(C)F,CCOCC(C)F,"{[#N3r][#SX4e]}.{#N3r=CCOC[$],#SX4e=CC(F)[$]}",1.248698831,1.445543647,1.320251465,,1.2
CCOCC(Cl)Cl,CCOCC(Cl)Cl,"{[#N3r][#SX3h]}.{#N3r=CCOC[$],#SX3h=ClC(Cl)[$]}",0.884950042,0.763910353,0.862955749,,1.8
CCOCC=O,CCOCC=O,"{[#SN3r][#SN4a]}.{#SN3r=CCO[$],#SN4a=O=CC[$]}",0.438309193,0.120069265,0.548052967,,0
CCOCCCCCl,CCOCCCCCl,"{[#N3r][#X3]}.{#N3r=CCOC[$],#X3=ClCCC[$]}",1.021738648,0.958316922,0.955852032,,2.1
CCOCCCO,CCOCCCO,"{[#N3r][#SP1]}.{#N3r=CCOC[$],#SP1=OCC[$]}",0.09892489,-0.707144022,-0.122804493,,0.1
CCOCCNC,CCOCCNC,"{[#N3r][#SN1]}.{#N3r=CCOC[$],#SN1=CNC[$]}",0.688523948,0.247139841,0.426156133,,0
CCOCOCC,CCOCOCC,"{[#N3r][#SN3r]}.{#N3r=CCOC[$],#SN3r=CCO[$]}",0.606173217,0.189723268,0.446361393,,0.8
CCONC=O,CCONC=O,"{[#SN3r][#SP3]}.{#SN3r=CCO[$],#SP3=O=CN[$]}",-0.330442578,-0.729519308,0.336231232,,0
CCSC(C)O,CCSC(C)O,"{[#SC6][#SP1]}.{#SC6=CCS[$],#SP1=CC(O)[$]}",0.271824837,-0.253700048,0.259849966,,1.1
CCSC=N,CCSC=N,"{[#SC6][#TN2]}.{#SC6=CCS[$],#TN2=N=C[$]}",0.711959183,0.604352057,0.855669916,,1.1
CCSCC=O,CCSCC=O,"{[#SC6][#SN4a]}.{#SC6=CCS[$],#SN4a=O=CC[$]}",0.793208957,0.724553049,0.916885257,,0.8
CCSCCCCl,CCSCCCCl,"{[#TC3][#TC6][#SX3]}.{#SX3=ClCC[$],#TC3=CC[$],#TC6=C(S[$])[$]}",1.189647794,1.445587754,1.387368441,,2.2
CCSCCCCN,CCSCCCCN,"{[#TC3][#TC6][#N6d]}.{#N6d=NCCC[$],#TC3=CC[$],#TC6=C(S[$])[$]}",0.432519585,-0.287010819,0.034823019,,1
CCSCCN,CCSCCN,"{[#SC6][#SN6d]}.{#SC6=CCS[$],#SN6d=NCC[$]}",0.211125314,-0.353210002,0.201717541,,0.3
CCSCCNC,CCSCCNC,"{[#TC3][#TC6][#SN1]}.{#SN1=CNC[$],#TC3=CC[$],#TC6=C(S[$])[$]}",0.873204052,0.764850795,0.877495885,,0.8
CCSCN(C)C,CCSCN(C)C,"{[#TC3][#TC6][#SN1]}.{#SN1=CN(C)[$],#TC3=CC[$],#TC6=C(S[$])[$]}",1.075173855,1.104246855,1.081508398,,1.4
CCSCN=C,CCSCN=C,"{[#SC6][#SN1a]}.{#SC6=CCS[$],#SN1a=C=NC[$]}",0.838885963,0.768026233,0.920523942,,2.5
CCSN(C)C,CCSN(C)C,"{[#SC6][#SN1]}.{#SC6=CCS[$],#SN1=CN(C)[$]}",1.019310832,1.046645284,1.071396947,,1.1
CN(C)CCCBr,CN(C)CCCBr,"{[#SN1][#X2]}.{#SN1=CN(C)[$],#X2=BrCCC[$]}",1.257766485,1.446273923,1.310885549,,1.4
CN(C)CCCS,CN(C)CCCS,"{[#SN1][#TC3][#TC6]}.{#SN1=CN(C)[$],#TC3=C(C[$])[$],#TC6=SC[$]}",1.032930613,0.928328812,0.904850304,,0.9
CN(C)CNCN,CN(C)CNCN,"{[#SN1][#TN6dA][#TN6dB]}.{#SN1=CN(C)[$],#TN6dA=C(N[$])[$],#TN6dB=NC[$]}",0.417131662,-0.267411053,0.077325583,,-0.9
CN(C)COC,CN(C)COC,"{[#SN1][#SN3r]}.{#SN1=CN(C)[$],#SN3r=COC[$]}",0.791160226,0.435299248,0.549860597,,0.2
CN(CI)CI,CN(CI)CI,"{[#TN6d][#SX1]([#SX1])}.{#SX1=IC[$],#TN6d=CN[$][$]}",1.243528366,1.446320415,1.327115178,,1.8
CN(CN)CI,CN(CN)CI,"{[#TN6dA][#TN6dB]([#SX1])}.{#SX1=IC[$],#TN6dA=CN[$][$],#TN6dB=NC[$]}",0.509120405,0.041804869,0.367700189,,0.2
CN(CO)OC,CN(CO)OC,"{[#TN6d][#TP1d]([#TN3r])}.{#TN3r=CO[$],#TN6d=CN[$][$],#TP1d=OC[$]}",-0.719925404,-1.951705217,-0.782075584,,-0.3
CN=CI,CN=CI,"{[#TN6d]=[#SX1]}.{#SX1=IC[$],#TN6d=CN[$]}",1.24538815,1.445407152,1.323836565,,0.8
CNC(NC)NC,CNC(NC)NC,"{[#SN1][#TN5]([#TN5])}.{#SN1=CNC[$][$],#TN5=CN[$]}",0.422673523,-0.26750648,0.070910208,,-0.8
CNC=CNC,CNC=CNC,{[#SN1]=[#SN1]}.{#SN1=CNC[$]},0.503346086,-0.069343954,0.232330859,,0.5
CNCCC=O,CNCCC=O,"{[#SN1][#SN4a]}.{#SN1=CNC[$],#SN4a=O=CC[$]}",0.57651329,0.082240582,0.342798799,,-0.8
CNCCCBr,CNCCCBr,"{[#SN1][#X2]}.{#SN1=CNC[$],#X2=BrCC[$]}",1.255153894,1.446282744,1.31386447,,0.9
CNCCCCBr,CNCCCCBr,"{[#N5][#X2]}.{#N5=CNCC[$],#X2=BrCC[$]}",1.197848082,1.266044259,1.14879477,,1.3
CNCCCCCCl,CNCCCCCCl,"{[#N5][#X3]}.{#N5=CNCC[$],#X3=ClCCC[$]}",0.859769404,0.670986891,0.772896707,,1.5
CNCCCNC,CNCCCNC,"{[#N5][#SN1]}.{#N5=CNCC[$],#SN1=CNC[$]}",0.554145634,-0.018527962,0.23952806,,-0.3
CNCCI,CNCCI,"{[#SN1][#SX1]}.{#SN1=CNC[$],#SX1=IC[$]}",1.246349454,1.446454883,1.324082732,,0.9
CNCCN(C)N,CNCCN(C)N,"{[#N5][#P5d]}.{#N5=CNCC[$],#P5d=CN(N)[$]}",0.082806885,-0.765556395,-0.179087594,,-0.9
CNCNCCO,CNCNCCO,"{[#TN6dB][#TN6dA][#SP1]}.{#SP1=OCC[$],#TN6dA=C(N[$])[$],#TN6dB=CN[$]}",-0.122278765,-1.061957121,-0.32466048,,-1.2
CNCNCNCN,CNCNCNCN,"{[#TN6dB][#TN6dA][#TN6dA][#TN6dC]}.{#TN6dA=C(N[$])[$],#TN6dB=CN[$],#TN6dC=NC[$]}",0.008180683,-0.875744283,-0.235038936,,-1.7
CNN(C)CCN,CNN(C)CCN,"{[#TN6dA][#TN6dB][#SN6d]}.{#SN6d=NCC[$],#TN6dA=CN[$],#TN6dB=CN[$][$]}",0.396597445,-0.261797845,0.10781274,,-0.9
CNN(C)SC,CNN(C)SC,"{[#TN6dA][#TN6dB][#TC6]}.{#TC6=CS[$],#TN6dA=CN[$],#TN6dB=CN[$][$]}",0.122221261,-0.677594185,-0.11152824,,0.5
CNN(CN)CN,CNN(CN)CN,"{[#P5d][#TN6d]([#TN6d])}.{#P5d=CNN[$][$],#TN6d=NC[$]}",-0.153811321,-1.146711946,-0.397075057,,-1.7
CNNCCCN,CNNCCCN,"{[#TN6dB][#TN6dA][#SN6d]}.{#SN6d=NCC[$],#TN6dA=C(N[$])[$],#TN6dB=CN[$]}",0.293138206,-0.430539995,0.009836984,,-1
COC=CBr,COC=CBr,"{[#SN3r]=[#SX2]}.{#SN3r=COC[$],#SX2=BrC[$]}",1.237597823,1.446016312,1.333461642,,1.2
COCC(O)OC,COCC(O)OC,"{[#SN3r][#P2]}.{#P2=COC(O)[$],#SN3r=COC[$]}",-0.099340856,-0.875506938,-0.112629965,,-0.6
COCCC(Cl)Cl,COCCC(Cl)Cl,"{[#N3r][#SX3h]}.{#N3r=COCC[$],#SX3h=ClC(Cl)[$]}",1.037991524,0.98766768,0.974873364,,1.8
COCCC(F)F,COCCC(F)F,"{[#N3r][#TX4]}.{#N3r=COCC[$],#TX4=FC(F)[$]}",0.689831734,0.543465436,0.803052008,,1.3
COCCCCO,COCCCCO,"{[#N3r][#SP1]}.{#N3r=COCC[$],#SP1=OCC[$]}",0.098437913,-0.707128704,-0.122231834,,0.1
COCCCCOC,COCCCCOC,{[#N3r][#N3r]}.{#N3r=COCC[$]},0.628398001,0.204509392,0.44000271,,0.6
COCCCOOC,COCCCOOC,"{[#N3r][#TP1dA][#TP1dB]}.{#N3r=COCC[$],#TP1dA=C(O[$])[$],#TP1dB=CO[$]}",0.273836911,-0.913795173,-0.5853163,,0.3
COCCCS,COCCCS,"{[#SN3r][#SC6]}.{#SC6=SCC[$],#SN3r=COC[$]}",0.574104726,0.382127941,0.728463173,,0.7
COCCl,COCCl,"{[#TP1d][#TX3]}.{#TP1d=CO[$],#TX3=ClC[$]}",-0.02589643,-0.326816946,0.504591346,,0.8
COCSC,COCSC,"{[#SN3r][#TC6]}.{#SN3r=COC[$],#TC6=CS[$]}",-0.152417511,-0.904080987,-0.088840082,,0.8
COOCC(F)F,COOCC(F)F,"{[#TP1dB][#TP1dA][#TX4]}.{#TP1dA=C(O[$])[$],#TP1dB=CO[$],#TX4=FC(F)[$]}",-0.199023008,-0.89271611,-0.021401076,,1
CSC(CN)O,CSC(CN)O,"{[#TC6][#TP1d][#TN6d]}.{#TC6=CS[$],#TN6d=NC[$],#TP1d=OC[$][$]}",-0.2513147,-0.95219332,-0.037963375,,-0.6
CSC(CO)O,CSC(CO)O,"{[#TC6][#TP1d][#TP1]}.{#TC6=CS[$],#TP1=OC[$],#TP1d=OC[$][$]}",-0.154173478,-0.982768238,-0.187322408,,-0.3
CSCCC(O)O,CSCCC(O)O,"{[#TC6][#TC3][#P4]}.{#P4=OC(O)[$],#TC3=C(C[$])[$],#TC6=CS[$]}",-0.151855886,-0.956735611,-0.156713158,,0
CSCCCl,CSCCCl,"{[#SC6][#TX3]}.{#SC6=CSC[$],#TX3=ClC[$]}",1.204408526,1.446069241,1.371220589,,1.5
CSCCCS,CSCCCS,"{[#SC6A][#SC6B]}.{#SC6A=CSC[$],#SC6B=SCC[$]}",1.199216962,1.446037531,1.377075911,,1.5
CSCCCSSC,CSCCCSSC,"{[#TC6B][#TC3][#TC6A][#TC6B]}.{#TC3=C(C[$])[$],#TC6A=C(S[$])[$],#TC6B=CS[$]}",1.17525804,1.445173025,1.403180361,,1.9
CSCCSC,CSCCSC,{[#SC6][#SC6]}.{#SC6=CSC[$]},1.198405981,1.446015358,1.37796855,,1.5
CSCOCO,CSCOCO,"{[#SC6][#SP2]}.{#SC6=CSC[$],#SP2=OCO[$]}",0.149154693,-0.496474028,0.089159064,,0.2
CSCSCSC,CSCSCSC,"{[#TC6B][#TC6A][#SC6]}.{#SC6=CSC[$],#TC6A=C(S[$])[$],#TC6B=CS[$]}",1.166414022,1.444907308,1.412885189,,2.4
CSCSSCSC,CSCSSCSC,"{[#TC6B][#TC6A][#TC6A][#TC6B]}.{#TC6A=C(S[$])[$],#TC6B=CS[$]}",1.144587636,1.443644643,1.436059237,,2.4
CSSCCCO,CSSCCCO,"{[#TC6B][#TC6A][#SP1]}.{#SP1=OCC[$],#TC6A=C(S[$])[$],#TC6B=CS[$]}",0.118647255,-0.354546934,0.305032611,,0.6
CSSCCSSC,CSSCCSSC,"{[#TC6B][#TC6A][#TC6A][#TC6B]}.{#TC6A=C(S[$])[$],#TC6B=CS[$]}",1.144587636,1.443644643,1.436059237,,1.6
1MIMI,Cn1ccnc1,"{[#TN1]1[#TC5][#TN6a]1}.{#TC5=C(=C[$])[$],#TN1=CN[$][$],#TN6a=C(=N[$])[$]}",0.181429267,-0.540310681,-0.003468851,,
2MPYR,Cc1ccccn1,"{[#SC4]1[#TC5][#TN6a]1}.{#SC4=CC(=C[$])[$],#TC5=C(=C[$])[$],#TN6a=C(=N[$])[$]}",0.565294206,0.232038766,0.546818376,,
2NIMX,Cc1c(c(ccc1)C)[N+](=O)[O-],"{[#SC4B]1[#SC4A][#TC5]1([#SN3a])}.{#SC4A=CC(=C[$])[$],#SC4B=CC(=C[$][$])[$],#SN3a=O=[N+]([O-])[$],#TC5=C(=C[$])[$]}",0.906300485,0.983387053,1.118961453,,
2NITL,Cc1ccccc1[N+](=O)[O-],"{[#SC4]1[#TC5A][#TC5B]1[#SN3a]}.{#SC4=CC(=C[$])[$],#SN3a=O=[N+]([O-])[$],#TC5A=C(=C[$])[$],#TC5B=C(=C[$][$])[$]}",0.841098487,0.852810681,1.026273131,,
2T,c1cc(sc1)c2cccs2,"{[#TC5A]1[#TC5B][#TC6]1([#TC5B]2[#TC5A][#TC6]2)}.{#TC5A=C(=C[$])[$],#TC5B=C(=C[$][$])[$],#TC6=S[$][$]}",1.189546585,1.44577682,1.387725115,,
3HT,CCCCCCc1ccsc1,"{[#SC2B][#SC2A][#TC5B]1[#TC5A][#TC6]1}.{#SC2A=C(C[$])C[$],#SC2B=CCC[$],#TC5A=C(=C[$])[$],#TC5B=C(=C[$][$])[$],#TC6=S[$][$]}",1.2409935,1.446276546,1.329937696,,
3PT,CCCc1ccsc1,"{[#SC2][#TC5B]1[#TC5A][#TC6]1}.{#SC2=CCC[$],#TC5A=C(=C[$])[$],#TC5B=C(=C[$][$])[$],#TC6=S[$][$]}",1.226575732,1.44628334,1.346319795,,
4MIMI,[nH]1cc(nc1)C,"{[#TN6d]1[#SC4][#TN6a]1}.{#SC4=CC(=C[$])[$],#TN6a=C(=N[$])[$],#TN6d=N[$][$]}",-0.009715478,-0.820943892,-0.144739941,,
4NIAN,COc1ccc(cc1)[N+](=O)[O-],"{[#TN2a][#TC5B]1[#TC5B][#TC5A]1([#SN3a])}.{#SN3a=O=[N+]([O-])[$],#TC5A=C(=C[$])[$],#TC5B=C(=C[$][$])[$],#TN2a=CO[$]}",0.780606508,0.766802549,0.98514545,,
ACPH,CC(=O)c1ccccc1,"{[#SN4a][#TC5B]1[#TC5A][#TC5A]1}.{#SN4a=CC(=O)[$],#TC5A=C(=C[$])[$],#TC5B=C(=C[$][$])[$]}",0.882300854,0.847435713,0.972618341,,
ANIL,Nc1ccccc1,"{[#SN6d]1[#TC5][#TC5]1}.{#SN6d=NC(=C[$])[$],#TC5=C(=C[$])[$]}",0.425697535,-0.010755198,0.395324409,,
ANTH,c1ccc2cc3ccccc3cc2c1,"{[#TC5B]2[#TC5B][#TC5C]3[#TC5D]1[#TC5A][#TC5A]1([#TC5C]23)}.{#TC5A=C(=C[$])[$],#TC5B=C(C[$])[$],#TC5C=C(C[$][$])[$],#TC5D=C(C[$][$])[$][$]}",1.208948731,1.446256161,1.366303086,,
BEAL,O=Cc1ccccc1,"{[#TN4a][#TC5B]1[#TC5A][#TC5A]1}.{#TC5A=C(=C[$])[$],#TC5B=C(=C[$][$])[$],#TN4a=O=C[$]}",0.919063151,0.964688301,1.080590606,,
BENZ,c1ccccc1,{[#TC5]1[#TC5][#TC5]1}.{#TC5=C(=C[$])[$]},1.197737694,1.446013808,1.378725052,,
BRA,COc1ccc(cc1)Br,"{[#TN2a][#TC5B]1[#SX2][#TC5A]1}.{#SX2=BrC(=C[$])[$],#TC5A=C(=C[$])[$],#TC5B=C(=C[$][$])[$],#TN2a=CO[$]}",1.105416059,1.233444929,1.212138295,,
BRBZ,c1ccc(cc1)Br,"{[#TC5]1[#SX2][#TC5]1}.{#SX2=BrC(=C[$])[$],#TC5=C(=C[$])[$]}",1.197588563,1.44585228,1.378688693,,
BZDOL,Oc1cc(ccc1)O,"{[#SN6]1[#SN6][#TC5]1}.{#SN6=OC(=C[$])[$],#TC5=C(=C[$])[$]}",-0.406052202,-1.846852541,-1.004635811,,
BZIM,c1ccc2c(c1)[nH]cn2,"{[#TC5A]1[#TC5A][#TC5B]12[#TN6d][#TN6a]2}.{#TC5A=C(C[$])[$],#TC5B=C(C[$][$])[$][$],#TN6a=C(=N[$])[$],#TN6d=N[$][$]}",0.681849539,0.474907696,0.724575102,,
BZNI,N#Cc1ccccc1,"{[#TN4a][#TC5B]1[#TC5A][#TC5A]1}.{#TC5A=C(=C[$])[$],#TC5B=C(=C[$][$])[$],#TN4a=N#C[$]}",0.905616164,0.923980951,1.043882012,,
BZQU,c1cc(=O)ccc1=O,"{[#TC5]1[#TN6a][#TC5][#TN6a]1}.{#TC5=C(=C[$])[$],#TN6a=O=C[$][$]}",0.015618582,-0.821934879,-0.174775958,,
BZTA,n1c2ccccc2sc1,"{[#TN6a]2[#TC5B]1[#TC5A][#TC5A]1([#TC6]2)}.{#TC5A=C(C[$])[$],#TC5B=C(C[$][$])[$][$],#TC6=S[$][$],#TN6a=C(=N[$])[$]}",0.870836794,0.828248084,0.961136878,,
BZTF,c1ccc(cc1)C(F)(F)F,"{[#TC5A]1[#TC5B][#TC5A]1([#SX4e])}.{#SX4e=FC(F)(F)[$],#TC5A=C(=C[$])[$],#TC5B=C(=C[$][$])[$]}",1.182962298,1.445302963,1.394596815,,
BZTH,c1c2ccccc2sc1,"{[#TC5A]2[#TC5C]1[#TC5B][#TC5B]1([#TC6]2)}.{#TC5A=C(=C[$])[$],#TC5B=C(C[$])[$],#TC5C=C(C[$][$])[$][$],#TC6=S[$][$]}",1.20255065,1.44610858,1.373380542,,
CAFF,Cn1cnc2n(C)c(=O)n(C)c(=O)c12,"{[#TN1]1[#TN6aA][#TC5]12[#TN1][#TN6aB][#TN1][#TN6aB]2}.{#TC5=C(=C[$][$])[$][$],#TN1=CN[$][$],#TN6aA=C(=N[$])[$],#TN6aB=O=C[$][$]}",0.129264712,-0.681582272,-0.124619655,,
CHEX,C1CCCCC1,{[#SC3][#SC3]}.{#SC3=C(C[$])C[$]},1.280435205,1.445983529,1.284772396,,
CHEXE,C1CCccC1,"{[#TC3]1[#TC3][#TC5]1}.{#TC3=C(C[$])[$],#TC5=C(=C[$])[$]}",1.229478836,1.446456194,1.343243718,,
CLBZ,Clc1ccccc1,"{[#SX3]1[#TC5][#TC5]1}.{#SX3=ClC(=C[$])[$],#TC5=C(=C[$])[$]}",1.191474795,1.4457407,1.385488987,,
CLPR,CC(C)OC(=O)Nc1cc(ccc1)Cl,"{[#SC2][#SP2][#TC5B]1[#SX3][#TC5A]1}.{#SC2=CC(C)[$],#SP2=O=C(N[$])O[$],#SX3=ClC(C[$])[$],#TC5A=C(C[$])[$],#TC5B=C(C[$][$])[$]}",0.926312447,0.915667951,1.00976336,,
CLTL,Cc1c(cccc1)Cl,"{[#SC4]1[#SX3][#TC5]1}.{#SC4=CC(C[$])[$],#SX3=ClC(C[$])[$],#TC5=C(C[$])[$]}",1.22508657,1.446280003,1.348006845,,
CNAP,Clc2cccc1ccccc12,"{[#SX3]1[#TC5A][#TC5e]12[#TC5B][#TC5B]2}.{#SX3=ClC(=C[$])[$],#TC5A=C(=C[$])[$],#TC5B=C(C[$])[$],#TC5e=C(C[$][$])[$][$]}",1.208197355,1.446184516,1.367064834,,
CPR,C1CC1,{[#SC3]}.{#SC3=C1CC1},1.274144769,1.446141124,1.29211688,,
CUME,CC(C)c1ccccc1,"{[#SC2][#TC5B]1[#TC5A][#TC5A]1}.{#SC2=CC(C)[$],#TC5A=C(=C[$])[$],#TC5B=C(=C[$][$])[$]}",1.228573561,1.446385741,1.344181299,,
CYPE,C1CCCC1,"{[#TC3][#SC3]}.{#SC3=C(C[$])C[$],#TC3=C(C[$])[$]}",1.267737508,1.44626689,1.29955399,,
CYPO,C1CCC(=O)C1,"{[#SC3][#TN6a]}.{#SC3=C(C[$])C[$],#TN6a=O=C(C[$])[$]}",0.209935874,-0.468026072,0.056458883,,
CYPOL,C1CCC(C1)O,"{[#SC3][#SN6]}.{#SC3=C(C[$])C[$],#SN6=OC(C[$])[$]}",0.126800597,-0.633438647,-0.060346298,,
DBRBZ,c1ccc(c(c1)Br)Br,"{[#TC5]1[#SX2][#SX2]1}.{#SX2=BrC(=C[$])[$],#TC5=C(=C[$])[$]}",1.202727675,1.44604075,1.373093009,,
DCLBZ,Clc1cccc(Cl)c1,"{[#SX3]1[#TC5][#SX3]1}.{#SX3=ClC(=C[$])[$],#TC5=C(=C[$])[$]}",1.192180753,1.44579792,1.384760261,,
DIOX,O1CCOCC1,{[#SN3a][#SN3a]}.{#SN3a=C(OC[$])[$]},0.514857888,0.197653055,0.560188591,,
DMAN,CN(C)c1ccccc1,"{[#SN1][#TC5B]1[#TC5A][#TC5A]1}.{#SN1=CN(C)[$],#TC5A=C(=C[$])[$],#TC5B=C(=C[$][$])[$]}",1.070068121,1.104228139,1.087282658,,
DMBZQ,Cc1cc(=O)c(cc1=O)C,"{[#SC4]1[#TN6a][#SC4][#TN6a]1}.{#SC4=CC(=C[$])[$],#TN6a=O=C[$][$]}",0.269057363,-0.435708255,0.030584924,,
DXLA,O1CCOC1,"{[#SN5a][#TC3]}.{#SN5a=C(O[$])O[$],#TC3=C(C[$])[$]}",0.105415791,-0.646224558,-0.052387312,,
EBEN,CCc1ccccc1,"{[#TC3][#TC5B]1[#TC5A][#TC5A]1}.{#TC3=CC[$],#TC5A=C(=C[$])[$],#TC5B=C(=C[$][$])[$]}",1.219813943,1.446281672,1.353996038,,
ENAPH,CCc1cccc2ccccc21,"{[#TC3][#TC5B]1[#TC5A][#TC5e]12[#TC5C][#TC5C]2}.{#TC3=CC[$],#TC5A=C(=C[$])[$],#TC5B=C(=C[$][$])[$],#TC5C=C(C[$])[$],#TC5e=C(C[$][$])[$][$]}",1.217074871,1.446295619,1.357125163,,
FURA,c1ccoc1,"{[#TC5]1[#TC5][#TN2a]1}.{#TC5=C(=C[$])[$],#TN2a=O[$][$]}",1.231381416,1.446401715,1.341013312,,
IMID,c1cnc[nH]1,"{[#TC5]1[#TN6a][#TN6d]1}.{#TC5=C(=C[$])[$],#TN6a=C(=N[$])[$],#TN6d=N[$][$]}",-0.21219942,-1.199405909,-0.398052633,,
INDA,c2ccc1[nH]ncc1c2,"{[#TC5A]1[#TC5A][#TC5B]12[#TN6d][#TN6a]2}.{#TC5A=C(C[$])[$],#TC5B=C(C[$][$])[$][$],#TN6a=C(=N[$])[$],#TN6d=N[$][$]}",0.681849539,0.474907696,0.724575102,,
INDO,C1=CC=C2C(=C1)C=CN2,"{[#TC5B]1[#TC5B][#TC5C]12[#TC5A][#TN6d]2}.{#TC5A=C(=C[$])[$],#TC5B=C(C[$])[$],#TC5C=C(C[$][$])[$][$],#TN6d=N[$][$]}",0.963932812,0.98275274,1.052701473,,
IOBZ,c1ccc(cc1)I,"{[#TC5]1[#X1][#TC5]1}.{#TC5=C(=C[$])[$],#X1=IC(=C[$])[$]}",1.210335732,1.446220279,1.364681721,,
IOPHE,c1ccc(c(c1)O)I,"{[#TC5]1[#X1][#SN6]1}.{#SN6=OC(=C[$])[$],#TC5=C(=C[$])[$],#X1=IC(=C[$])[$]}",0.694226027,0.416609257,0.636077821,,
MBZOA,COC(=O)c1ccccc1,"{[#N4a][#TC5B]1[#TC5A][#TC5A]1}.{#N4a=COC(=O)[$],#TC5A=C(=C[$])[$],#TC5B=C(=C[$][$])[$]}",0.785396338,0.693083525,0.885573626,,
MCYPE,CC1CCCC1,"{[#SC3B][#SC3A]}.{#SC3A=C(C[$])C[$],#SC3B=CC(C[$])[$]}",1.280298948,1.445984602,1.28492856,,
MESI,Cc1cc(cc(c1)C)C,{[#SC4]1[#SC4][#SC4]1}.{#SC4=CC(=C[$])[$]},1.232604742,1.446484447,1.33972919,,
MIND,c1cccc2c1c(c[nH]2)C,"{[#TC5A]1[#TC5A][#TC5B]12[#SC4][#TN6d]2}.{#SC4=CC(=C[$])[$],#TC5A=C(=C[$])[$],#TC5B=C(=C[$][$])[$][$],#TN6d=N[$][$]}",1.021812916,1.088630319,1.122166634,,
MINDA,Cn1c2ccccc2cn1,"{[#TN1]2[#TC5B]1[#TC5A][#TC5A]1([#TN6a]2)}.{#TC5A=C(C[$])[$],#TC5B=C(C[$][$])[$][$],#TN1=CN[$][$],#TN6a=C(=N[$])[$]}",0.898776054,0.790944338,0.881774008,,
MNAP,Cc2cccc1ccccc12,"{[#SC4]1[#TC5A][#TC5e]12[#TC5B][#TC5B]2}.{#SC4=CC(=C[$])[$],#TC5A=C(=C[$])[$],#TC5B=C(C[$])[$],#TC5e=C(C[$][$])[$][$]}",1.218315125,1.446368694,1.355810046,,
MXYLE,Cc1cccc(c1)C,"{[#SC4]1[#TC5][#SC4]1}.{#SC4=CC(=C[$])[$],#TC5=C(=C[$])[$]}",1.225785851,1.446416378,1.347386241,,
NAPH,c1ccc2ccccc2c1,"{[#TC5B]1[#TC5B][#TC5e]12[#TC5A][#TC5A]2}.{#TC5A=C(=C[$])[$],#TC5B=C(C[$])[$],#TC5e=C(C[$][$])[$][$]}",1.209179521,1.446253419,1.366037488,,
NAPY,c1ccc2ncccc2n1,"{[#TN6aB]1[#TC5B][#TC5e]12[#TN6aA][#TC5A]2}.{#TC5A=C(=C[$])[$],#TC5B=C(C[$])[$],#TC5e=C(C[$][$])[$][$],#TN6aA=C(=N[$])[$],#TN6aB=C(N[$])[$]}",0.32840091,-0.2595689,0.188105628,,
NBAPH,Oc1ccccc1NC(=O)OC(C)(C)(C),"{[#SN6]1[#TC5A][#TC5B]1[#SP2][#SC1]}.{#SC1=CC(C)(C)[$],#SN6=OC(=C[$])[$],#SP2=O=C(N[$])O[$],#TC5A=C(=C[$])[$],#TC5B=C(=C[$][$])[$]}",0.448054135,-0.027706731,0.34828952,,
NDMBI,CN(C)c1ccc(cc1)C2N(C)c3ccccc3N2C,"{[#SN1A][#TC5B]1[#TC5B][#TC5A]1([#SN1B]3[#TC5D]2[#TC5C][#TC5C]2([#TN1]3))}.{#SN1A=CN(C)[$],#SN1B=CN(C[$][$])[$],#TC5A=C(=C[$])[$],#TC5B=C(=C[$][$])[$],#TC5C=C(C[$])[$],#TC5D=C(C[$][$])[$][$],#TN1=CN[$][$]}",1.014129519,0.976775646,0.988063574,,
NIBZ,c1ccc(cc1)[N+](=O)[O-],"{[#TC5A]1[#TC5B][#TC5A]1([#SN3a])}.{#SN3a=O=[N+]([O-])[$],#TC5A=C(=C[$])[$],#TC5B=C(=C[$][$])[$]}",0.767726362,0.809520185,1.054319382,,
OMA,COc1ccccc1C,"{[#TN2a][#TC5B]1[#TC5A][#SC4]1}.{#SC4=CC(=C[$])[$],#TC5A=C(=C[$])[$],#TC5B=C(=C[$][$])[$],#TN2a=CO[$]}",1.135021567,1.267287254,1.221730709,,
OXYLE,Cc1c(C)cccc1,"{[#SC4]1[#SC4][#TC5]1}.{#SC4=CC(C[$])[$],#TC5=C(C[$])[$]}",1.23916471,1.446513295,1.332316875,,
PBEN,CCCc1ccccc1,"{[#SC2][#TC5B]1[#TC5A][#TC5A]1}.{#SC2=CCC[$],#TC5A=C(=C[$])[$],#TC5B=C(=C[$][$])[$]}",1.228632808,1.446386456,1.3441149,,
PBZOA,CCCOC(=O)c1ccccc1,"{[#SC2][#SN4a][#TC5B]1[#TC5A][#TC5A]1}.{#SC2=CCC[$],#SN4a=O=C(O[$])[$],#TC5A=C(=C[$])[$],#TC5B=C(=C[$][$])[$]}",1.049777865,1.167058945,1.190554261,,
PCRE,Cc1ccc(O)cc1,"{[#TC4]1[#TC5B][#TN6][#TC5A]1}.{#TC4=CC[$][$],#TC5A=C(=C[$])[$],#TC5B=C(C[$])[$],#TN6=OC[$][$]}",0.853011906,0.766446114,0.902463794,,
PCYM,c1cc(ccc1C(C)C)C,"{[#TC5B]1[#SC4][#TC5A]1([#SC2])}.{#SC2=CC(C)[$],#SC4=CC(C[$])[$],#TC5A=C(C[$])[$],#TC5B=C(C[$][$])[$]}",1.239488363,1.446501255,1.331933856,,
PHEN,c1ccc(cc1)O,"{[#TC5]1[#SN6][#TC5]1}.{#SN6=OC(=C[$])[$],#TC5=C(=C[$])[$]}",0.236899987,-0.384303033,0.132743865,,
PIPER,C1CCNCC1,"{[#SC3][#SN6d]}.{#SC3=C(C[$])C[$],#SN6d=C(NC[$])[$]}",0.38776201,-0.163881928,0.242876351,,
PXYLE,Cc1ccc(C)cc1,"{[#TC4]1[#TC5B][#TC4][#TC5A]1}.{#TC4=CC[$][$],#TC5A=C(=C[$])[$],#TC5B=C(C[$])[$]}",1.210822701,1.446181178,1.364078999,,
PYAZ,c1ccnnc1,"{[#TC5]1[#TC5][#TN1a]1}.{#TC5=C(C[$])[$],#TN1a=N(N[$])[$]}",0.720768988,0.599442124,0.839395165,,
PYLI,C1CCNC1,"{[#SC3][#TN6d]}.{#SC3=C(C[$])C[$],#TN6d=C(N[$])[$]}",0.222321719,-0.468286902,0.042059831,,
PYMI,c1cncnc1,"{[#TC5]1[#TN6a][#TN6a]1}.{#TC5=C(=C[$])[$],#TN6a=C(=N[$])[$]}",-0.484546095,-1.914439559,-1.001797438,,
PYRI,c1ccncc1,"{[#TC5]1[#TN6a][#TC5]1}.{#TC5=C(=C[$])[$],#TN6a=C(=N[$])[$]}",0.051715352,-0.717720926,-0.082697161,,
PYRR,[nH]1cccc1,"{[#TN6d]1[#TC5][#TC5]1}.{#TC5=C(=C[$])[$],#TN6d=N[$][$]}",0.492070675,0.086637422,0.444309771,,
QUIN,n1cccc2ccccc12,"{[#TN6a]1[#TC5A][#TC5e]12[#TC5B][#TC5B]2}.{#TC5A=C(=C[$])[$],#TC5B=C(C[$])[$],#TC5e=C(C[$][$])[$][$],#TN6a=C(=N[$])[$]}",0.799490392,0.709172726,0.890111983,,
STYR,c1ccccc1C=C,"{[#TC5A]1[#TC5A][#TC5B]1[#TC5C]}.{#TC5A=C(=C[$])[$],#TC5B=C(=C[$][$])[$],#TC5C=C=C[$]}",1.20170188,1.446071982,1.374297857,,
TCLBZ,Clc1ccc(Cl)c(Cl)c1,{[#SX3]1[#SX3][#SX3]1}.{#SX3=ClC(=C[$])[$]},1.195951581,1.445970058,1.380697846,,
TDMBI,CCOCCOCCOCCOc1ccc(cc1)C2N(C)c3ccccc3N2C,"{[#N3rB][#N3rA][#P4][#TC5B]1[#TC5B][#TC5A]1([#SN1]3[#TC5D]2[#TC5C][#TC5C]2([#TN1]3))}.{#N3rA=C(C[$])OC[$],#N3rB=CCOC[$],#P4=C(CO[$])O[$],#SN1=CN(C[$][$])[$],#TC5A=C(=C[$])[$],#TC5B=C(=C[$][$])[$],#TC5C=C(C[$])[$],#TC5D=C(C[$][$])[$][$],#TN1=CN[$][$]}",0.662206709,0.391262203,0.640074253,,
TECE,c34cc2cc1ccccc1cc2cc3cccc4,"{[#TC5D]24[#TC5C]3[#TC5C]1[#TC5B][#TC5B][#TC5C]1[#TC5C]23([#TC5A][#TC5A]4)}.{#TC5A=C(=C[$])[$],#TC5B=C(C[$])[$],#TC5C=C(C[$][$])[$],#TC5D=C(C[$][$])[$][$]}",1.208785295,1.446253538,1.366485715,,
THAZ,n1ccsc1,"{[#TN6a]1[#TC5][#TC6]1}.{#TC5=C(=C[$])[$],#TC6=S[$][$],#TN6a=C(=N[$])[$]}",0.03449744,-0.678354621,-0.012876481,,
THF,C1CCOC1,"{[#SC3][#TN4a]}.{#SC3=C(C[$])C[$],#TN4a=C(O[$])[$]}",0.513132989,0.085266918,0.418640465,,
THIO,c1ccsc1,"{[#TC5]1[#TC5][#TC6]1}.{#TC5=C(=C[$])[$],#TC6=S[$][$]}",1.189612746,1.445784092,1.387658834,,
THP,O1CCCCC1,"{[#SN4a][#SC3]}.{#SC3=C(C[$])C[$],#SN4a=C(OC[$])[$]}",1.004828453,0.872824252,0.865889668,,
THPH,Sc1ccccc1,"{[#SC6]1[#TC5][#TC5]1}.{#SC6=SC(=C[$])[$],#TC5=C(=C[$])[$]}",1.19233942,1.445849776,1.384646535,,
THPY,c1cncc2c1ccs2,"{[#TC5A]1[#TN6a][#TC5B]12[#TC5A][#TC6]2}.{#TC5A=C(=C[$])[$],#TC5B=C(=C[$][$])[$][$],#TC6=S[$][$],#TN6a=C(=N[$])[$]}",0.486099243,0.345605552,0.781770051,,
THT,S1CCCC1,"{[#SC6][#TC3]}.{#SC6=C(SC[$])[$],#TC3=C(C[$])[$]}",1.214714766,1.446251154,1.359748125,,
TOLU,Cc1ccccc1,"{[#SC4]1[#TC5][#TC5]1}.{#SC4=CC(=C[$])[$],#TC5=C(=C[$])[$]}",1.21374619,1.446287751,1.360895395,,
XBZ,COc1ccccc1,"{[#TN2a][#TC5B]1[#TC5A][#TC5A]1}.{#TC5A=C(=C[$])[$],#TC5B=C(=C[$][$])[$],#TN2a=CO[$]}",1.106069446,1.23354578,1.211524844,,
XNAPH,COc1cccc2ccccc21,"{[#TN2a][#TC5B]1[#TC5A][#TC5e]12[#TC5C][#TC5C]2}.{#TC5A=C(=C[$])[$],#TC5B=C(=C[$][$])[$],#TC5C=C(C[$])[$],#TC5e=C(C[$][$])[$][$],#TN2a=CO[$]}",1.151949167,1.324731827,1.275858521,,
TPCN00001,C=CC1C(OC2OC(CO)C(O)C(O)C2O)OC=C(C(=O)OC5CC3C(C(=O)OC)=COC(OC4OC(CO)C(O)C(O)C4O)C3C5C)C1CC(O)OC,"{[#TC5B][#TC3B]2[#TN4aB][#SP4B]1[#TN4aB][#TP1]([#SP4A]1)([#TC5A]2[#SN4aB][#SC3]3[#TC3A][#N4a](=[#TN4aA][#TN6A]3[#SN4aA]4[#TP1]([#SP4A][#TN6B]4)))([#P2])}.{#N4a=COC(=O)[$],#P2=COC(O)C[$],#SC3=CC(C[$][$])C[$][$],#SN4aA=O(C[$][$])C[$][$],#SN4aB=O=C(O[$])[$],#SP4A=OC(C(O)[$])[$],#SP4B=OC(C(O[$])[$])[$],#TC3A=C(C(C[$][$])[$])[$],#TC3B=C(C[$][$])[$][$],#TC5A=C(=C[$][$])[$],#TC5B=C=C[$],#TN4aA=C(O[$])[$],#TN4aB=O(C[$][$])[$],#TN6A=O(C[$][$])[$],#TN6B=OC[$][$],#TP1=OC[$]}",-0.035642337,-0.767770112,-0.047398549,,
TPCN00002,C=CC1C(OC2OC(CO)C(O)C(O)C2O)OC=C(C(=O)OC7CC3C(C(=O)OC)=COC(OC4OC(CO)C(O)C(O)C4O)C3C7C)C1CC5NC(C(=O)O)Cc8c5[nH]c6ccccc86,"{[#TC5E][#TC3B]2[#TN4aB][#SP4B]1[#TN4aB][#TP1]([#SP4A]1)([#TC5A]2[#SN4aB][#SC3]3[#TC3A][#N4a](=[#TN4aA][#TN6A]3[#SN4aA]4[#TP1]([#SP4A][#TN6B]4)))([#TC4]5[#SN6d][#SP2]([#TC5B]56[#TN6d][#TC5D]67[#TC5C][#TC5C]7))}.{#N4a=COC(=O)[$],#SC3=CC(C[$][$])C[$][$],#SN4aA=O(C[$][$])C[$][$],#SN4aB=O=C(O[$])[$],#SN6d=C(C(N[$])[$])[$],#SP2=O=C(O)[$],#SP4A=OC(C(O)[$])[$],#SP4B=OC(C(O[$])[$])[$],#TC3A=C(C(C[$][$])[$])[$],#TC3B=C(C[$][$])[$][$],#TC4=C(C[$][$])[$],#TC5A=C(=C[$][$])[$],#TC5B=C(=C[$][$])[$][$],#TC5C=C(C[$])[$],#TC5D=C(C[$][$])[$][$],#TC5E=C=C[$],#TN4aA=C(O[$])[$],#TN4aB=O(C[$][$])[$],#TN6A=O(C[$][$])[$],#TN6B=OC[$][$],#TN6d=N[$][$],#TP1=OC[$]}",0.199816614,-0.367629409,0.196148306,,
TPCN00003,CC(C)=CC1OC(=O)C(=CCOC2OC(COC(=O)C=Cc3ccc(O)cc3)C(O)C(O)C2O)C1O,"{[#SC4][#TN4a]1[#TN6a][#SN6B]1=[#SN3r][#SN4a]3[#N4a][#TC5A][#TC5B]2[#SN6A][#TC5A]2([#SP4][#TN6]3)}.{#N4a=O=C(OC[$])[$],#SC4=CC(C)=C[$],#SN3r=C(C[$])O[$],#SN4a=O(C[$][$])C[$][$],#SN6A=OC(=C[$])[$],#SN6B=OC(C[$][$])[$],#SP4=OC(C(O)[$])[$],#TC5A=C(=C[$])[$],#TC5B=C(=C[$][$])[$],#TN4a=O(C[$][$])[$],#TN6=OC[$][$],#TN6a=O=C[$][$]}",0.249582782,-0.297101796,0.229688942,,
TPCN00004,CC=C1C(OC2OC(CO)C(O)C(O)C2O)OC=C(C(=O)OC)C1CC(=O)OCC4C(C)C(OC(=O)CC5C(C(=O)OC)=COC(OC3OC(CO)C(O)C(O)C3O)C5=CC)CC4C(C)CO,"{[#TC3B]=[#TC3A]2[#TN4a][#SP4B]1[#TN4a][#TP1]([#SP4A]1)([#TC5]2[#N4aA])([#N4aB][#SC4][#SC3][#SN4a][#TC3A]3[#TC5][#N4aA]([#TN4a]3[#SP4B]4[#TN4a][#TP1]([#SP4A]4))(=[#TC3B])([#P1]))}.{#N4aA=COC(=O)[$],#N4aB=O=C(C[$])OC[$],#P1=CC(CO)[$],#SC3=C(C[$][$])C[$][$],#SC4=CC(C[$][$])[$],#SN4a=O=C(C[$])O[$],#SP4A=OC(C(O)[$])[$],#SP4B=OC(C(O[$])[$])[$],#TC3A=C(C[$][$])[$][$],#TC3B=CC[$],#TC5=C(=C[$][$])[$],#TN4a=O(C[$][$])[$],#TP1=OC[$]}",0.030271634,-0.642762661,0.037370298,,
TPCN00005,CC=C(C)C(=O)OC12CC(C(=O)C=C1C)C2(C)C,"{[#C4][#SN4a][#SC3]1[#TN6a][#SC4A]1([#SC4B])}.{#C4=CC=C(C)[$],#SC3=C(C[$][$])C[$][$][$],#SC4A=CC(=C[$])[$],#SC4B=CC(C)[$][$],#SN4a=O=C(O[$])[$],#TN6a=O=C[$][$]}",0.970365524,0.970804334,1.030139565,,
TPCN00006,COC(=O)C1=COC(OC2OC(CO)C(O)C(O)C2O)C3C(CO)=CCC13,"{[#N4a][#TC5]2[#TN4a][#SP4B]1[#TN4a][#TP1]([#SP4A]1)([#SC3]2[#TC5][#TN2a])}.{#N4a=COC(=O)[$],#SC3=C(C(C[$][$])[$])[$],#SP4A=OC(C(O)[$])[$],#SP4B=OC(C(O[$])[$])[$],#TC5=C(=C[$][$])[$],#TN2a=OC[$],#TN4a=O(C[$][$])[$],#TP1=OC[$]}",0.00370891,-0.648909867,0.05968656,,
TPCN00007,CC(C)=CC1OC(=O)C(=CCOC2OC(COC(=O)C=Cc3ccc(O)cc3)C(O)C(O)C2O)C1O,"{[#SC4][#TN4a]1[#TN6a][#SN6B]1=[#SN3r][#SN4a]3[#N4a][#TC5A][#TC5B]2[#SN6A][#TC5A]2([#SP4][#TN6]3)}.{#N4a=O=C(OC[$])[$],#SC4=CC(C)=C[$],#SN3r=C(C[$])O[$],#SN4a=O(C[$][$])C[$][$],#SN6A=OC(=C[$])[$],#SN6B=OC(C[$][$])[$],#SP4=OC(C(O)[$])[$],#TC5A=C(=C[$])[$],#TC5B=C(=C[$][$])[$],#TN4a=O(C[$][$])[$],#TN6=OC[$][$],#TN6a=O=C[$][$]}",0.249582782,-0.297101796,0.229688942,,
TPCN00008,C=CC1C(OC2OC(CO)C(O)C(O)C2O)OC=C(C(=O)O)C1CC3NCCc4cc(OC)c(O)cc43,"{[#TC5D][#TC3]2[#TN4a][#SP4B]1[#TN4a][#TP1]([#SP4A]1)([#TC5A]2[#SP2])([#TC4]3[#SN6d][#TC5C]34[#TC5B][#TN2a]([#SN6]4))}.{#SN6=OC(C[$])[$],#SN6d=C(C[$])N[$],#SP2=O=C(O)[$],#SP4A=OC(C(O)[$])[$],#SP4B=OC(C(O[$])[$])[$],#TC3=C(C[$][$])[$][$],#TC4=C(C[$][$])[$],#TC5A=C(=C[$][$])[$],#TC5B=C(C[$][$])[$],#TC5C=C(C[$][$])[$][$],#TC5D=C=C[$],#TN2a=CO[$],#TN4a=O(C[$][$])[$],#TP1=OC[$]}",0.091856465,-0.608266056,0.011481006,,
TPCN00009,C=CC1C(OC2OC(CO)C(O)C(O)C2O)OC=C(C(=O)O)C1CC3NCCc4cc(OC)c(OC)cc43,"{[#TC5D][#TC3]2[#TN4a][#SP4B]1[#TN4a][#TP1]([#SP4A]1)([#TC5A]2[#SP2])([#TC4]3[#SN6d][#TC5C]34[#TC5B][#TN2a]([#TC5B]4[#TN2a]))}.{#SN6d=C(C[$])N[$],#SP2=O=C(O)[$],#SP4A=OC(C(O)[$])[$],#SP4B=OC(C(O[$])[$])[$],#TC3=C(C[$][$])[$][$],#TC4=C(C[$][$])[$],#TC5A=C(=C[$][$])[$],#TC5B=C(C[$][$])[$],#TC5C=C(C[$][$])[$][$],#TC5D=C=C[$],#TN2a=CO[$],#TN4a=O(C[$][$])[$],#TP1=OC[$]}",0.23351343,-0.307045549,0.235240757,,
TPCN00010,CC1C(OC(=O)c2cccc(OC(=O)c3cccc(OC4OC(CO)C(O)C(O)C4O)c3)c2)CC5C(C(=O)O)=COC(OC6OC(CO)C(O)C(O)C6O)C51,"{[#SC3B][#SN4aB][#TC5B]1[#TC5A][#TC5B]1[#SN4aB][#TC5D]2[#TC5C][#SN6]2[#SN4aA]3[#TP1]([#SP4A][#TN6]3)([#SC3A]4[#TC5B][#SP2]([#TN4a]4[#SP4B]5[#TN4a][#TP1]([#SP4A]5)))}.{#SC3A=C(C(C[$][$])[$])[$],#SC3B=CC(C[$][$])[$],#SN4aA=O(C[$][$])C[$][$],#SN4aB=O=C(O[$])[$],#SN6=C(C(O[$])[$])[$],#SP2=O=C(O)[$],#SP4A=OC(C(O)[$])[$],#SP4B=OC(C(O[$])[$])[$],#TC5A=C(=C[$])[$],#TC5B=C(=C[$][$])[$],#TC5C=C(C[$])[$],#TC5D=C(C[$][$])[$],#TN4a=O(C[$][$])[$],#TN6=OC[$][$],#TP1=OC[$]}",0.12757048,-0.483332038,0.130452037,,
TPCN00011,CC12CC3(O)OC(O1)C5(COC(=O)c4ccccc4)C3CC25OC6OC(CO)C(O)C(O)C6O,"{[#TC4]14[#SN6]2[#SN5a]1[#SC5]2[#N4a][#TC5B]3[#TC5A][#TC5A]3([#TN6A]4[#SN4a]5[#TP1]([#SP4][#TN6B]5))}.{#N4a=O=C(OC[$])[$],#SC5=C(C(C[$][$][$])[$])[$],#SN4a=O(C[$][$])C[$][$],#SN5a=O(C(O[$])[$])[$],#SN6=OC(C[$])[$][$],#SP4=OC(C(O)[$])[$],#TC4=CC[$][$][$],#TC5A=C(=C[$])[$],#TC5B=C(=C[$][$])[$],#TN6A=O(C[$][$][$])[$],#TN6B=OC[$][$],#TP1=OC[$]}",0.048469298,-0.649590969,0.00798494,,
TPCN00012,Cc1cc(OC2OC(CO)C(O)C(O)C2O)c(C(C)C)c(O)c1OC3OC(CO)C(O)C(O)C3O,"{[#SC4]2[#SN6][#SN4a]1[#TP1]([#SP4B][#TN6]1)([#SC2])([#SP4A]2[#SN4a]3[#TP1]([#SP4B][#TN6]3))}.{#SC2=CC(C)[$],#SC4=CC(=C[$])[$],#SN4a=O(C[$][$])C[$][$],#SN6=O(C(=C[$][$])[$])[$],#SP4A=OC(=C(O[$])[$])[$],#SP4B=OC(C(O)[$])[$],#TN6=OC[$][$],#TP1=OC[$]}",-0.287673563,-1.200594306,-0.3138583,,
TPCN00014,CC(C)=CC1OC(=O)C(=CCOC2OC(COC(=O)C=Cc3ccc(O)cc3)C(O)C(O)C2O)C1O,"{[#SC4][#TN4a]1[#TN6a][#SN6B]1=[#SN3r][#SN4a]3[#N4a][#TC5A][#TC5B]2[#SN6A][#TC5A]2([#SP4][#TN6]3)}.{#N4a=O=C(OC[$])[$],#SC4=CC(C)=C[$],#SN3r=C(C[$])O[$],#SN4a=O(C[$][$])C[$][$],#SN6A=OC(=C[$])[$],#SN6B=OC(C[$][$])[$],#SP4=OC(C(O)[$])[$],#TC5A=C(=C[$])[$],#TC5B=C(=C[$][$])[$],#TN4a=O(C[$][$])[$],#TN6=OC[$][$],#TN6a=O=C[$][$]}",0.249582782,-0.297101796,0.229688942,,
TPCN00015,C=CC1C(OC2OC(CO)C(O)C(O)C2O)OC=C6C(=O)N3CCc4c([nH]c5ccccc45)C3CC61,"{[#TC5D][#SN6]2[#SN4a]1[#TP1]([#SP4][#TN6]1)([#TN4a]=[#TC5C]23[#TN6a][#SN6d]34[#TC3][#TC5A]45[#TN6d][#TC5C]56[#TC5B][#TC5B]6)}.{#SN4a=O(C[$][$])C[$][$],#SN6=O(C(C[$][$])[$])[$],#SN6d=C(C(N[$][$])[$])[$],#SP4=OC(C(O)[$])[$],#TC3=C(C[$])[$],#TC5A=C(=C[$][$])[$][$],#TC5B=C(C[$])[$],#TC5C=C(C[$][$])[$][$],#TC5D=C=C[$],#TN4a=C(O[$])[$],#TN6=OC[$][$],#TN6a=O=C[$][$],#TN6d=N[$][$],#TP1=OC[$]}",0.13164413,-0.552443445,0.037577316,,
TPCN00016,CC=C1CN2CCC34c5ccccc5NC23C(O)CC1C4(CO)C(=O)OC,"{[#C4]3[#SN1]24[#SC4]1[#TC5][#TC5]1([#TN6d]2)([#SC3]3[#TN6]4([#TP1])([#N4a]))}.{#C4=CC=C(C[$])[$],#N4a=COC(=O)[$],#SC3=C(C(C[$][$][$])[$])[$],#SC4=C(C[$][$])(C[$][$][$])[$],#SN1=C(C[$])N(C[$][$][$])[$],#TC5=C(C[$])[$],#TN6=OC[$][$],#TN6d=N[$][$],#TP1=OC[$]}",0.716171145,0.459902644,0.666437805,,
TPCN00018,CC12CC3(O)OC(O1)C5(COC(=O)c4ccccc4)C3CC25OC6OC(COC(=O)c7cc(O)c(O)c(O)c7)C(O)C(O)C6O,"{[#TC4]14[#SN6B]2[#SN5a]1[#SC5]2[#N4a][#TC5B]3[#TC5A][#TC5A]3([#TN6A]4[#SN4a]6[#N4a][#TC5B]5[#SP4A][#SN6A]5([#SP4B][#TN6B]6))}.{#N4a=O=C(OC[$])[$],#SC5=C(C(C[$][$][$])[$])[$],#SN4a=O(C[$][$])C[$][$],#SN5a=O(C(O[$])[$])[$],#SN6A=OC(=C[$])[$],#SN6B=OC(C[$])[$][$],#SP4A=OC(=C(O)[$])[$],#SP4B=OC(C(O)[$])[$],#TC4=CC[$][$][$],#TC5A=C(=C[$])[$],#TC5B=C(=C[$][$])[$],#TN6A=O(C[$][$][$])[$],#TN6B=OC[$][$]}",0.004902244,-0.720512271,-0.03309847,,
TPCN00019,COC(=O)C12CC3CC(C(C)O)C1N(CCc4c2[nH]c5ccc(OC)cc45)C3,"{[#N4a][#TC5E]123[#TC3B][#TC3B]1[#SP1]([#TN6dA]2[#TC3A][#TC5A]34[#TN6dB][#TC5D]45[#TC5B][#TC5C]5[#TN2a])}.{#N4a=COC(=O)[$],#SP1=CC(O)[$],#TC3A=C(C[$])[$],#TC3B=C(C[$][$])[$],#TC5A=C(=C[$][$])[$][$],#TC5B=C(C[$])[$],#TC5C=C(C[$][$])[$],#TC5D=C(C[$][$])[$][$],#TC5E=C(C[$][$][$])[$][$],#TN2a=CO[$],#TN6dA=C(N[$][$])[$],#TN6dB=N[$][$]}",0.611231625,0.331027508,0.621049285,,
TPCN00020,CC=C1C[N+]2(C)CCC34c5ccccc5NC32C(O)CC1C4(CO)C(=O)[O-],"{[#C4]3[#SN1]24[#SC4]1[#TC5][#TC5]1([#TN6d]2)([#SC3]3[#TN6]4([#TP1])([#SN4a]))}.{#C4=CC=C(C[$])[$],#SC3=C(C(C[$][$][$])[$])[$],#SC4=C(C[$][$])(C[$][$][$])[$],#SN1=C[N+](CC[$])(C[$][$][$])[$],#SN4a=O=C([O-])[$],#TC5=C(C[$])[$],#TN6=OC[$][$],#TN6d=N[$][$],#TP1=OC[$]}",0.719359815,0.462326825,0.665912271,,
TPCN00021,CC(C)=CC1OC(=O)C(=CCOC2OC(COC(=O)C=Cc3ccc(O)cc3)C(O)C(O)C2O)C1O,"{[#SC4][#TN4a]1[#TN6a][#SN6B]1=[#SN3r][#SN4a]3[#N4a][#TC5A][#TC5B]2[#SN6A][#TC5A]2([#SP4][#TN6]3)}.{#N4a=O=C(OC[$])[$],#SC4=CC(C)=C[$],#SN3r=C(C[$])O[$],#SN4a=O(C[$][$])C[$][$],#SN6A=OC(=C[$])[$],#SN6B=OC(C[$][$])[$],#SP4=OC(C(O)[$])[$],#TC5A=C(=C[$])[$],#TC5B=C(=C[$][$])[$],#TN4a=O(C[$][$])[$],#TN6=OC[$][$],#TN6a=O=C[$][$]}",0.249582782,-0.297101796,0.229688942,,
TPCN00022,CCC1CC2CN3CCc4c([nH]c5ccc(OC)cc45)C(C(=O)OC)(C2)C13,"{[#TC3C][#TC3B]3[#TC3B]4[#TN6dA]5[#TC3A][#TC5A]1[#TN6dB][#TC5D]12[#TC5B][#TC5C]2[#TN2a]([#TC5E]345[#N4a])}.{#N4a=COC(=O)[$],#TC3A=C(C[$])[$],#TC3B=C(C[$][$])[$],#TC3C=CC[$],#TC5A=C(=C[$][$])[$][$],#TC5B=C(C[$])[$],#TC5C=C(C[$][$])[$],#TC5D=C(C[$][$])[$][$],#TC5E=C(C[$][$][$])[$][$],#TN2a=CO[$],#TN6dA=C(N[$][$])[$],#TN6dB=N[$][$]}",0.851834118,0.745199442,0.876671553,,
TPCN00023,C=CC(C)(CCC=C(C)C)OC1OC(COC2OC(C)C(OC(=O)C=Cc3ccc(O)cc3)C(OC4OC(C)C(O)C(O)C4O)C2O)C(O)C(O)C1O,"{[#TC5C][#SN3r][#SC2A]=[#SC2B]([#SN4a]4[#TN3r][#TN4a]3[#TC4][#SN6A][#N4a][#TC5B]1[#SN6B][#TC5A]1([#TN4a]2[#TC4][#SP4][#TN6]2)([#TN6]3)([#SP4][#TN6]4))}.{#N4a=O=C(C=C[$])O[$],#SC2A=C(C[$])C[$],#SC2B=CC(C)[$],#SN3r=CC(O[$])[$][$],#SN4a=O(C[$][$])C[$][$],#SN6A=O(C(C[$][$])[$])[$],#SN6B=OC(=C[$])[$],#SP4=OC(C(O)[$])[$],#TC4=CC[$][$],#TC5A=C(=C[$])[$],#TC5B=C(=C[$][$])[$],#TC5C=C=C[$],#TN3r=C(O[$])[$],#TN4a=O(C[$][$])[$],#TN6=OC[$][$]}",0.179304257,-0.470483929,0.088106833,,
TPCN00024,CC=C1C(OC2OC(CO)C(O)C(O)C2O)OC=C(C(=O)OC)C1CC(=O)OC5CC(C)C6COC(=O)CC3C(=COC(OC4OC(CO)C(O)C(O)C4O)C3=CC)C(=O)OCC(C)C56,"{[#TC3C]=[#TC3B]2[#TN4a][#SP4B]1[#TN4a][#TP1]([#SP4A]1)([#TC5]2[#N4aA])([#SN4aA][#TC3A][#SC3]5[#N4aB][#TC3B]3[#TC5][#TN4a]3[#SP4B]4[#TN4a][#TP1]([#SP4A]4)([#SN4aB][#SC2]5)(=[#TC3C]))}.{#N4aA=COC(=O)[$],#N4aB=O=C(C[$])OC[$],#SC2=CC(C[$])[$],#SC3=CC(C(C[$][$])[$])[$],#SN4aA=O=C(C[$])O[$],#SN4aB=O=C(O[$])[$],#SP4A=OC(C(O)[$])[$],#SP4B=OC(C(O[$])[$])[$],#TC3A=C(C[$][$])[$],#TC3B=C(C[$][$])[$][$],#TC3C=CC[$],#TC5=C(=C[$][$])[$],#TN4a=O(C[$][$])[$],#TP1=OC[$]}",0.102226056,-0.512754977,0.121663712,,
TPCN00025,CC12CC3(O)OC(O1)C5(COC(=O)c4ccc(O)cc4)C3CC25OC6OC(CO)C(O)C(O)C6O,"{[#TC4]14[#SN6B]2[#SN5a]1[#SC5]2[#N4a][#TC5B]3[#SN6A][#TC5A]3([#TN6A]4[#SN4a]5[#TP1]([#SP4][#TN6B]5))}.{#N4a=O=C(OC[$])[$],#SC5=C(C(C[$][$][$])[$])[$],#SN4a=O(C[$][$])C[$][$],#SN5a=O(C(O[$])[$])[$],#SN6A=OC(=C[$])[$],#SN6B=OC(C[$])[$][$],#SP4=OC(C(O)[$])[$],#TC4=CC[$][$][$],#TC5A=C(=C[$])[$],#TC5B=C(=C[$][$])[$],#TN6A=O(C[$][$][$])[$],#TN6B=OC[$][$],#TP1=OC[$]}",-0.091550268,-0.915015936,-0.171926633,,
TPCN00026,CC1(C)C(=O)C2=C(OC3(CCC4CC3C4(C)C)CC2c5ccccc5)C(C)(C)C1=O,"{[#SC4]5[#TN6a][#TC5C]3[#SN4a]1[#TC3]2[#TC3]1[#SC4]2([#TC3]3[#TC5B]4[#TC5A][#TC5A]4)([#SC4][#TN6a]5)}.{#SC4=CC(C)[$][$],#SN4a=C(C(O[$])[$][$])[$],#TC3=C(C[$][$])[$],#TC5A=C(=C[$])[$],#TC5B=C(=C[$][$])[$],#TC5C=C(=C[$][$])[$][$],#TN6a=O=C[$][$]}",0.950642407,0.895752132,0.956703186,,
TPCN00028,CC(C)=CC1OC(=O)C(=CCOC2OC(COC(=O)C=Cc3ccc(O)c(O)c3)C(O)C(O)C2O)C1O,"{[#SC4][#TN4a]1[#TN6a][#SN6B]1=[#SN3r][#SN4a]3[#N4a][#TC5A][#TC5B]2[#SN6A][#SN6A]2([#SP4][#TN6]3)}.{#N4a=O=C(OC[$])[$],#SC4=CC(C)=C[$],#SN3r=C(C[$])O[$],#SN4a=O(C[$][$])C[$][$],#SN6A=OC(=C[$])[$],#SN6B=OC(C[$][$])[$],#SP4=OC(C(O)[$])[$],#TC5A=C(=C[$])[$],#TC5B=C(=C[$][$])[$],#TN4a=O(C[$][$])[$],#TN6=OC[$][$],#TN6a=O=C[$][$]}",0.142384738,-0.463053107,0.139522761,,
TPCN00029,Cc1cc(OC2OC(CO)C(O)C(O)C2O)c(C(C)C)c(O)c1O,"{[#SC4]2[#SN6][#SN4a]1[#TP1]([#SP4B][#TN6]1)([#SC2])([#SP4A]2)}.{#SC2=CC(C)[$],#SC4=CC(=C[$])[$],#SN4a=O(C[$][$])C[$][$],#SN6=O(C(=C[$][$])[$])[$],#SP4A=OC(=C(O)[$])[$],#SP4B=OC(C(O)[$])[$],#TN6=OC[$][$],#TP1=OC[$]}",-0.129550472,-0.944963932,-0.167012811,,
TPCN00030,CC(=CCC(O)C(C)=CCO)C(=O)OCC=C(C)C(O)CC=C(C)C(=O)OC1OC(CO)C(O)C(O)C1O,"{[#N6a]=[#P1B][#SC4][#TP1]([#SN3r]=[#P1A][#C4][#SN4aB][#SN4aA]1[#TP1]([#SP4][#TN6]1))}.{#C4=CC(=CC[$])[$],#N6a=CC(C(=O)[$])[$],#P1A=CC(C(O)[$])[$],#P1B=OC(CC[$])[$],#SC4=CC(=C[$])[$],#SN3r=C(C[$])O[$],#SN4aA=O(C[$][$])C[$][$],#SN4aB=O=C(O[$])[$],#SP4=OC(C(O)[$])[$],#TN6=OC[$][$],#TP1=OC[$]}",-0.077471532,-0.879539847,-0.14261505,,
TPCN00032,C=CC(C)(CCC=C(C)C)OC1OC(COC2OC(C)C(OC(=O)C=Cc3ccc(O)cc3)C(OC4OC(C)C(O)C(O)C4O)C2O)C(O)C(O)C1O,"{[#TC5C][#SN3r][#SC2A]=[#SC2B]([#SN4a]4[#TN3r][#TN4a]3[#TC4][#SN6A][#N4a][#TC5B]1[#SN6B][#TC5A]1([#TN4a]2[#TC4][#SP4][#TN6]2)([#TN6]3)([#SP4][#TN6]4))}.{#N4a=O=C(C=C[$])O[$],#SC2A=C(C[$])C[$],#SC2B=CC(C)[$],#SN3r=CC(O[$])[$][$],#SN4a=O(C[$][$])C[$][$],#SN6A=O(C(C[$][$])[$])[$],#SN6B=OC(=C[$])[$],#SP4=OC(C(O)[$])[$],#TC4=CC[$][$],#TC5A=C(=C[$])[$],#TC5B=C(=C[$][$])[$],#TC5C=C=C[$],#TN3r=C(O[$])[$],#TN4a=O(C[$][$])[$],#TN6=OC[$][$]}",0.179304257,-0.470483929,0.088106833,,
TPCN00033,CC=C1CN2C3CC45c6ccccc6NC4(O3)C2CC1C5C(=O)OC,"{[#TC3B]=[#TC3A]5[#TN6dA]16[#TC3A]4[#TC5C]13[#TC5B]2[#TC5A][#TC5A]2([#TN6dB]3)([#TN2a]4)([#SC3]56[#N4a])}.{#N4a=COC(=O)[$],#SC3=C(C(C[$][$])[$])[$],#TC3A=C(C[$][$])[$],#TC3B=CC[$],#TC5A=C(C[$])[$],#TC5B=C(C[$][$])[$][$],#TC5C=C(C[$][$][$])[$][$][$],#TN2a=O[$][$],#TN6dA=C(N[$][$])[$][$],#TN6dB=N[$][$]}",0.817123353,0.665855408,0.814774811,,
TPCN00034,COC(=O)C1CC23CCCN4CCC5(c6ccccc6NC15CC2)C43,"{[#N4a][#TC3B]2[#TC5C]136[#TC3A][#TN6dA]1[#TC3A][#TC5D]235[#TC5B]4[#TC5A][#TC5A]4([#TN6dB]5)([#TC3A]6)}.{#N4a=COC(=O)[$],#TC3A=C(C[$])[$],#TC3B=C(C[$][$])[$],#TC5A=C(C[$])[$],#TC5B=C(C[$][$])[$][$],#TC5C=C(C[$][$][$])[$][$],#TC5D=C(C[$][$][$])[$][$][$],#TN6dA=C(N[$][$])[$],#TN6dB=N[$][$]}",0.839930475,0.721328139,0.85970813,,
TPCN00035,CC(C)=CC1OC(=O)C(=CCOC2OC(COC(=O)C=Cc3ccc(O)c(O)c3)C(O)C(O)C2O)C1O,"{[#SC4][#TN4a]1[#TN6a][#SN6B]1=[#SN3r][#SN4a]3[#N4a][#TC5A][#TC5B]2[#SN6A][#SN6A]2([#SP4][#TN6]3)}.{#N4a=O=C(OC[$])[$],#SC4=CC(C)=C[$],#SN3r=C(C[$])O[$],#SN4a=O(C[$][$])C[$][$],#SN6A=OC(=C[$])[$],#SN6B=OC(C[$][$])[$],#SP4=OC(C(O)[$])[$],#TC5A=C(=C[$])[$],#TC5B=C(=C[$][$])[$],#TN4a=O(C[$][$])[$],#TN6=OC[$][$],#TN6a=O=C[$][$]}",0.142384738,-0.463053107,0.139522761,,
TPCN00036,CC12CC3(O)OC(O1)C5(COC(=O)c4ccccc4)C3CC25OC6OC(COC(=O)c7ccccc7)C(O)C(O)C6O,"{[#TC4]14[#SN6]2[#SN5a]1[#SC5]2[#N4a][#TC5B]3[#TC5A][#TC5A]3([#TN6A]4[#SN4a]6[#N4a][#TC5B]5[#TC5A][#TC5A]5([#SP4][#TN6B]6))}.{#N4a=O=C(OC[$])[$],#SC5=C(C(C[$][$][$])[$])[$],#SN4a=O(C[$][$])C[$][$],#SN5a=O(C(O[$])[$])[$],#SN6=OC(C[$])[$][$],#SP4=OC(C(O)[$])[$],#TC4=CC[$][$][$],#TC5A=C(=C[$])[$],#TC5B=C(=C[$][$])[$],#TN6A=O(C[$][$][$])[$],#TN6B=OC[$][$]}",0.237406209,-0.288894147,0.253997535,,
TPCN00038,C=CC1C(OC2OC(CO)C(O)C(O)C2O)OC=C(C(=O)O)C1CC3NCCc4cc(OC)c(O)cc43,"{[#TC5D][#TC3]2[#TN4a][#SP4B]1[#TN4a][#TP1]([#SP4A]1)([#TC5A]2[#SP2])([#TC4]3[#SN6d][#TC5C]34[#TC5B][#TN2a]([#SN6]4))}.{#SN6=OC(C[$])[$],#SN6d=C(C[$])N[$],#SP2=O=C(O)[$],#SP4A=OC(C(O)[$])[$],#SP4B=OC(C(O[$])[$])[$],#TC3=C(C[$][$])[$][$],#TC4=C(C[$][$])[$],#TC5A=C(=C[$][$])[$],#TC5B=C(C[$][$])[$],#TC5C=C(C[$][$])[$][$],#TC5D=C=C[$],#TN2a=CO[$],#TN4a=O(C[$][$])[$],#TP1=OC[$]}",0.091856465,-0.608266056,0.011481006,,
TPCN00039,CC(C)(O)C(O)CC1OC(=O)CC1(C)O,"{[#P1][#SP1][#TN4a]1[#SN6a][#SN6]1}.{#P1=CC(C)(O)[$],#SN6=CC(O)[$][$],#SN6a=O=C(C[$])[$],#SP1=OC(C[$])[$],#TN4a=O(C[$][$])[$]}",0.120880879,-0.616902292,-0.032508008,,
TPCN00040,O=C(O)C1CC23CCCN4CCC5(c6ccccc6NC15CC2)C43,"{[#SP2][#TC3B]2[#TC5C]136[#TC3A][#TN6dA]1[#TC3A][#TC5D]235[#TC5B]4[#TC5A][#TC5A]4([#TN6dB]5)([#TC3A]6)}.{#SP2=O=C(O)[$],#TC3A=C(C[$])[$],#TC3B=C(C[$][$])[$],#TC5A=C(C[$])[$],#TC5B=C(C[$][$])[$][$],#TC5C=C(C[$][$][$])[$][$],#TC5D=C(C[$][$][$])[$][$][$],#TN6dA=C(N[$][$])[$],#TN6dB=N[$][$]}",0.783967972,0.625501692,0.800899684,,
TPCN00041,C=CC1C(OC2OC(CO)C(O)C(O)C2O)OC=C5C(=O)N3CCc4cc(OC)c(O)cc4C3CC51,"{[#TC5C][#SN6A]2[#SN4a]1[#TP1]([#SP4][#TN6]1)([#TN4a]=[#TC5B]23[#TN6a][#SN6d]34[#TC3][#TC5B]45[#TC5A][#TN2a]([#SN6B]5))}.{#SN4a=O(C[$][$])C[$][$],#SN6A=O(C(C[$][$])[$])[$],#SN6B=OC(C[$])[$],#SN6d=C(C(N[$][$])[$])[$],#SP4=OC(C(O)[$])[$],#TC3=C(C[$])[$],#TC5A=C(C[$][$])[$],#TC5B=C(C[$][$])[$][$],#TC5C=C=C[$],#TN2a=CO[$],#TN4a=C(O[$])[$],#TN6=OC[$][$],#TN6a=O=C[$][$],#TP1=OC[$]}",0.049500577,-0.76776582,-0.144084468,,
TPCN00042,CC(C)=CCC(O)C(C)=CCOC1OC(CO)C(O)C(O)C1O,"{[#SC2]=[#P1][#SC4][#TN3r][#SN4a]1[#TP1]([#SP4][#TN6]1)}.{#P1=OC(CC[$])[$],#SC2=CC(C)[$],#SC4=CC(=C[$])[$],#SN4a=O(C[$][$])C[$][$],#SP4=OC(C(O)[$])[$],#TN3r=C(O[$])[$],#TN6=OC[$][$],#TP1=OC[$]}",0.109053724,-0.592214882,0.012446872,,
TPCN00043,CC1C(O)CC2C(C(=O)O)=COC(OC3OC(CO)C(O)C(O)C3O)C21,"{[#TC4]1[#SN6][#TC5B]12[#TC5A][#SP2]([#TN4a]2[#SP4B]3[#TN4a][#TP1]([#SP4A]3))}.{#SN6=OC(C[$])[$],#SP2=O=C(O)[$],#SP4A=OC(C(O)[$])[$],#SP4B=OC(C(O[$])[$])[$],#TC4=CC[$][$],#TC5A=C(=C[$][$])[$],#TC5B=C(C[$][$])[$][$],#TN4a=O(C[$][$])[$],#TP1=OC[$]}",-0.086189732,-0.883442819,-0.137698248,,
TPCN00044,C=CC(C)(CCC=C(C)C(=O)O)OC1OCC(O)C(O)C1O,"{[#TC5][#SN3r][#SC2]=[#TC3][#SP2]([#SN4a]1[#SP4][#TN6]1)}.{#SC2=C(C[$])C[$],#SN3r=CC(O[$])[$][$],#SN4a=C(OC[$][$])[$],#SP2=O=C(O)[$],#SP4=OC(C(O)[$])[$],#TC3=CC[$][$],#TC5=C=C[$],#TN6=OC[$][$]}",0.355265796,-0.115129367,0.342033356,,
TPCN00045,CC1=CC(=O)OC12CC(O)C(C)(C)O2,"{[#SC4]1[#TN6a][#TN4a]12[#SP1][#N3r]2}.{#N3r=CC(C)(O[$])[$],#SC4=CC(=C[$])[$],#SP1=OC(C[$])[$],#TN4a=O(C[$][$][$])[$],#TN6a=O=C[$][$]}",0.162231475,-0.497025967,0.073603496,,
TPCN00046,CC1=CC(=O)OC1CC(O)C(C)(C)O,"{[#SC4]1[#TN6a][#TN4a]1[#SP1][#P1]}.{#P1=CC(C)(O)[$],#SC4=CC(=C[$])[$],#SP1=OC(C[$])[$],#TN4a=O(C[$][$])[$],#TN6a=O=C[$][$]}",0.17447935,-0.482826114,0.077826306,,
TPCN00047,CC=C1C(OC2OC(CO)C(O)C(O)C2O)OC=C(C(=O)OC)C1CC(=O)OCC4C(C)CC(OC(=O)CC5C(C(=O)OC)=COC(OC3OC(CO)C(O)C(O)C3O)C5=CC)C4C(C)CO,"{[#TC3B]=[#TC3A]2[#TN4a][#SP4B]1[#TN4a][#TP1]([#SP4A]1)([#TC5]2[#N4aA])([#N4aB][#SC4][#SC3][#SN4a][#TC3A]3[#TC5][#N4aA]([#TN4a]3[#SP4B]4[#TN4a][#TP1]([#SP4A]4))(=[#TC3B])([#P1]))}.{#N4aA=COC(=O)[$],#N4aB=O=C(C[$])OC[$],#P1=CC(CO)[$],#SC3=C(C(C[$][$])[$])[$],#SC4=CC(C[$][$])[$],#SN4a=O=C(C[$])O[$],#SP4A=OC(C(O)[$])[$],#SP4B=OC(C(O[$])[$])[$],#TC3A=C(C[$][$])[$][$],#TC3B=CC[$],#TC5=C(=C[$][$])[$],#TN4a=O(C[$][$])[$],#TP1=OC[$]}",0.030292628,-0.642763376,0.037345588,,
TPCN00048,CC(C)C1C=CC2(CC1)CC(C(=O)CC(O)CC3CC=CC(=O)O3)C2C=Cc4ccccc4,"{[#SC2][#TC3A]1[#TC5A][#TC3B]1[#SC3][#SN4a][#SP1][#TN4a]2[#SC5][#TN6a]2([#TC5A][#TC5B]3[#TC5A][#TC5A]3)}.{#SC2=CC(C)[$],#SC3=C(C(C[$][$])[$])[$],#SC5=C(=C[$])C[$],#SN4a=O=C(C[$])[$],#SP1=OC(C[$])[$],#TC3A=C(C[$][$])[$],#TC3B=C(C[$][$][$])[$],#TC5A=C(=C[$])[$],#TC5B=C(=C[$][$])[$],#TN4a=O(C[$][$])[$],#TN6a=O=C[$][$]}",0.829748929,0.701484203,0.845932364,,
TPCN00049,CC=C1CN2C3CC45c6ccccc6NC4(O3)C2CC1C5(C=O)C(=O)OC,"{[#TC3B]=[#TC3A]5[#TN6dA]16[#TC3A]4[#TC5C]13[#TC5B]2[#TC5A][#TC5A]2([#TN6dB]3)([#TN2a]4)([#SC3]56[#TN4a]([#N4a]))}.{#N4a=COC(=O)[$],#SC3=C(C(C[$][$][$])[$])[$],#TC3A=C(C[$][$])[$],#TC3B=CC[$],#TC5A=C(C[$])[$],#TC5B=C(C[$][$])[$][$],#TC5C=C(C[$][$][$])[$][$][$],#TN2a=O[$][$],#TN4a=O=C[$],#TN6dA=C(N[$][$])[$][$],#TN6dB=N[$][$]}",0.778167069,0.60817486,0.785362303,,
TPCN00050,CCC1C2CC3C4N(C)c5ccccc5C46CC(C2C6O)N3C1O,"{[#TC3C][#SN6]1[#TC3A]4[#TN6d]15[#SC5]26[#TN1][#TC5B]23[#TC5A][#TC5A]3([#TC3B]45[#TP1]6)}.{#SC5=C(C(C[$][$])[$][$])[$],#SN6=OC(C[$][$])[$],#TC3A=C(C[$][$])[$],#TC3B=C(C[$][$])[$][$],#TC3C=CC[$],#TC5A=C(C[$])[$],#TC5B=C(C[$][$])[$][$],#TN1=CN[$][$],#TN6d=C(N[$][$])[$][$],#TP1=OC[$][$]}",0.626682639,0.332101077,0.604873657,,
TPCN00051,C=CC(C)(CCC=C(C)C(=O)O)OC1OC(CO)C(OC(C)(C=C)CCC=C(C)C(=O)O)C(O)C1O,"{[#TC5][#SN3r][#SC2]=[#TC3B][#SP2]([#TN4a]1[#TC3A][#TP1]([#SN3r][#TC5]([#SC2]=[#TC3B][#SP2]))([#SP4]1))}.{#SC2=C(C[$])C[$],#SN3r=CC(O[$])[$][$],#SP2=O=C(O)[$],#SP4=OC(C(O)[$])[$],#TC3A=C(C[$][$])[$][$],#TC3B=CC[$][$],#TC5=C=C[$],#TN4a=O(C[$][$])[$],#TP1=OC[$]}",0.399962455,-0.059122548,0.362789571,,
TPCN00052,CC=C1C(OC2OC(CO)C(O)C(O)C2O)OC=C(C(=O)OC)C1CC(=O)OCC(C)C4CC(OC(=O)CC5C(C(=O)OC)=COC(OC3OC(CO)C(O)C(O)C3O)C5=CC)C(C)C4CO,"{[#TC3C]=[#TC3B]2[#TN4a][#SP4B]1[#TN4a][#TP1]([#SP4A]1)([#TC5]2[#N4a])([#SN4aB][#N3r][#TC3A][#SC3][#SN4aA][#TC3B]3[#TC5][#N4a]([#TN4a]3[#SP4B]4[#TN4a][#TP1]([#SP4A]4))(=[#TC3C])([#TP1]))}.{#N3r=CC(CO[$])[$],#N4a=COC(=O)[$],#SC3=CC(C[$][$])C[$][$],#SN4aA=O=C(C[$])O[$],#SN4aB=O=C(C[$])[$],#SP4A=OC(C(O)[$])[$],#SP4B=OC(C(O[$])[$])[$],#TC3A=C(C[$][$])[$],#TC3B=C(C[$][$])[$][$],#TC3C=CC[$],#TC5=C(=C[$][$])[$],#TN4a=O(C[$][$])[$],#TP1=OC[$]}",0.110084847,-0.531616807,0.088654324,,
TPCN00053,CC(C)C1C=CC2(CC1)CC(C(=O)CC(O)CC3CC=CC(=O)O3)C2C=Cc4ccccc4,"{[#SC2][#TC3A]1[#TC5A][#TC3B]1[#SC3][#SN4a][#SP1][#TN4a]2[#SC5][#TN6a]2([#TC5A][#TC5B]3[#TC5A][#TC5A]3)}.{#SC2=CC(C)[$],#SC3=C(C(C[$][$])[$])[$],#SC5=C(=C[$])C[$],#SN4a=O=C(C[$])[$],#SP1=OC(C[$])[$],#TC3A=C(C[$][$])[$],#TC3B=C(C[$][$][$])[$],#TC5A=C(=C[$])[$],#TC5B=C(=C[$][$])[$],#TN4a=O(C[$][$])[$],#TN6a=O=C[$][$]}",0.829748929,0.701484203,0.845932364,,
TPCN00054,CCC1CN(C)C2Cc3c([nH]c4ccccc34)C(=O)CC1C2C(=O)OC,"{[#TC3C][#TC3A]3[#TN1][#TC4]4[#SC4]1[#TN6d][#TC5B]12[#TC5A][#TC5A]2([#SN4a][#TC3B]34[#N4a])}.{#N4a=COC(=O)[$],#SC4=C(C(=C[$][$])[$])[$],#SN4a=O=C(C[$])[$],#TC3A=C(C[$][$])[$],#TC3B=C(C[$][$])[$][$],#TC3C=CC[$],#TC4=C[$][$][$],#TC5A=C(C[$])[$],#TC5B=C(C[$][$])[$][$],#TN1=CN[$][$],#TN6d=N[$][$]}",0.934105694,0.87922442,0.954378188,,
TPCN00055,CC(C)C1C=CC2(CC1)CC(C(=O)CC4CC3CC(CC(=O)O3)O4)C2C=Cc5ccccc5,"{[#SC2][#TC3A]1[#TC5A][#TC3B]1[#SC3B][#SN4aC][#SN4aB]2[#SC3C][#SN4aA][#SC3A]2(=[#SN6a])([#TC5A][#TC5B]3[#TC5A][#TC5A]3)}.{#SC2=CC(C)[$],#SC3A=C(C(C[$])[$])[$],#SC3B=C(C(C[$][$])[$])[$],#SC3C=C[$][$],#SN4aA=O(C[$][$])C[$][$],#SN4aB=O(C[$][$])[$],#SN4aC=O=C(C[$])[$],#SN6a=O[$],#TC3A=C(C[$][$])[$],#TC3B=C(C[$][$][$])[$],#TC5A=C(=C[$])[$],#TC5B=C(=C[$][$])[$]}",1.06105566,1.090806484,1.080379009,,
TPCN00056,CC=C1C[N+]2(C)CCC34c5ccccc5NC32C(O)CC1C4(CO)C(=O)OC,"{[#C4]3[#SN1]24[#SC4]1[#TC5][#TC5]1([#TN6d]2)([#SC3]3[#TN6]4([#TP1])([#N4a]))}.{#C4=CC=C(C[$])[$],#N4a=COC(=O)[$],#SC3=C(C(C[$][$][$])[$])[$],#SC4=C(C[$][$])(C[$][$][$])[$],#SN1=C[N+](CC[$])(C[$][$][$])[$],#TC5=C(C[$])[$],#TN6=OC[$][$],#TN6d=N[$][$],#TP1=OC[$]}",0.730851471,0.466150522,0.657744586,,
TPCN00057,COC(=O)c1cncc2c1CC(O)C2C,"{[#N4a][#TC5A]1[#TN6a][#TC5B]12[#SN6][#TC4]2}.{#N4a=COC(=O)[$],#SN6=OC(C[$])[$],#TC4=CC[$][$],#TC5A=C(=C[$][$])[$],#TC5B=C(=C[$][$])[$][$],#TN6a=C(=N[$])[$]}",0.223757982,-0.373836309,0.161033496,,
TPCN00058,C=CC(C)(CCC=C(C)C(=O)O)OC1OC(C)C(OC(C)(C=C)CCC=C(C)C(=O)O)C(O)C1O,"{[#TC5][#SN3r][#SC2]=[#TC3][#SP2]([#TN4a]1[#TC4][#SN6][#SN3r][#TC5]([#SC2]=[#TC3][#SP2])([#TN6]1))}.{#SC2=C(C[$])C[$],#SN3r=CC(O[$])[$][$],#SN6=OC(C[$][$])[$],#SP2=O=C(O)[$],#TC3=CC[$][$],#TC4=CC[$][$],#TC5=C=C[$],#TN4a=O(C[$][$])[$],#TN6=OC[$][$]}",0.522069395,0.151942328,0.493630588,,
TPCN00059,CC(C)C1C(C(=O)O)CC(C)C(O)C1O,"{[#SC2][#SC3]1[#SP2]([#TC4][#SP4]1)}.{#SC2=CC(C)[$],#SC3=C(C(C[$][$])[$])[$],#SP2=O=C(O)[$],#SP4=OC(C(O)[$])[$],#TC4=CC[$][$]}",0.541576743,0.159326226,0.480905235,,
TPCN00060,CC12CC3(O)OC(O1)C5(COC(=O)c4ccccc4)C3CC25OC6OC(CO)C(O)C(O)C6O,"{[#TC4]14[#SN6]2[#SN5a]1[#SC5]2[#N4a][#TC5B]3[#TC5A][#TC5A]3([#TN6A]4[#SN4a]5[#TP1]([#SP4][#TN6B]5))}.{#N4a=O=C(OC[$])[$],#SC5=C(C(C[$][$][$])[$])[$],#SN4a=O(C[$][$])C[$][$],#SN5a=O(C(O[$])[$])[$],#SN6=OC(C[$])[$][$],#SP4=OC(C(O)[$])[$],#TC4=CC[$][$][$],#TC5A=C(=C[$])[$],#TC5B=C(=C[$][$])[$],#TN6A=O(C[$][$][$])[$],#TN6B=OC[$][$],#TP1=OC[$]}",0.048469298,-0.649590969,0.00798494,,
TPCN00062,C=CC1C(OC2OC(CO)C(O)C(O)C2O)OC=C(C(=O)OC)C1CC3c4cc(O)c(O)cc4CCN3C(C)=O,"{[#TC5C][#TC3]2[#TN4a][#SP4B]1[#TN4a][#TP1]([#SP4A]1)([#TC5A]2[#N4a])([#TC4]4[#TC5B]3[#SN6][#SN6]3([#SN6d]4[#SN4a]))}.{#N4a=COC(=O)[$],#SN4a=CC(=O)[$],#SN6=OC(C[$])[$],#SN6d=C(C[$])N[$][$],#SP4A=OC(C(O)[$])[$],#SP4B=OC(C(O[$])[$])[$],#TC3=C(C[$][$])[$][$],#TC4=C(C[$][$])[$],#TC5A=C(=C[$][$])[$],#TC5B=C(C[$][$])[$][$],#TC5C=C=C[$],#TN4a=O(C[$][$])[$],#TP1=OC[$]}",0.14663595,-0.497153968,0.091151193,,
TPCN00063,CC(C)C1C=CC2(CC1)CC(C(=O)CC4CC3CC(CC(=O)O3)O4)C2C=Cc5ccccc5,"{[#SC2][#TC3A]1[#TC5A][#TC3B]1[#SC3B][#SN4aC][#SN4aB]2[#SC3C][#SN4aA][#SC3A]2(=[#SN6a])([#TC5A][#TC5B]3[#TC5A][#TC5A]3)}.{#SC2=CC(C)[$],#SC3A=C(C(C[$])[$])[$],#SC3B=C(C(C[$][$])[$])[$],#SC3C=C[$][$],#SN4aA=O(C[$][$])C[$][$],#SN4aB=O(C[$][$])[$],#SN4aC=O=C(C[$])[$],#SN6a=O[$],#TC3A=C(C[$][$])[$],#TC3B=C(C[$][$][$])[$],#TC5A=C(=C[$])[$],#TC5B=C(=C[$][$])[$]}",1.06105566,1.090806484,1.080379009,,
TPCN00064,C=CC1C(OC2OC(CO)C(O)C(O)C2O)OC=C(C(=O)OC)C1CCN4CCc6c([nH]c3ccccc63)C4CC5C(C(=O)OC)=COC(OC7OC(CO)C(O)C(O)C7O)C5C=C,"{[#TC5E][#TC3B]2[#TN4a][#SP4B]1[#TN4a][#TP1]([#SP4A]1)([#TC5A]2[#N4a])([#TC3A][#SN6d]5[#TC5B]3[#TN6d][#TC5D]34[#TC5C][#TC5C]4([#TC4]5[#TC3B]6[#TC5A][#N4a]([#TN4a]6[#SP4B]7[#TN4a][#TP1]([#SP4A]7))([#TC5E])))}.{#N4a=COC(=O)[$],#SN6d=C(C[$])N[$][$],#SP4A=OC(C(O)[$])[$],#SP4B=OC(C(O[$])[$])[$],#TC3A=C(C[$])[$],#TC3B=C(C[$][$])[$][$],#TC4=C(C[$][$])[$],#TC5A=C(=C[$][$])[$],#TC5B=C(=C[$][$])[$][$],#TC5C=C(C[$])[$],#TC5D=C(C[$][$])[$][$],#TC5E=C=C[$],#TN4a=O(C[$][$])[$],#TN6d=N[$][$],#TP1=OC[$]}",0.164410844,-0.417532831,0.172634199,,
TPCN00065,CC(CO)c1ccc(COC2OC(CO)C(O)C(O)C2O)cc1,"{[#P1][#TC5B]2[#TC5B][#TN2a][#SN4a]1[#TP1]([#SP4][#TN6]1)([#TC5A]2)}.{#P1=CC(CO)[$],#SN4a=O(C[$][$])C[$][$],#SP4=OC(C(O)[$])[$],#TC5A=C(=C[$])[$],#TC5B=C(=C[$][$])[$],#TN2a=C(O[$])[$],#TN6=OC[$][$],#TP1=OC[$]}",-0.062431552,-0.816440761,-0.079123311,,
TPCN00066,CCC12CC(C(=O)OC)=C3Nc4cc(O)ccc4C36CCN(C(=O)C5OC51)C62,"{[#TC3C][#TC5C]145[#TC3B][#N4a](=[#TC5C]12[#TN6dB][#TC5B]23[#SN6][#TC5A]3([#TC3A][#TN6dA]4=[#TN6a]([#TC5B]5[#P4])))}.{#N4a=COC(=O)[$],#P4=O[$][$],#SN6=OC(C[$])[$],#TC3A=C(C[$])[$],#TC3B=C(C[$][$])[$],#TC3C=CC[$],#TC5A=C(C[$])[$],#TC5B=C(C[$][$])[$][$],#TC5C=C(C[$][$][$])[$][$],#TN6a=O[$],#TN6dA=C(N[$][$])[$][$],#TN6dB=N[$][$]}",0.585379601,0.246295229,0.542212605,,
TPCN00068,C=CC1C(OC2OC(CO)C(O)C(O)C2O)OC=C5C(=O)N3CCc4cc(O)c(O)cc4C3CC51,"{[#TC5B][#SN6A]2[#SN4a]1[#TP1]([#SP4][#TN6]1)([#TN4a]=[#TC5A]23[#TN6a][#SN6d]34[#TC3][#TC5A]45[#SN6B][#SN6B]5)}.{#SN4a=O(C[$][$])C[$][$],#SN6A=O(C(C[$][$])[$])[$],#SN6B=OC(C[$])[$],#SN6d=C(C(N[$][$])[$])[$],#SP4=OC(C(O)[$])[$],#TC3=C(C[$])[$],#TC5A=C(C[$][$])[$][$],#TC5B=C=C[$],#TN4a=C(O[$])[$],#TN6=OC[$][$],#TN6a=O=C[$][$],#TP1=OC[$]}",-0.062277291,-0.96642071,-0.270809025,,
TPCN00069,CC1(C)C(=O)C2=C(OC3(CCC4CC3C4(C)C)CC2c5ccccc5)C(C)(C)C1=O,"{[#SC4]5[#TN6a][#TC5C]3[#SN4a]1[#TC3]2[#TC3]1[#SC4]2([#TC3]3[#TC5B]4[#TC5A][#TC5A]4)([#SC4][#TN6a]5)}.{#SC4=CC(C)[$][$],#SN4a=C(C(O[$])[$][$])[$],#TC3=C(C[$][$])[$],#TC5A=C(=C[$])[$],#TC5B=C(=C[$][$])[$],#TC5C=C(=C[$][$])[$][$],#TN6a=O=C[$][$]}",0.950642407,0.895752132,0.956703186,,
TPCN00070,COC(=O)N1c2ccccc2C63C4CN5CCCC(CCC16C(=O)OC)(CC4=O)C53,"{[#N4a][#TN1B]2[#TC5B]1[#TC5A][#TC5A]1([#TC3C]24[#SC3]35[#TN1A][#TC3A][#TC3B]3[#TC3A]4([#TN6a]5)([#N4a]))}.{#N4a=COC(=O)[$],#SC3=C(C[$][$])[$].C[$][$][$],#TC3A=C(C[$])[$],#TC3B=C(C[$][$][$])[$],#TC3C=C(C[$][$][$])[$][$][$],#TC5A=C(C[$])[$],#TC5B=C(C[$][$])[$][$],#TN1A=C(N[$][$])[$],#TN1B=N[$][$][$],#TN6a=O=C[$][$]}",0.879524291,0.735904336,0.833356321,,
TPCN00071,CC(C)C1C=CC2(CC1)CC(C(=O)CC(O)CC3CC=CC(=O)O3)C2C=Cc4ccccc4,"{[#SC2][#TC3A]1[#TC5A][#TC3B]1[#SC3][#SN4a][#SP1][#TN4a]2[#SC5][#TN6a]2([#TC5A][#TC5B]3[#TC5A][#TC5A]3)}.{#SC2=CC(C)[$],#SC3=C(C(C[$][$])[$])[$],#SC5=C(=C[$])C[$],#SN4a=O=C(C[$])[$],#SP1=OC(C[$])[$],#TC3A=C(C[$][$])[$],#TC3B=C(C[$][$][$])[$],#TC5A=C(=C[$])[$],#TC5B=C(=C[$][$])[$],#TN4a=O(C[$][$])[$],#TN6a=O=C[$][$]}",0.829748929,0.701484203,0.845932364,,
TPCN00072,CC(C)C1C=CC2(CC1)CC(C(=O)CC4CC3CC(CC(=O)O3)O4)C2C=Cc5ccccc5,"{[#SC2][#TC3A]1[#TC5A][#TC3B]1[#SC3B][#SN4aC][#SN4aB]2[#SC3C][#SN4aA][#SC3A]2(=[#SN6a])([#TC5A][#TC5B]3[#TC5A][#TC5A]3)}.{#SC2=CC(C)[$],#SC3A=C(C(C[$])[$])[$],#SC3B=C(C(C[$][$])[$])[$],#SC3C=C[$][$],#SN4aA=O(C[$][$])C[$][$],#SN4aB=O(C[$][$])[$],#SN4aC=O=C(C[$])[$],#SN6a=O[$],#TC3A=C(C[$][$])[$],#TC3B=C(C[$][$][$])[$],#TC5A=C(=C[$])[$],#TC5B=C(=C[$][$])[$]}",1.06105566,1.090806484,1.080379009,,
TPCN00073,COC(=O)C1=C2Nc3c(O)cccc3C25CCN4CC(C(C)O)C1CC45,"{[#N4a][#TC3C]34=[#TC5C]15[#TN6d][#TC5B]12[#SN6][#TC5A]2([#TC3A][#SN1]3[#SP1]([#TC3B]45))}.{#N4a=COC(=O)[$],#SN1=C(C[$][$])N[$][$],#SN6=OC(C[$])[$],#SP1=CC(O)[$],#TC3A=C(C[$])[$],#TC3B=C(C[$][$])[$],#TC3C=C(C[$][$])[$][$],#TC5A=C(C[$])[$],#TC5B=C(C[$][$])[$][$],#TC5C=C(C[$][$][$])[$][$],#TN6d=N[$][$]}",0.506449163,0.075654134,0.413956314,,
TPCN00074,CC1(C)C(=O)C2=C(OC3(CCC4CC3C4(C)C)CC2c5ccccc5)C(C)(C)C1=O,"{[#SC4]5[#TN6a][#TC5C]3[#SN4a]1[#TC3]2[#TC3]1[#SC4]2([#TC3]3[#TC5B]4[#TC5A][#TC5A]4)([#SC4][#TN6a]5)}.{#SC4=CC(C)[$][$],#SN4a=C(C(O[$])[$][$])[$],#TC3=C(C[$][$])[$],#TC5A=C(=C[$])[$],#TC5B=C(=C[$][$])[$],#TC5C=C(=C[$][$])[$][$],#TN6a=O=C[$][$]}",0.950642407,0.895752132,0.956703186,,
TPCN00076,CC=C1C(OC2OC(CO)C(O)C(O)C2O)OC=C4C(=O)OCC(C)C3C(O)CC(C)C3COC(=O)CC41,"{[#TC3B]=[#TC3A]23[#TN4a][#SP4B]1[#TN4a][#TP1]([#SP4A]1)([#TC5]2[#SN4a][#SC2][#SN6][#SC3][#N4a]3)}.{#N4a=O=C(C[$])OC[$],#SC2=CC(C[$])[$],#SC3=CC(C[$])C[$][$],#SN4a=O=C(O[$])[$],#SN6=OC(C[$][$])[$],#SP4A=OC(C(O)[$])[$],#SP4B=OC(C(O[$])[$])[$],#TC3A=C(C[$][$])[$][$],#TC3B=CC[$],#TC5=C(=C[$][$])[$],#TN4a=O(C[$][$])[$],#TP1=OC[$]}",0.167059585,-0.45409444,0.122940339,,
TPCN00077,CC=C1C[N+]2(C)CCc3c4n(c5ccccc35)C(C(=O)OC)C1CC42,"{[#TC3D]=[#TC3C]14[#SN1]5[#TC3A][#TC5A]2[#TN1]1[#TC5C]23[#TC5B][#TC5B]3([#N4a])([#TC3B]45)}.{#N4a=COC(=O)[$],#SN1=C[N+](C[$])[$][$],#TC3A=C(C[$])[$],#TC3B=C(C[$][$])[$],#TC3C=C(C[$][$])[$][$],#TC3D=CC[$],#TC5A=C(=C[$][$])[$][$],#TC5B=C(C[$])[$],#TC5C=C(C[$][$])[$][$],#TN1=C(N[$][$])[$][$]}",1.051946521,1.060395241,1.051891565,,
TPCN00081,C=CC1CN2CCc3c([nH]c4cccc(OC)c34)C2CC1C(=COC)C(=O)OC,"{[#TC5F][#TC3B]4[#TN6dA]1[#TC3A][#TC5B]12[#TN6dB][#TC5E]23[#TC5C][#TC5D]3[#TN2a]([#TC3B]4[#TC5A][#TP1d]([#N4a]))}.{#N4a=COC(=O)[$],#TC3A=C(C[$])[$],#TC3B=C(C[$][$])[$],#TC5A=C(=C[$][$])[$],#TC5B=C(=C[$][$])[$][$],#TC5C=C(C[$])[$],#TC5D=C(C[$][$])[$],#TC5E=C(C[$][$])[$][$],#TC5F=C=C[$],#TN2a=CO[$],#TN6dA=C(N[$][$])[$][$],#TN6dB=N[$][$],#TP1d=CO[$]}",0.778501153,0.581649303,0.751112819,,
TPCN00082,C=C(COC1OC(CO)C(O)C(O)C1OC2OC(COC(=O)CC(=O)O)C(O)C(O)C2O)C3CC=C(C)CC3,"{[#TC5][#TP1d][#SN4a]1[#TP1]([#SP4][#TN6A]1[#SN4a]2[#N4a][#SP2]([#SP4][#TN6B]2))([#TC3B]3[#SC4][#TC3A]3)}.{#N4a=O=C(C[$])OC[$],#SC4=CC(=C[$])[$],#SN4a=O(C[$][$])C[$][$],#SP2=O=C(O)[$],#SP4=OC(C(O)[$])[$],#TC3A=C(C[$])[$],#TC3B=C(C[$][$])[$],#TC5=C=C[$][$],#TN6A=O(C[$][$])[$],#TN6B=OC[$][$],#TP1=OC[$],#TP1d=C(O[$])[$]}",0.068888076,-0.560454428,0.098615989,,
TPCN00083,C=CC1C(OC2OC(CO)C(O)C(O)C2O)OC=C6C(=O)N3CCc4c([nH]c5ccc(O)cc45)C3CC61,"{[#TC5D][#SN6A]2[#SN4a]1[#TP1]([#SP4][#TN6]1)([#TN4a]=[#TC5C]23[#TN6a][#SN6d]34[#TC3][#TC5A]45[#TN6d][#TC5C]56[#TC5B][#SN6B]6)}.{#SN4a=O(C[$][$])C[$][$],#SN6A=O(C(C[$][$])[$])[$],#SN6B=OC(C[$])[$],#SN6d=C(C(N[$][$])[$])[$],#SP4=OC(C(O)[$])[$],#TC3=C(C[$])[$],#TC5A=C(=C[$][$])[$][$],#TC5B=C(C[$])[$],#TC5C=C(C[$][$])[$][$],#TC5D=C=C[$],#TN4a=C(O[$])[$],#TN6=OC[$][$],#TN6a=O=C[$][$],#TN6d=N[$][$],#TP1=OC[$]}",-0.027082074,-0.870373785,-0.188134819,,
TPCN00085,O=CC1(C=COC2OC(CO)C(O)C(O)C2O)CCC(COC(=O)C=Cc3ccc(O)c(O)c3)CC1O,"{[#TN4a][#SN6B]2[#SP2][#SN4a]1[#TP1]([#SP4][#TN6]1)([#TC3A][#TC3B]2[#N4a][#TC5A][#TC5B]3[#SN6A][#SN6A]3)}.{#N4a=O=C(OC[$])[$],#SN4a=O(C[$][$])C[$][$],#SN6A=OC(=C[$])[$],#SN6B=OC(C[$][$][$])[$],#SP2=C(=C[$])O[$],#SP4=OC(C(O)[$])[$],#TC3A=C(C[$])[$],#TC3B=C(C[$][$])[$],#TC5A=C(=C[$])[$],#TC5B=C(=C[$][$])[$],#TN4a=O=C[$],#TN6=OC[$][$],#TP1=OC[$]}",-0.011700704,-0.78583461,-0.097654328,,
TPCN00086,C=C(CCCC(C)CO)C1COC2OC(CO)C(O)C(=O)C21O,"{[#C4][#P1]([#SN6]1[#TN4aA]([#TN4aB][#TP1]([#TN6][#TN6a]1)))}.{#C4=C=C(CC[$])[$],#P1=CC(CO)C[$],#SN6=OC(C[$][$])(C[$][$])[$],#TN4aA=C(O[$])[$],#TN4aB=O(C[$][$])[$],#TN6=OC[$][$],#TN6a=O=C[$][$],#TP1=OC[$]}",0.068294697,-0.716625214,-0.100126162,,
TPCN00087,C=CC1C(OC2OC(CO)C(O)C(O)C2O)OC=C(C(=O)O)C1CC3NCCc4cc(O)c(OC)cc43,"{[#TC5D][#TC3]2[#TN4a][#SP4B]1[#TN4a][#TP1]([#SP4A]1)([#TC5A]2[#SP2])([#TC4]3[#SN6d][#TC5C]34[#SN6][#TC5B]4[#TN2a])}.{#SN6=OC(C[$])[$],#SN6d=C(C[$])N[$],#SP2=O=C(O)[$],#SP4A=OC(C(O)[$])[$],#SP4B=OC(C(O[$])[$])[$],#TC3=C(C[$][$])[$][$],#TC4=C(C[$][$])[$],#TC5A=C(=C[$][$])[$],#TC5B=C(C[$][$])[$],#TC5C=C(C[$][$])[$][$],#TC5D=C=C[$],#TN2a=CO[$],#TN4a=O(C[$][$])[$],#TP1=OC[$]}",0.032702282,-0.663091958,0.008651274,,
TPCN00088,C=C(C)C1CCC2(C(=O)O)CCC3(C)C(CCC4C5(C)CCC(O)C(C)(C)C5CCC43C)C12,"{[#SC4A][#TC3B][#SC3]1[#SP2]([#TC3A][#SC4C]12[#TC3A][#SC4C]24[#SC4C]3[#TC3A][#TN6][#SC4B]3([#TC3A]4))}.{#SC3=C(C(C[$][$])[$][$])[$],#SC4A=C=C(C)[$],#SC4B=CC(C)[$][$],#SC4C=CC(C[$][$])[$][$],#SP2=O=C(O)[$],#TC3A=C(C[$])[$],#TC3B=C(C[$][$])[$],#TN6=OC[$][$]}",1.085409284,1.133008361,1.106609941,,
TPCN00089,CC=C1C(OC2OC(CO)C(O)C(O)C2O)OC=C(C(=O)OC)C1CC(=O)OCC(C)C3CC(O)C(C)C3COC(=O)CC4C(C(=O)OC)=COC(OC5OC(CO)C(O)C(O)C5O)C4=CC,"{[#TC3B]=[#TC3A]2[#TN4a][#SP4B]1[#TN4a][#TP1]([#SP4A]1)([#TC5]2[#N4aA])([#SN4a][#N3r][#SC3]3[#TN6][#TC4]3([#N4aB][#TC3A]4[#TC5][#N4aA]([#TN4a]4[#SP4B]5[#TN4a][#TP1]([#SP4A]5))(=[#TC3B])))}.{#N3r=CC(CO[$])[$],#N4aA=COC(=O)[$],#N4aB=O=C(C[$])OC[$],#SC3=C(C(C[$][$])[$])[$],#SN4a=O=C(C[$])[$],#SP4A=OC(C(O)[$])[$],#SP4B=OC(C(O[$])[$])[$],#TC3A=C(C[$][$])[$][$],#TC3B=CC[$],#TC4=CC[$][$],#TC5=C(=C[$][$])[$],#TN4a=O(C[$][$])[$],#TN6=OC[$][$],#TP1=OC[$]}",0.085547924,-0.575723886,0.060198545,,
TPCN00090,COC(=O)N1c2c(ccc3c2OCO3)C67CCN4CCCC5(CCC16C(O)(C(=O)OC)C5)C47,"{[#N4a][#TN1B]2[#TC5B]1[#TC5A][#TC5B]1[#SN5a]([#TC3B]245[#SC3B]3[#TN1A][#SC3A]3[#TC3A]4([#SN6]5[#N4a]))}.{#N4a=COC(=O)[$],#SC3A=C(C[$])C[$][$][$],#SC3B=C(C[$])[$].C[$][$][$],#SN5a=C(O[$])O[$],#SN6=OC(C[$])[$][$],#TC3A=C(C[$])[$],#TC3B=C(C[$][$][$])[$][$][$],#TC5A=C(=C[$])[$],#TC5B=C(=C[$][$])[$][$],#TN1A=C(N[$][$])[$],#TN1B=N[$][$][$]}",0.647620976,0.36029458,0.617095709,,
TPCN00092,CC12CC3(O)OC(O1)C5(COC(=O)c4ccc(O)cc4)C3CC25OC6OC(COC(=O)c7ccccc7)C(O)C(O)C6O,"{[#TC4]14[#SN6B]2[#SN5a]1[#SC5]2[#N4a][#TC5B]3[#SN6A][#TC5A]3([#TN6A]4[#SN4a]6[#N4a][#TC5B]5[#TC5A][#TC5A]5([#SP4][#TN6B]6))}.{#N4a=O=C(OC[$])[$],#SC5=C(C(C[$][$][$])[$])[$],#SN4a=O(C[$][$])C[$][$],#SN5a=O(C(O[$])[$])[$],#SN6A=OC(=C[$])[$],#SN6B=OC(C[$])[$][$],#SP4=OC(C(O)[$])[$],#TC4=CC[$][$][$],#TC5A=C(=C[$])[$],#TC5B=C(=C[$][$])[$],#TN6A=O(C[$][$][$])[$],#TN6B=OC[$][$]}",0.115797773,-0.51944989,0.097702384,,
TPCN00093,CCC1CC2CN3CCc4c([nH]c5ccccc45)C(C(=O)OC)(C2)C13,"{[#TC3C][#TC3B]3[#TC3B]4[#TN6dA]5[#TC3A][#TC5A]1[#TN6dB][#TC5C]12[#TC5B][#TC5B]2([#TC5D]345[#N4a])}.{#N4a=COC(=O)[$],#TC3A=C(C[$])[$],#TC3B=C(C[$][$])[$],#TC3C=CC[$],#TC5A=C(=C[$][$])[$][$],#TC5B=C(C[$])[$],#TC5C=C(C[$][$])[$][$],#TC5D=C(C[$][$][$])[$][$],#TN6dA=C(N[$][$])[$],#TN6dB=N[$][$]}",0.884889543,0.812899947,0.925580025,,
TPCN00095,CC(=CCO)CCC=C(C)C(=O)OC1C(OC2C(O)C(C)OC(OCC=C(C)CCC=C(C)COC3OC(C)C(O)C(O)C3O)C2O)OC(C)C(O)C1OC4OC(C)C(O)C(O)C4O,"{[#SC2B]=[#SP1]([#C4][#SN4a][#SN6]3[#TN4a][#SP4B]1[#TN6][#TC4][#TN4a]1[#SN3r]=[#TC3][#SC2A]=[#N3r][#TN4a]2[#TC4][#SP4A][#TN6]2([#TC4][#TN6]3)([#TN4a]4[#TC4][#SP4A][#TN6]4))}.{#C4=CC(=CC[$])[$],#N3r=CC(CO[$])[$],#SC2A=C(C[$])C[$],#SC2B=CC(C[$])[$],#SN3r=C(C[$])O[$],#SN4a=O=C(O[$])[$],#SN6=O(C(C[$][$])[$])[$],#SP1=OCC[$],#SP4A=OC(C(O)[$])[$],#SP4B=OC(C(O[$])[$])[$],#TC3=CC[$][$],#TC4=CC[$][$],#TN4a=O(C[$][$])[$],#TN6=OC[$][$]}",0.275347948,-0.294959128,0.203164726,,
TPCN00097,COC(=O)C1=COC(OC2OC(CO)C(O)C(O)C2O)C5C(C3NCCc4c3[nH]c6ccccc46)=CCC15,"{[#N4a][#TC5A]2[#TN4a][#SP4B]1[#TN4a][#TP1]([#SP4A]1)([#SC3]2[#TC5A][#TC5C]34[#TN6dA][#TC3]3[#TC5C]5[#TN6dB]4([#TC5B][#TC5B]5))}.{#N4a=COC(=O)[$],#SC3=C(C(C[$][$])[$])[$],#SP4A=OC(C(O)[$])[$],#SP4B=OC(C(O[$])[$])[$],#TC3=C(C[$][$])[$],#TC5A=C(=C[$][$])[$],#TC5B=C(C[$])[$],#TC5C=C(C[$][$])[$][$],#TN4a=O(C[$][$])[$],#TN6dA=C(N[$])[$],#TN6dB=N[$][$],#TP1=OC[$]}",0.31909889,-0.13991341,0.351458758,,
TPCN00098,CC1OC=C(C(=O)[O-])C2Cc3c4[nH]c5ccccc5c4cc[n+]3CC12,"{[#TC4][#TN4a]1[#TC5A][#SN4a]([#TC5D]14[#SC5][#TC5B]35[#TN6d][#TC5D]2[#TC5C][#TC5C]2([#TC5A]3[#SN6a]45))}.{#SC5=C[$][$],#SN4a=O=C([O-])[$],#SN6a=C(=[N+](C[$])[$])[$],#TC4=C[$],#TC5A=C(=C[$][$])[$],#TC5B=C(=C[$][$])[$][$],#TC5C=C(C[$])[$],#TC5D=C(C[$][$])[$][$],#TN4a=O(C[$][$])[$],#TN6d=N[$][$]}",0.791034997,0.645847917,0.818854213,,
TPCN00099,C=CC(C)(CCC=C(C)C(=O)O)OC1OCC(OC(=O)C(C)CC)C(OC2OC(CO)C(O)C(O)C2O)C1O,"{[#TC5][#SN3r][#SC2]=[#TC3B][#SP2]([#TN4a]1[#TC3A][#SN4aB][#C1]([#SP4B]1[#SN4aA]2[#TP1]([#SP4A][#TN6]2)))}.{#C1=CCC(C)[$],#SC2=C(C[$])C[$],#SN3r=CC(O[$])[$][$],#SN4aA=O(C[$][$])C[$][$],#SN4aB=O=C(O[$])[$],#SP2=O=C(O)[$],#SP4A=OC(C(O)[$])[$],#SP4B=OC(C(O[$])[$])[$],#TC3A=C(C[$][$])[$],#TC3B=CC[$][$],#TC5=C=C[$],#TN4a=O(C[$][$])[$],#TN6=OC[$][$],#TP1=OC[$]}",0.203161791,-0.377753228,0.179421842,,
TPCN00100,CC(=O)OC1C2C3CC4C5=Nc6ccccc6C51CC2N4C(C)C3C=O,"{[#SN4a][#TC3B]2[#TC3A]4[#SN6d]3=[#TN6d][#TC5B]1[#TC5A][#TC5A]1([#SC3]23)([#SC4]4[#TN4a])}.{#SC3=C(C[$][$])C[$][$][$],#SC4=CC(C[$][$])[$],#SN4a=CC(=O)O[$],#SN6d=C(C[$][$])(N[$][$])[$],#TC3A=C(C[$][$])[$],#TC3B=C(C[$][$])[$][$],#TC5A=C(C[$])[$],#TC5B=C(C[$][$])[$][$],#TN4a=O=C[$],#TN6d=N[$][$]}",0.828140676,0.676555872,0.815926909,,
TPCN00101,CC(C)(OC1OC(CO)C(O)C(O)C1O)C2CC=C(C(=O)O)CC2,"{[#N3r][#SN4a]1[#TP1]([#SP4][#TN6]1)([#TC3B]2[#TC5][#SP2]([#TC3A]2))}.{#N3r=CC(C)(O[$])[$],#SN4a=O(C[$][$])C[$][$],#SP2=O=C(O)[$],#SP4=OC(C(O)[$])[$],#TC3A=C(C[$])[$],#TC3B=C(C[$][$])[$],#TC5=C(=C[$][$])[$],#TN6=OC[$][$],#TP1=OC[$]}",0.167354345,-0.495872796,0.069258474,,
TPCN00102,C=CC1C(OC2OC(CO)C(O)C(O)C2O)OC=C(C(=O)OC)C1Cc4c5[nH]c3ccccc3c5cc[n+]4C,"{[#TC5E][#TC3]2[#TN4a][#SP4B]1[#TN4a][#TP1]([#SP4A]1)([#TC5A]2[#N4a])([#TC4][#TC5B]45[#TN6d][#TC5D]3[#TC5C][#TC5C]3([#TC5A]4[#TN6a]5[#SC4]))}.{#N4a=COC(=O)[$],#SC4=C[$],#SP4A=OC(C(O)[$])[$],#SP4B=OC(C(O[$])[$])[$],#TC3=C(C[$][$])[$][$],#TC4=C[$][$],#TC5A=C(=C[$][$])[$],#TC5B=C(=C[$][$])[$][$],#TC5C=C(C[$])[$],#TC5D=C(C[$][$])[$][$],#TC5E=C=C[$],#TN4a=O(C[$][$])[$],#TN6a=C(=[N+][$][$])[$],#TN6d=N[$][$],#TP1=OC[$]}",0.334503144,-0.089676343,0.398113251,,
TPCN00105,COC(=O)C1=C2Nc3ccccc3C25CCN4CC(C(C)O)C1CC45,"{[#N4a][#TC3C]34=[#TC5C]15[#TN6d][#TC5B]12[#TC5A][#TC5A]2([#TC3A][#SN1]3[#SP1]([#TC3B]45))}.{#N4a=COC(=O)[$],#SN1=C(C[$][$])N[$][$],#SP1=CC(O)[$],#TC3A=C(C[$])[$],#TC3B=C(C[$][$])[$],#TC3C=C(C[$][$])[$][$],#TC5A=C(C[$])[$],#TC5B=C(C[$][$])[$][$],#TC5C=C(C[$][$][$])[$][$],#TN6d=N[$][$]}",0.723131478,0.497483373,0.7065202,,
TPCN00106,CC(=O)OC1C(C)OC(OCC=C(C)CCC=C(C)COC2OC(C)C(O)C(O)C2O)C(O)C1OC3OC(C)C(O)C(OC4OC(C)C(O)C(O)C4O)C3OC(=O)C(C)=CCCC(C)=CCO,"{[#SN4aA][#SN6]2[#TC4][#TN4a][#SN3r]=[#TC3][#SC2A]=[#N3r][#TN4a]1[#TC4][#SP4][#TN6]1([#TN6]2)([#TN4a]3[#TC4][#TN6][#SN6]3[#TN4a]4[#TC4][#SP4][#TN6]4([#SN4aB][#C4][#SC2B]=[#SP1]))}.{#C4=CC(=CC[$])[$],#N3r=CC(CO[$])[$],#SC2A=C(C[$])C[$],#SC2B=CC(C[$])[$],#SN3r=C(C[$])O[$],#SN4aA=CC(=O)O[$],#SN4aB=O=C(O[$])[$],#SN6=O(C(C[$][$])[$])[$],#SP1=OCC[$],#SP4=OC(C(O)[$])[$],#TC3=CC[$][$],#TC4=CC[$][$],#TN4a=O(C[$][$])[$],#TN6=OC[$][$]}",0.337906659,-0.174799621,0.285553336,,
TPCN00107,Cc1cc(O)c(C(C)C)cc1OC2OC(CO)C(O)C(O)C2O,"{[#SC4]1[#SN6B][#SC2]([#SN6A]1[#SN4a]2[#TP1]([#SP4][#TN6]2))}.{#SC2=CC(C)[$],#SC4=CC(=C[$])[$],#SN4a=O(C[$][$])C[$][$],#SN6A=C(=C(O[$])[$])[$],#SN6B=OC(=C[$][$])[$],#SP4=OC(C(O)[$])[$],#TN6=OC[$][$],#TP1=OC[$]}",-0.046189766,-0.890933514,-0.192688853,,
TPCN00108,C=CC1C(OC2OC(CO)C(O)C(O)C2O)OC=C(C(=O)O)C1CCO,"{[#TC5B][#TC3]2[#TN4a][#SP4B]1[#TN4a][#TP1]([#SP4A]1)([#TC5A]2[#SP2])([#SP1])}.{#SP1=OCC[$],#SP2=O=C(O)[$],#SP4A=OC(C(O)[$])[$],#SP4B=OC(C(O[$])[$])[$],#TC3=C(C[$][$])[$][$],#TC5A=C(=C[$][$])[$],#TC5B=C=C[$],#TN4a=O(C[$][$])[$],#TP1=OC[$]}",-0.273039788,-1.156243086,-0.27384463,,
TPCN00109,C=C(COC1OC(COC(=O)CC(=O)O)C(O)C(O)C1OC2OC(CO)C(O)C(O)C2O)C3CC=C(C)CC3,"{[#TC5][#TP1d][#SN4a]1[#N4a][#SP2]([#SP4][#TN6A]1[#SN4a]2[#TP1]([#SP4][#TN6B]2))([#TC3B]3[#SC4][#TC3A]3)}.{#N4a=O=C(C[$])OC[$],#SC4=CC(=C[$])[$],#SN4a=O(C[$][$])C[$][$],#SP2=O=C(O)[$],#SP4=OC(C(O)[$])[$],#TC3A=C(C[$])[$],#TC3B=C(C[$][$])[$],#TC5=C=C[$][$],#TN6A=O(C[$][$])[$],#TN6B=OC[$][$],#TP1=OC[$],#TP1d=C(O[$])[$]}",0.13969551,-0.434381336,0.179188266,,
TPCN00110,C=CC1C(OC2OC(CO)C(O)C(O)C2O)OC=C(C(=O)O)C1CC3NCCc5c3[nH]c4ccccc54,"{[#TC5E][#TC3]2[#TN4a][#SP4B]1[#TN4a][#TP1]([#SP4A]1)([#TC5A]2[#SP2])([#TC4]3[#SN6d][#TC5B]34[#TN6d][#TC5D]45[#TC5C][#TC5C]5)}.{#SN6d=C(C[$])N[$],#SP2=O=C(O)[$],#SP4A=OC(C(O)[$])[$],#SP4B=OC(C(O[$])[$])[$],#TC3=C(C[$][$])[$][$],#TC4=C(C[$][$])[$],#TC5A=C(=C[$][$])[$],#TC5B=C(=C[$][$])[$][$],#TC5C=C(C[$])[$],#TC5D=C(C[$][$])[$][$],#TC5E=C=C[$],#TN4a=O(C[$][$])[$],#TN6d=N[$][$],#TP1=OC[$]}",0.17288661,-0.395023108,0.191751704,,
TPCN00111,OCC1OC(OC2OC=CC3CC4OC4(CO)C32)C(O)C(O)C1O,"{[#TP1][#TN4aA]3[#SP4B][#TN4aA]1[#TC5A][#TC5B]12[#TC3][#TN4aB]2[#TP1]([#SP4A]3)}.{#SP4A=OC(C(O)[$])[$],#SP4B=OC(C(O[$])[$])[$],#TC3=C(C[$][$])[$],#TC5A=C(=C[$])[$],#TC5B=C(C[$][$])[$][$],#TN4aA=O(C[$][$])[$],#TN4aB=O(C[$][$][$])[$],#TP1=OC[$]}",-0.071973093,-0.81637156,-0.06819912,,
TPCN00113,CC12CC3(O)OC(O1)C4(CO)C3CC24OC5OC(CO)C(O)C(O)C5O,"{[#TC4]13[#SN6]2[#SN5a]1[#SC5]2[#TP1]([#TN6A]3[#SN4a]4[#TP1]([#SP4][#TN6B]4))}.{#SC5=C(C(C[$][$][$])[$])[$],#SN4a=O(C[$][$])C[$][$],#SN5a=O(C(O[$])[$])[$],#SN6=OC(C[$])[$][$],#SP4=OC(C(O)[$])[$],#TC4=CC[$][$][$],#TN6A=O(C[$][$][$])[$],#TN6B=OC[$][$],#TP1=OC[$]}",-0.272317439,-1.223244548,-0.360219747,,
TPCN00115,C=CC1C(OC2OC(CO)C(O)C(O)C2O)OC=C(C(=O)OC)C1CC3NC(C(=O)O)Cc5c3[nH]c4ccccc54,"{[#TC5E][#TC3]2[#TN4a][#SP4B]1[#TN4a][#TP1]([#SP4A]1)([#TC5A]2[#N4a])([#TC4]3[#SN6d][#SP2]([#TC5B]34[#TN6d][#TC5D]45[#TC5C][#TC5C]5))}.{#N4a=COC(=O)[$],#SN6d=C(C(N[$])[$])[$],#SP2=O=C(O)[$],#SP4A=OC(C(O)[$])[$],#SP4B=OC(C(O[$])[$])[$],#TC3=C(C[$][$])[$][$],#TC4=C(C[$][$])[$],#TC5A=C(=C[$][$])[$],#TC5B=C(=C[$][$])[$][$],#TC5C=C(C[$])[$],#TC5D=C(C[$][$])[$][$],#TC5E=C=C[$],#TN4a=O(C[$][$])[$],#TN6d=N[$][$],#TP1=OC[$]}",0.26235652,-0.229003608,0.302137673,,
TPCN00116,C=CC1C(OC2OC(CO)C(O)C(O)C2O)OC=C(C(=O)OC)C1CC3=[N+](C)CCc5c3[nH]c4ccccc54,"{[#TC5E][#TC3]2[#TN4a][#SP4B]1[#TN4a][#TP1]([#SP4A]1)([#TC5A]2[#N4a])([#TC4][#TN6a]3[#SC4]([#TC5C][#TC5B]34[#TN6d][#TC5D]45[#TC5C][#TC5C]5))}.{#N4a=COC(=O)[$],#SC4=C[$],#SP4A=OC(C(O)[$])[$],#SP4B=OC(C(O[$])[$])[$],#TC3=C(C[$][$])[$][$],#TC4=C[$][$],#TC5A=C(=C[$][$])[$],#TC5B=C(=C[$][$])[$][$],#TC5C=C(C[$])[$],#TC5D=C(C[$][$])[$][$],#TC5E=C=C[$],#TN4a=O(C[$][$])[$],#TN6a=C(=[N+][$][$])[$][$],#TN6d=N[$][$],#TP1=OC[$]}",0.357263327,-0.054800592,0.416799158,,
TPCN00117,O=C(C=Cc1ccc(O)c(O)c1)OC(Cc2ccc(O)c(O)c2)C(=O)O,"{[#TN4a][#TC5A][#TC5B]1[#SN6][#SN6]1([#SN3r][#TC5B]2[#SN6][#SN6]2([#SP2]))}.{#SN3r=C(C(O[$])[$])[$],#SN6=OC(=C[$])[$],#SP2=O=C(O)[$],#TC5A=C(=C[$])[$],#TC5B=C(=C[$][$])[$],#TN4a=O=C[$][$]}",-0.029026335,-0.840655267,-0.147979468,,
TPCN00118,C=CC(C)(C)C(C=C(C)C)OC1OC(CO)C(O)C(O)C1O,"{[#TC5][#SC2B][#SN3r]=[#SC2A]([#SN4a]1[#TP1]([#SP4][#TN6]1))}.{#SC2A=CC(C)[$],#SC2B=CC(C)[$][$],#SN3r=C(C(O[$])[$])[$],#SN4a=O(C[$][$])C[$][$],#SP4=OC(C(O)[$])[$],#TC5=C=C[$],#TN6=OC[$][$],#TP1=OC[$]}",0.394413441,-0.070792519,0.354189575,,
TPCN00120,CC1C(O)CC2C(C(=O)O)=COC(OC3OC(CO)C(O)C(O)C3O)C21,"{[#TC4]1[#SN6][#TC5B]12[#TC5A][#SP2]([#TN4a]2[#SP4B]3[#TN4a][#TP1]([#SP4A]3))}.{#SN6=OC(C[$])[$],#SP2=O=C(O)[$],#SP4A=OC(C(O)[$])[$],#SP4B=OC(C(O[$])[$])[$],#TC4=CC[$][$],#TC5A=C(=C[$][$])[$],#TC5B=C(C[$][$])[$][$],#TN4a=O(C[$][$])[$],#TP1=OC[$]}",-0.086189732,-0.883442819,-0.137698248,,
TPCN00121,CC1(C)C2CCC1(C)C(OC(=O)C=CC=Cc4ccc3c(c4)OCO3)C2,"{[#SC3A]1[#SC3B][#TC3]1[#SN4a][#SC5][#TC5B]2[#TC5A][#TC5C]2[#SN5a]}.{#SC3A=CC(C)(C[$][$])[$],#SC3B=CC(CC[$])[$][$],#SC5=C(C=C[$])=C[$],#SN4a=O=C(O[$])[$],#SN5a=C(O[$])O[$],#TC3=C(C[$][$])[$],#TC5A=C(=C[$])[$],#TC5B=C(=C[$][$])[$],#TC5C=C(=C[$][$])[$][$]}",1.023777843,1.024847627,1.038490057,,
TPCN00123,C=C(COC1OC(COC(=O)CC(=O)O)C(O)C(O)C1OC2OC(COC(=O)CC(=O)O)C(O)C(O)C2O)C3CC=C(C)CC3,"{[#TC5][#TP1d][#SN4a]1[#N4a][#SP2]([#SP4][#TN6A]1[#SN4a]2[#N4a][#SP2]([#SP4][#TN6B]2))([#TC3B]3[#SC4][#TC3A]3)}.{#N4a=O=C(C[$])OC[$],#SC4=CC(=C[$])[$],#SN4a=O(C[$][$])C[$][$],#SP2=O=C(O)[$],#SP4=OC(C(O)[$])[$],#TC3A=C(C[$])[$],#TC3B=C(C[$][$])[$],#TC5=C=C[$][$],#TN6A=O(C[$][$])[$],#TN6B=OC[$][$],#TP1d=C(O[$])[$]}",0.180024177,-0.345357358,0.247064948,,
TPCN00124,CCC1CN(C)C2Cc3c([nH]c4ccccc34)C(c6c(OC)ccc8c5c([nH]c68)C7(C(=O)OC)CC9CC(CC)C7N(CC5)C9)CC1C2C(=O)OC,"{[#TC3D][#TC3B]8[#TN1][#TC4]9[#SC4]1[#TN6dB][#TC5C]12[#TC5B][#TC5B]2([#TC3B][#TC5C]3[#TN2a]([#TC5B][#TC5C]34[#TC5A]7[#TN6dB]4([#TC5D]56[#N4a]([#TC3B][#TC3B]5[#TC3D]([#TN6dA]6[#TC3A]7))))([#TC3C]89[#N4a]))}.{#N4a=COC(=O)[$],#SC4=C(C(=C[$][$])[$])[$],#TC3A=C(C[$])[$],#TC3B=C(C[$][$])[$],#TC3C=C(C[$][$])[$][$],#TC3D=CC[$],#TC4=C[$][$][$],#TC5A=C(=C[$][$])[$][$],#TC5B=C(C[$])[$],#TC5C=C(C[$][$])[$][$],#TC5D=C(C[$][$][$])[$][$],#TN1=CN[$][$],#TN2a=CO[$],#TN6dA=C(N[$][$])[$],#TN6dB=N[$][$]}",0.946018338,0.896871865,0.963383675,,
TPCN00125,CC=C1CN2C3CC1C(CO)C2Cc4c3[nH]c5ccc(OC)cc45,"{[#TC3B]=[#TC3A]1[#TN6dA]23[#SC3]1[#TP1]([#TC3A]2[#TC5A]34[#TN6dB][#TC5D]45[#TC5B][#TC5C]5[#TN2a])}.{#SC3=C(C(C[$][$])[$])[$],#TC3A=C(C[$][$])[$],#TC3B=CC[$],#TC5A=C(=C[$][$])[$][$],#TC5B=C(C[$])[$],#TC5C=C(C[$][$])[$],#TC5D=C(C[$][$])[$][$],#TN2a=CO[$],#TN6dA=C(N[$][$])[$][$],#TN6dB=N[$][$],#TP1=OC[$]}",0.735008717,0.507778049,0.706177413,,
TPCN00126,CCC1CN(C)C2Cc3c([nH]c4ccccc34)C(c6ccc8[nH]c5c(c8c6)CCN7CC9CC(CC)C7C5(C(=O)OC)C9)CC1C2C(=O)OC,"{[#TC3D][#TC3B]8[#TN1][#TC4]9[#SC4]1[#TN6dB][#TC5D]12[#TC5B][#TC5B]2([#TC3B][#TC5C]3[#TC5B][#TC5D]34[#TN6dB][#TC5A]45[#TC3A][#TN6dA]6[#TC3B]7[#TC3B][#TC3D]([#TC5E]567[#N4a])([#TC3C]89[#N4a]))}.{#N4a=COC(=O)[$],#SC4=C(C(=C[$][$])[$])[$],#TC3A=C(C[$])[$],#TC3B=C(C[$][$])[$],#TC3C=C(C[$][$])[$][$],#TC3D=CC[$],#TC4=C[$][$][$],#TC5A=C(=C[$][$])[$][$],#TC5B=C(C[$])[$],#TC5C=C(C[$][$])[$],#TC5D=C(C[$][$])[$][$],#TC5E=C(C[$][$][$])[$][$],#TN1=CN[$][$],#TN6dA=C(N[$][$])[$],#TN6dB=N[$][$]}",0.959516466,0.936422884,0.99855727,,
TPCN00127,CC12CC3(O)OC(O1)C5(COC(=O)c4ccccc4)C3CC25OC6OC(COC(=O)c7ccc(O)cc7)C(O)C(O)C6O,"{[#TC4]14[#SN6B]2[#SN5a]1[#SC5]2[#N4a][#TC5B]3[#TC5A][#TC5A]3([#TN6A]4[#SN4a]6[#N4a][#TC5B]5[#SN6A][#TC5A]5([#SP4][#TN6B]6))}.{#N4a=O=C(OC[$])[$],#SC5=C(C(C[$][$][$])[$])[$],#SN4a=O(C[$][$])C[$][$],#SN5a=O(C(O[$])[$])[$],#SN6A=OC(=C[$])[$],#SN6B=OC(C[$])[$][$],#SP4=OC(C(O)[$])[$],#TC4=CC[$][$][$],#TC5A=C(=C[$])[$],#TC5B=C(=C[$][$])[$],#TN6A=O(C[$][$][$])[$],#TN6B=OC[$][$]}",0.116873987,-0.519362509,0.09659186,,
TPCN00128,CCC12CCCN3CCC4(C(=Nc5ccccc54)CC1)C32,"{[#TC3B][#TC5C]125[#TC3A][#TN6dA]1[#TC3A][#TC5C]23=[#TN6dB][#TC5B]34[#TC5A][#TC5A]4([#TC3A]5)}.{#TC3A=C(C[$])[$],#TC3B=CC[$],#TC5A=C(C[$])[$],#TC5B=C(C[$][$])[$][$],#TC5C=C(C[$][$][$])[$][$],#TN6dA=C(N[$][$])[$],#TN6dB=N[$][$]}",0.94146806,0.909401357,0.984550118,,
TPCN00129,CC12CC3(O)OC(O1)C5(COC(=O)c4ccc(O)cc4)C3CC25OC6OC(COC(=O)c7cc(O)c(O)c(O)c7)C(O)C(O)C6O,"{[#TC4]14[#SN6B]2[#SN5a]1[#SC5]2[#N4a][#TC5B]3[#SN6A][#TC5A]3([#TN6A]4[#SN4a]6[#N4a][#TC5B]5[#SP4A][#SN6A]5([#SP4B][#TN6B]6))}.{#N4a=O=C(OC[$])[$],#SC5=C(C(C[$][$][$])[$])[$],#SN4a=O(C[$][$])C[$][$],#SN5a=O(C(O[$])[$])[$],#SN6A=OC(=C[$])[$],#SN6B=OC(C[$])[$][$],#SP4A=OC(=C(O)[$])[$],#SP4B=OC(C(O)[$])[$],#TC4=CC[$][$][$],#TC5A=C(=C[$])[$],#TC5B=C(=C[$][$])[$],#TN6A=O(C[$][$][$])[$],#TN6B=OC[$][$]}",-0.10959515,-0.937695384,-0.180393875,,
TPCN00130,OCC1=CCC2C=COC(OC3OC(CO)C(O)C(O)C3O)C12,"{[#TN2a][#TC5B][#SC3]1[#TC5A][#TN4a]1[#SP4B]2[#TN4a][#TP1]([#SP4A]2)}.{#SC3=C(C(C[$][$])[$])[$],#SP4A=OC(C(O)[$])[$],#SP4B=OC(C(O[$])[$])[$],#TC5A=C(=C[$])[$],#TC5B=C(=C[$][$])[$],#TN2a=OC[$],#TN4a=O(C[$][$])[$],#TP1=OC[$]}",-0.004761314,-0.617526531,0.109379701,,
TPCN00131,C=CC(C)(O)CCC=C(C)C(=O)OC1OC(CO)C(O)C(O)C1O,"{[#TC5][#SP1][#SC2]=[#TC3][#SN4aB][#SN4aA]1[#TP1]([#SP4][#TN6]1)}.{#SC2=C(C[$])C[$],#SN4aA=O(C[$][$])C[$][$],#SN4aB=O=C(O[$])[$],#SP1=CC(O)[$][$],#SP4=OC(C(O)[$])[$],#TC3=CC[$][$],#TC5=C=C[$],#TN6=OC[$][$],#TP1=OC[$]}",0.114106163,-0.50115788,0.122980803,,
TPCN00132,CC(=CCCC(C)CCOC1OC(CO)C(O)C(O)C1O)C(=O)O,"{[#C4][#SC2][#SN3r][#SN4a]1[#TP1]([#SP4][#TN6]1)([#SP2])}.{#C4=CC(=CC[$])[$],#SC2=CC(C[$])[$],#SN3r=C(C[$])O[$],#SN4a=O(C[$][$])C[$][$],#SP2=O=C(O)[$],#SP4=OC(C(O)[$])[$],#TN6=OC[$][$],#TP1=OC[$]}",0.318647832,-0.192169204,0.285245478,,
TPCN00133,CCC12C=CCN3CCc4c(n(c5ccccc45)C(O)(C(=O)OC)C1)C32,"{[#TC3][#TC5D]125[#TC5A][#TN6d]1[#SC3]3[#TN6a]2[#TC5C]34[#TC5B][#TC5B]4([#SN6]5[#N4a])}.{#N4a=COC(=O)[$],#SC3=C(C[$])C[$][$],#SN6=OC(C[$])[$][$],#TC3=CC[$],#TC5A=C(=C[$])[$],#TC5B=C(C[$])[$],#TC5C=C(C[$][$])[$][$],#TC5D=C(C[$][$][$])[$][$],#TN6a=C(N[$][$])[$][$],#TN6d=C(N[$][$])[$]}",0.589015067,0.257576287,0.552488685,,
TPCN00134,C=CC12C=CCN3CCC4(c5ccccc5NC(=O)C4(C(=O)OC)C1)C32,"{[#TC5F][#TC5D]125[#TC5A][#TN6dA]1[#TC3][#TC5E]24[#TC5C]3[#TC5B][#TC5B]3([#TN6dB]4=[#TN6a])([#N4a])([#SC3]5)}.{#N4a=COC(=O)[$],#SC3=C[$][$],#TC3=C(C[$])[$],#TC5A=C(=C[$])[$],#TC5B=C(C[$])[$],#TC5C=C(C[$][$])[$][$],#TC5D=C(C[$][$][$])[$][$],#TC5E=C(C[$][$][$])[$][$][$],#TC5F=C=C[$],#TN6a=O[$],#TN6dA=C(N[$][$])[$],#TN6dB=N(C[$][$])[$]}",0.823315799,0.673496366,0.81749928,,
TPCN00135,C=CC1(C)CCC=C(C)C(=O)OC2C(C)OC(O1)C(O)C2O,"{[#TC5][#SN3r]1[#SC2]=[#TC3][#SN4a][#SN6]2[#TC4][#TN4a]1[#TN6]2}.{#SC2=C(C[$])C[$],#SN3r=CC(O[$])[$][$],#SN4a=O=C(O[$])[$],#SN6=OC(C[$][$])[$],#TC3=CC[$][$],#TC4=CC[$][$],#TC5=C=C[$],#TN4a=O(C[$][$])[$],#TN6=OC[$][$]}",0.59789151,0.169383094,0.429793626,,
TPCN00136,CCC1CN(C)C2Cc3c([nH]c4ccccc34)C(=O)CC1C2C(=O)OC,"{[#TC3C][#TC3A]3[#TN1][#TC4]4[#SC4]1[#TN6d][#TC5B]12[#TC5A][#TC5A]2([#SN4a][#TC3B]34[#N4a])}.{#N4a=COC(=O)[$],#SC4=C(C(=C[$][$])[$])[$],#SN4a=O=C(C[$])[$],#TC3A=C(C[$][$])[$],#TC3B=C(C[$][$])[$][$],#TC3C=CC[$],#TC4=C[$][$][$],#TC5A=C(C[$])[$],#TC5B=C(C[$][$])[$][$],#TN1=CN[$][$],#TN6d=N[$][$]}",0.934105694,0.87922442,0.954378188,,
TPCN00137,CC12CC3(O)OC(O1)C5(COC(=O)c4ccc(O)cc4)C3CC25OC6OC(COC(=O)c7ccc(O)cc7)C(O)C(O)C6O,"{[#TC4]14[#SN6B]2[#SN5a]1[#SC5]2[#N4a][#TC5B]3[#SN6A][#TC5A]3([#TN6A]4[#SN4a]6[#N4a][#TC5B]5[#SN6A][#TC5A]5([#SP4][#TN6B]6))}.{#N4a=O=C(OC[$])[$],#SC5=C(C(C[$][$][$])[$])[$],#SN4a=O(C[$][$])C[$][$],#SN5a=O(C(O[$])[$])[$],#SN6A=OC(=C[$])[$],#SN6B=OC(C[$])[$][$],#SP4=OC(C(O)[$])[$],#TC4=CC[$][$][$],#TC5A=C(=C[$])[$],#TC5B=C(=C[$][$])[$],#TN6A=O(C[$][$][$])[$],#TN6B=OC[$][$]}",-0.001781626,-0.744295895,-0.05587773,,
TPCN00138,Cc1cc(OC2OC(CO)C(O)C(O)C2O)c(C(C)C)cc1OC3OC(CO)C(O)C(O)C3O,"{[#SC4]2[#SN6B][#SN4a]1[#TP1]([#SP4][#TN6]1)([#SC2])([#SN6A]2[#SN4a]3[#TP1]([#SP4][#TN6]3))}.{#SC2=CC(C)[$],#SC4=CC(=C[$])[$],#SN4a=O(C[$][$])C[$][$],#SN6A=C(=C(O[$])[$])[$],#SN6B=O(C(=C[$][$])[$])[$],#SP4=OC(C(O)[$])[$],#TN6=OC[$][$],#TP1=OC[$]}",-0.21680069,-1.101192236,-0.267417043,,
TPCN00139,CC=C1CN2CCC34c5ccccc5NC6OC3(O)C2CC1C64C(=O)OC,"{[#TC3C]=[#TC3B]5[#TN6dA]36[#TC3A][#TC5C]24[#TC5B]1[#TC5A][#TC5A]1([#TN6dB]2[#TN2a][#SN6]34)([#TC3B]56)([#N4a])}.{#N4a=COC(=O)[$],#SN6=OC[$][$][$],#TC3A=C(C[$])[$],#TC3B=C(C[$][$])[$],#TC3C=CC[$],#TC5A=C(C[$])[$],#TC5B=C(C[$][$])[$][$],#TC5C=C(C[$][$][$])[$][$][$],#TN2a=O[$][$],#TN6dA=C(N[$][$])[$][$],#TN6dB=N(C[$][$])[$]}",0.804113388,0.61231178,0.761179388,,
TPCN00144,CC1=C(COC2OC(COC3OC(CO)C(O)C(O)C3O)C(O)C(O)C2O)C(C)(C)CCC1,"{[#SC4A]3[#TN3r][#SN4a]2[#TN3r][#SN4a]1[#TP1]([#SP4][#TN6]1)([#SP4][#TN6]2)([#SC4B][#SC3]3)}.{#SC3=C(C[$])C[$],#SC4A=CC(=C[$][$])[$],#SC4B=CC(C)[$][$],#SN4a=O(C[$][$])C[$][$],#SP4=OC(C(O)[$])[$],#TN3r=C(O[$])[$],#TN6=OC[$][$],#TP1=OC[$]}",0.233878911,-0.320677131,0.21741946,,
TPCN00146,CCC1CC2CC3(C(=O)OC)c4[nH]c5ccccc5c4CCN(C2CC(C)=O)C13,"{[#TC3C][#TC3B]1[#TC3B]4[#TC5D]15[#N4a]([#TC5A]2[#TN6dB][#TC5C]23[#TC5B][#TC5B]3([#TC3A][#TN6dA]45[#SN5a]))}.{#N4a=COC(=O)[$],#SN5a=CC(=O)C[$],#TC3A=C(C[$])[$],#TC3B=C(C[$][$])[$],#TC3C=CC[$],#TC5A=C(=C[$][$])[$][$],#TC5B=C(C[$])[$],#TC5C=C(C[$][$])[$][$],#TC5D=C(C[$][$][$])[$][$],#TN6dA=C(N[$][$])[$][$],#TN6dB=N[$][$]}",0.862212896,0.757395387,0.880457759,,
TPCN00147,CC(=O)OCC=C(C)CCC=C(C)C(=O)OC1C(OC2C(O)C(C)OC(OCC=C(C)CCC=C(C)COC3OC(C)C(O)C(O)C3O)C2O)OC(C)C(O)C1OC4OC(C)C(O)C(O)C4O,"{[#SN4aA][#SN3r]=[#SC2B][#C4][#SN4aB][#SN6]3[#TN4a][#SP4B]1[#TN6][#TC4][#TN4a]1[#SN3r]=[#TC3][#SC2A]=[#N3r][#TN4a]2[#TC4][#SP4A][#TN6]2([#TC4][#TN6]3)([#TN4a]4[#TC4][#SP4A][#TN6]4)}.{#C4=CC(=CC[$])[$],#N3r=CC(CO[$])[$],#SC2A=C(C[$])C[$],#SC2B=CC(C[$])[$],#SN3r=C(C[$])O[$],#SN4aA=CC(=O)[$],#SN4aB=O=C(O[$])[$],#SN6=O(C(C[$][$])[$])[$],#SP4A=OC(C(O)[$])[$],#SP4B=OC(C(O[$])[$])[$],#TC3=CC[$][$],#TC4=CC[$][$],#TN4a=O(C[$][$])[$],#TN6=OC[$][$]}",0.336672902,-0.193095073,0.26359266,,
TPCN00148,O=CC1(C=COC2OC(CO)C(O)C(O)C2O)CCC(COC(=O)C=Cc3ccccc3)CC1O,"{[#TN4a][#SN6]2[#SP2][#SN4a]1[#TP1]([#SP4][#TN6]1)([#TC3A][#TC3B]2[#N4a][#TC5A][#TC5B]3[#TC5A][#TC5A]3)}.{#N4a=O=C(OC[$])[$],#SN4a=O(C[$][$])C[$][$],#SN6=OC(C[$][$][$])[$],#SP2=C(=C[$])O[$],#SP4=OC(C(O)[$])[$],#TC3A=C(C[$])[$],#TC3B=C(C[$][$])[$],#TC5A=C(=C[$])[$],#TC5B=C(=C[$][$])[$],#TN4a=O=C[$],#TN6=OC[$][$],#TP1=OC[$]}",0.199541897,-0.372132033,0.190710813,,
TPCN00151,CC(C)C1=CC(OC2OC(CO)C(O)C(O)C2O)C(C)(O)CC1,"{[#SC2][#TC5]2[#TN6A][#SN4a]1[#TP1]([#SP4][#TN6B]1)([#SN6][#TC3]2)}.{#SC2=CC(C)[$],#SN4a=O(C[$][$])C[$][$],#SN6=CC(O)[$][$],#SP4=OC(C(O)[$])[$],#TC3=C(C[$])[$],#TC5=C(=C[$][$])[$],#TN6A=O(C[$][$])[$],#TN6B=OC[$][$],#TP1=OC[$]}",0.044793148,-0.657468021,0.002101772,,
TPCN00152,CCC12CCCN3CCc4c(n(c5ccccc45)C(=O)C1)C32,"{[#TC3B][#TC5C]125[#TC3A][#TN6d]1[#SC3]3[#TN6a]2[#TC5B]34[#TC5A][#TC5A]4([#SN6a]5)}.{#SC3=C(C[$])C[$][$],#SN6a=O=C(C[$])[$],#TC3A=C(C[$])[$],#TC3B=CC[$],#TC5A=C(C[$])[$],#TC5B=C(C[$][$])[$][$],#TC5C=C(C[$][$][$])[$][$],#TN6a=C(N[$][$])[$][$],#TN6d=C(N[$][$])[$]}",0.634520769,0.316069216,0.575500846,,
TPCN00153,CC1(O)CCC2C(C(=O)O)=COC(OC3OC(CO)C(O)C(O)C3O)C21,"{[#SN6]1[#TC3][#TC5B]12[#TC5A][#SP2]([#TN4a]2[#SP4B]3[#TN4a][#TP1]([#SP4A]3))}.{#SN6=CC(O)[$][$],#SP2=O=C(O)[$],#SP4A=OC(C(O)[$])[$],#SP4B=OC(C(O[$])[$])[$],#TC3=C(C[$])[$],#TC5A=C(=C[$][$])[$],#TC5B=C(C[$][$])[$][$],#TN4a=O(C[$][$])[$],#TP1=OC[$]}",-0.128127858,-0.951482713,-0.176952273,,
