Name,smiles,cgsmiles
HEaSC00037,FC(F)(Cl)Cl,{[#X1]}.{#X1=FC(F)(Cl)Cl}
HEaSC00038,ClC(Cl)Cl,{[#X2]}.{#X2=ClC(Cl)Cl}
HEaSC00040,FC(Cl)(Cl)Cl,{[#X1]}.{#X1=FC(Cl)(Cl)Cl}
HEaSC00041,O=[N+]([O-])C(Cl)(Cl)Cl,"{[#SN3a][#X2]}.{#SN3a=O=[N+]([O-])[$],#X2=ClC(Cl)(Cl)[$]}"
HEaSC00042,ClC(Cl)(Cl)Cl,{[#X1]}.{#X1=ClC(Cl)(Cl)Cl}
HEaSC00043,FC(F)F,{[#SX4e]}.{#SX4e=FC(F)F}
HEaSC00050,ClCBr,{[#SX2]}.{#SX2=ClCBr}
HEaSC00052,ClCCl,{[#SX3h]}.{#SX3h=ClCCl}
HEaSC00053,FCF,{[#TX4]}.{#TX4=FCF}
HEaSC00054,ICI,{[#X2]}.{#X2=ICI}
HEaSC00055,c1nnn[nH]1,"{[#TN6a]1[#TN1a][#TN6d]1}.{#TN1a=N(=N[$])[$],#TN6a=C(=N[$])[$],#TN6d=N[$][$]}"
HEaSC00057,O=CO,{[#SP2]}.{#SP2=O=CO}
HEaSC00058,CBr,{[#SX2]}.{#SX2=CBr}
HEaSC00059,CCl,{[#TX3]}.{#TX3=CCl}
HEaSC00061,CF,{[#TX4e]}.{#TX4e=CF}
HEaSC00063,CI,{[#SX1]}.{#SX1=CI}
HEaSC00064,NC=O,{[#SP5]}.{#SP5=NC=O}
HEaSC00074,CO,{[#TP1]}.{#TP1=CO}
HEaSC00078,CN,{[#TN6d]}.{#TN6d=CN}
HEaSC00080,CNN,{[#P5d]}.{#P5d=CNN}
HEaSC00083,N#CC(Cl)(Cl)Cl,"{[#TN4a][#X2]}.{#TN4a=N#C[$],#X2=ClC(Cl)(Cl)[$]}"
HEaSC00084,ClC(Cl)=C(Cl)Cl,{[#SX3h]=[#SX3h]}.{#SX3h=ClC(Cl)[$]}
HEaSC00085,ClC(Cl)(Cl)C(Cl)(Cl)Cl,{[#X2][#X2]}.{#X2=ClC(Cl)(Cl)[$]}
HEaSC00086,FC(F)(F)C(F)(F)F,{[#SX4e][#SX4e]}.{#SX4e=FC(F)(F)[$]}
HEaSC00087,N#CC#N,{[#TN4a][#TN4a]}.{#TN4a=N#C[$]}
HEaSC00089,FC(F)(F)[C@@H](Cl)Br,"{[#SX4e][#SX2]}.{#SX2=ClC(Br)[$],#SX4e=FC(F)(F)[$]}"
HEaSC00092,ClC=C(Cl)Cl,{[#X3h]}.{#X3h=ClC=C(Cl)Cl}
HEaSC00093,O=C(O)C(Cl)(Cl)Cl,"{[#SP2][#X2]}.{#SP2=O=C(O)[$],#X2=ClC(Cl)(Cl)[$]}"
HEaSC00094,ClC(Cl)C(Cl)(Cl)Cl,"{[#SX3h][#X2]}.{#SX3h=ClC(Cl)[$],#X2=ClC(Cl)(Cl)[$]}"
HEaSC00095,C#C,{[#TC6r]}.{#TC6r=C#C}
HEaSC00096,N#CCCl,"{[#TN4a][#TX3]}.{#TN4a=N#C[$],#TX3=ClC[$]}"
HEaSC00098,ClC=CCl,{[#TX3]=[#TX3]}.{#TX3=ClC[$]}
HEaSC00099,ClC=CCl,{[#TX3]=[#TX3]}.{#TX3=ClC[$]}
HEaSC00100,O=C(O)C(Cl)Cl,"{[#SP2][#SX3h]}.{#SP2=O=C(O)[$],#SX3h=ClC(Cl)[$]}"
HEaSC00101,NC(=O)C(Cl)(Cl)Cl,"{[#SP5][#X2]}.{#SP5=NC(=O)[$],#X2=ClC(Cl)(Cl)[$]}"
HEaSC00102,ClC(Cl)C(Cl)Cl,{[#SX3h][#SX3h]}.{#SX3h=ClC(Cl)[$]}
HEaSC00104,NC(=O)C(F)(F)F,"{[#SP5][#SX4e]}.{#SP5=NC(=O)[$],#SX4e=FC(F)(F)[$]}"
HEaSC00105,c1cnon1,"{[#TN6a]1[#TN6a][#TN2a]1}.{#TN2a=O[$][$],#TN6a=C(=N[$])[$]}"
HEaSC00106,O=[N+]([O-])c1nc[nH]n1,"{[#SN3a][#TN6aB]1[#TN6aA][#TN6d]1}.{#SN3a=O=[N+]([O-])[$],#TN6aA=C(=N[$])[$],#TN6aB=N(=C[$][$])[$],#TN6d=N[$][$]}"
HEaSC00107,C=CBr,{[#SX1]}.{#SX1=C=CBr}
HEaSC00112,NC(=O)C(Cl)Cl,"{[#SP5][#SX3h]}.{#SP5=NC(=O)[$],#SX3h=ClC(Cl)[$]}"
HEaSC00113,CC(Cl)(Cl)Cl,{[#X1]}.{#X1=CC(Cl)(Cl)Cl}
HEaSC00115,OCC(Cl)(Cl)Cl,"{[#TP1][#X2]}.{#TP1=OC[$],#X2=ClC(Cl)(Cl)[$]}"
HEaSC00116,OC(O)C(Cl)(Cl)Cl,"{[#P4][#X2]}.{#P4=OC(O)[$],#X2=ClC(Cl)(Cl)[$]}"
HEaSC00118,OCC(F)(F)F,"{[#TP1d][#SX4e]}.{#SX4e=FC(F)(F)[$],#TP1d=OC[$]}"
HEaSC00119,CC#N,{[#SN2a]}.{#SN2a=CC#N}
HEaSC00121,c1nc[nH]n1,"{[#TN6a]1[#TN6a][#TN6d]1}.{#TN6a=C(=N[$])[$],#TN6d=N[$][$]}"
HEaSC00122,c1cn[nH]n1,"{[#TN6a]1[#TN6a][#TN6d]1}.{#TN6a=C(=N[$])[$],#TN6d=N[$][$]}"
HEaSC00126,C=C,{[#TC5]}.{#TC5=C=C}
HEaSC00128,BrCCBr,{[#SX2][#SX2]}.{#SX2=BrC[$]}
HEaSC00130,C[C@H](Cl)[N+](=O)[O-],"{[#SX3][#SN3a]}.{#SN3a=O=[N+]([O-])[$],#SX3=CC(Cl)[$]}"
HEaSC00131,CC(Cl)Cl,{[#SX3h]}.{#SX3h=CC(Cl)Cl}
HEaSC00132,ClCCCl,{[#X3h]}.{#X3h=ClCCCl}
HEaSC00136,NCC(F)(F)F,"{[#TN6d][#SX4e]}.{#SX4e=FC(F)(F)[$],#TN6d=NC[$]}"
HEaSC00138,ICCI,{[#SX1][#SX1]}.{#SX1=IC[$]}
HEaSC00139,N#CCN,"{[#TN4a][#TN6d]}.{#TN4a=N#C[$],#TN6d=NC[$]}"
HEaSC00146,C1CO1,{[#P4]}.{#P4=C1CO1}
HEaSC00147,CC(=O)O,{[#SP2]}.{#SP2=CC(=O)O}
HEaSC00148,COC=O,{[#N4a]}.{#N4a=COC=O}
HEaSC00151,CCBr,{[#X2]}.{#X2=CCBr}
HEaSC00152,OCCBr,"{[#TP1d][#SX2]}.{#SX2=BrC[$],#TP1d=OC[$]}"
HEaSC00153,CCCl,{[#SX3]}.{#SX3=CCCl}
HEaSC00154,OCCCl,"{[#TP1d][#TX3]}.{#TP1d=OC[$],#TX3=ClC[$]}"
HEaSC00156,OCCF,"{[#TP1d][#TX4e]}.{#TP1d=OC[$],#TX4e=FC[$]}"
HEaSC00157,CCI,{[#X1]}.{#X1=CCI}
HEaSC00159,CC(N)=O,{[#SP5]}.{#SP5=CC(N)=O}
HEaSC00160,CNC=O,{[#P3]}.{#P3=CNC=O}
HEaSC00162,NCC(=O)O,{[#P6]}.{#P6=NCC(=O)O}
HEaSC00165,O=[N+]([O-])CCO,"{[#SN3a][#SP1]}.{#SN3a=O=[N+]([O-])[$],#SP1=OCC[$]}"
HEaSC00179,COC,{[#SN3r]}.{#SN3r=COC}
HEaSC00181,CCO,{[#SP1]}.{#SP1=CCO}
HEaSC00183,CS(C)=O,{[#P4]}.{#P4=CS(C)=O}
HEaSC00184,OCCO,{[#P4]}.{#P4=OCCO}
HEaSC00186,CSSC,{[#TC6][#TC6]}.{#TC6=CS[$]}
HEaSC00187,CNC,{[#SN1]}.{#SN1=CNC}
HEaSC00188,CCN,{[#SN6d]}.{#SN6d=CCN}
HEaSC00189,NCCO,"{[#TN6d][#TP1d]}.{#TN6d=NC[$],#TP1d=OC[$]}"
HEaSC00193,NCCN,{[#TN6d][#TN6d]}.{#TN6d=NC[$]}
HEaSC00196,O=C(C(F)(F)F)C(F)(F)F,"{[#TN4a][#SX4e]([#SX4e])}.{#SX4e=FC(F)(F)[$],#TN4a=O=C[$][$]}"
HEaSC00202,O=[N+]([O-])c1nc[nH]c1Br,"{[#SN3a][#SX2]1[#TN6a][#TN6d]1}.{#SN3a=O=[N+]([O-])[$],#SX2=BrC(=C[$][$])[$],#TN6a=C(=N[$])[$],#TN6d=N[$][$]}"
HEaSC00206,O=[N+]([O-])c1nc[nH]c1Cl,"{[#SN3a][#SX3]1[#TN6a][#TN6d]1}.{#SN3a=O=[N+]([O-])[$],#SX3=ClC(=C[$][$])[$],#TN6a=C(=N[$])[$],#TN6d=N[$][$]}"
HEaSC00207,OC(C(F)(F)F)C(F)(F)F,"{[#TP1d][#SX4e]([#SX4e])}.{#SX4e=FC(F)(F)[$],#TP1d=OC[$][$]}"
HEaSC00209,N#CCC#N,"{[#SN2a][#TN4a]}.{#SN2a=N#CC[$],#TN4a=N#C[$]}"
HEaSC00210,O=[N+]([O-])c1c[nH]c([N+](=O)[O-])n1,"{[#SN3a][#TC5]1[#TN6d][#TN6a]1[#SN3a]}.{#SN3a=O=[N+]([O-])[$],#TC5=C(=C[$][$])[$],#TN6a=N(=C[$][$])[$],#TN6d=N[$][$]}"
HEaSC00211,O=[N+]([O-])c1nc[nH]c1[N+](=O)[O-],"{[#SN3a][#TC5]1[#TN6a][#TN6d]1([#SN3a])}.{#SN3a=O=[N+]([O-])[$],#TC5=C(=C[$][$])[$][$],#TN6a=C(=N[$])[$],#TN6d=N[$][$]}"
HEaSC00214,COC(=O)C(Cl)(Cl)Cl,"{[#N4a][#X2]}.{#N4a=COC(=O)[$],#X2=ClC(Cl)(Cl)[$]}"
HEaSC00216,COC(=O)C(F)(F)F,"{[#N4a][#SX4e]}.{#N4a=COC(=O)[$],#SX4e=FC(F)(F)[$]}"
HEaSC00218,Ic1cn[nH]c1,"{[#X1]1[#TN6a][#TN6d]1}.{#TN6a=C(=N[$])[$],#TN6d=N[$][$],#X1=IC(=C[$])[$]}"
HEaSC00219,C=CC#N,"{[#TC5][#TN4a]}.{#TC5=C=C[$],#TN4a=N#C[$]}"
HEaSC00220,c1cnoc1,"{[#TC5]1[#TN6a][#TN2a]1}.{#TC5=C(=C[$])[$],#TN2a=O[$][$],#TN6a=C(=N[$])[$]}"
HEaSC00221,c1cocn1,"{[#TC5]1[#TN2a][#TN6a]1}.{#TC5=C(=C[$])[$],#TN2a=O[$][$],#TN6a=C(=N[$])[$]}"
HEaSC00222,N#CCC(=O)O,"{[#SN2a][#SP2]}.{#SN2a=N#CC[$],#SP2=O=C(O)[$]}"
HEaSC00223,c1cscn1,"{[#TC5]1[#TC6][#TN6a]1}.{#TC5=C(=C[$])[$],#TC6=S[$][$],#TN6a=C(=N[$])[$]}"
HEaSC00228,O=[N+]([O-])c1ncc[nH]1,"{[#SN3a][#TN6a]1[#TC5][#TN6d]1}.{#SN3a=O=[N+]([O-])[$],#TC5=C(=C[$])[$],#TN6a=N(=C[$][$])[$],#TN6d=N[$][$]}"
HEaSC00229,O=[N+]([O-])c1c[nH]cn1,"{[#SN3a][#TC5]1[#TN6d][#TN6a]1}.{#SN3a=O=[N+]([O-])[$],#TC5=C(=C[$][$])[$],#TN6a=C(=N[$])[$],#TN6d=N[$][$]}"
HEaSC00230,O=[N+]([O-])c1cn[nH]c1,"{[#SN3a][#TC5]1[#TN6a][#TN6d]1}.{#SN3a=O=[N+]([O-])[$],#TC5=C(=C[$][$])[$],#TN6a=C(=N[$])[$],#TN6d=N[$][$]}"
HEaSC00231,O=c1nc[nH]c(=O)[nH]1,"{[#TN6aB]1[#TN6aA][#TN6d][#TN6aB][#TN6d]1}.{#TN6aA=C(=N[$])[$],#TN6aB=O=C[$][$],#TN6d=N[$][$]}"
HEaSC00233,O=[N+]([O-])c1cnc[nH]1,"{[#SN3a][#TC5]1[#TN6a][#TN6d]1}.{#SN3a=O=[N+]([O-])[$],#TC5=C(=C[$][$])[$],#TN6a=C(=N[$])[$],#TN6d=N[$][$]}"
HEaSC00235,O=c1cn[nH]c(=O)[nH]1,"{[#SN6a]=[#TC5]1[#TN6aA][#TN6d](=[#TN6aB])([#TN6d]1)}.{#SN6a=O[$],#TC5=C(C[$][$])[$],#TN6aA=C[$][$][$].N[$][$],#TN6aB=O[$],#TN6d=N[$][$]}"
HEaSC00237,Cc1nonc1[N+](=O)[O-],"{[#SN6a]1[#TN2a][#TN6a]1[#SN3a]}.{#SN3a=O=[N+]([O-])[$],#SN6a=CC(=N[$])[$],#TN2a=O[$][$],#TN6a=N(=C[$][$])[$]}"
HEaSC00240,C#CC,{[#SC6r]}.{#SC6r=C#CC}
HEaSC00241,N#CCCCl,"{[#SN2a][#TX3]}.{#SN2a=N#CC[$],#TX3=ClC[$]}"
HEaSC00244,c1c[nH]cn1,"{[#TC5]1[#TN6d][#TN6a]1}.{#TC5=C(=C[$])[$],#TN6a=C(=N[$])[$],#TN6d=N[$][$]}"
HEaSC00245,c1cn[nH]c1,"{[#TC5]1[#TN6a][#TN6d]1}.{#TC5=C(=C[$])[$],#TN6a=C(=N[$])[$],#TN6d=N[$][$]}"
HEaSC00249,Cn1cnc([N+](=O)[O-])n1,"{[#TN1]1[#TN6aA][#TN6aB]1[#SN3a]}.{#SN3a=O=[N+]([O-])[$],#TN1=CN[$][$],#TN6aA=C(=N[$])[$],#TN6aB=N(=C[$][$])[$]}"
HEaSC00250,C#CCO,"{[#TC6r][#TP1d]}.{#TC6r=C#C[$],#TP1d=OC[$]}"
HEaSC00251,C=CC=O,"{[#TC5][#TN4a]}.{#TC5=C=C[$],#TN4a=O=C[$]}"
HEaSC00252,C=CC(=O)O,{[#P2]}.{#P2=C=CC(=O)O}
HEaSC00253,O=C(O)CC(=O)O,"{[#SP2B][#SP2A]}.{#SP2A=O=C(O)C[$],#SP2B=O=C(O)[$]}"
HEaSC00254,C=CCBr,"{[#TC5][#SX2]}.{#SX2=BrC[$],#TC5=C=C[$]}"
HEaSC00255,BrC[C@H]1CO1,"{[#SX2][#P4]}.{#P4=C1OC1[$],#SX2=BrC[$]}"
HEaSC00256,C[C@@H](Br)C(=O)O,"{[#X2][#SP2]}.{#SP2=O=C(O)[$],#X2=CC(Br)[$]}"
HEaSC00258,ClC[C@H]1CO1,"{[#TX3][#P4]}.{#P4=C1OC1[$],#TX3=ClC[$]}"
HEaSC00259,O=C(O)CCCl,"{[#SP2][#SX3]}.{#SP2=O=C(O)[$],#SX3=ClCC[$]}"
HEaSC00260,FC[C@H]1CO1,"{[#TX4e][#P4]}.{#P4=C1OC1[$],#TX4e=FC[$]}"
HEaSC00262,C[C@@H](O)C(F)(F)F,"{[#SP1][#SX4e]}.{#SP1=CC(O)[$],#SX4e=FC(F)(F)[$]}"
HEaSC00263,OCCC(F)(F)F,"{[#SP1][#SX4e]}.{#SP1=OCC[$],#SX4e=FC(F)(F)[$]}"
HEaSC00264,C#CCN,"{[#TC6r][#TN6d]}.{#TC6r=C#C[$],#TN6d=NC[$]}"
HEaSC00265,CCC#N,"{[#TC3][#TN4a]}.{#TC3=CC[$],#TN4a=N#C[$]}"
HEaSC00266,N#CCCO,"{[#SN2a][#TP1]}.{#SN2a=N#CC[$],#TP1=OC[$]}"
HEaSC00267,C=CC(N)=O,{[#P5]}.{#P5=C=CC(N)=O}
HEaSC00271,CS(=O)(=O)CC#N,"{[#P4][#SN2a]}.{#P4=CS(=O)(=O)[$],#SN2a=N#CC[$]}"
HEaSC00273,Cc1nc[nH]n1,"{[#SN6a]1[#TN6a][#TN6d]1}.{#SN6a=CC(=N[$])[$],#TN6a=C(=N[$])[$],#TN6d=N[$][$]}"
HEaSC00274,Nc1cn[nH]c1,"{[#SN6d]1[#TN6a][#TN6d]1}.{#SN6d=NC(=C[$])[$],#TN6a=C(=N[$])[$],#TN6d=N[$][$]}"
HEaSC00281,C1CC1,{[#SC3]}.{#SC3=C1CC1}
HEaSC00282,C=CC,{[#SC4]}.{#SC4=C=CC}
HEaSC00284,BrCCCBr,"{[#X2][#SX2]}.{#SX2=BrC[$],#X2=BrCC[$]}"
HEaSC00286,ClCCCCl,"{[#SX3][#TX3]}.{#SX3=ClCC[$],#TX3=ClC[$]}"
HEaSC00287,CNC(=O)CF,"{[#P3][#TX4e]}.{#P3=CNC(=O)[$],#TX4e=FC[$]}"
HEaSC00288,OC(CF)CF,"{[#TP1d][#TX4e]([#TX4e])}.{#TP1d=OC[$][$],#TX4e=FC[$]}"
HEaSC00289,CNCC(F)(F)F,"{[#SN1][#SX4e]}.{#SN1=CNC[$],#SX4e=FC(F)(F)[$]}"
HEaSC00290,ICCCI,"{[#X1][#SX1]}.{#SX1=IC[$],#X1=ICC[$]}"
HEaSC00292,S=C1NCCN1,"{[#TC6]1[#TN6d][#TN6d]1}.{#TC6=S=C[$][$],#TN6d=C(N[$])[$]}"
HEaSC00293,CNC(N)=NC#N,"{[#TN6dA][#TN6dB]=[#P4d]}.{#P4d=N#CN[$],#TN6dA=CN[$],#TN6dB=NC[$][$]}"
HEaSC00294,Nc1nc(N)nc(N)n1,"{[#TN6d][#TN6a]1[#TN6a][#TN6d]([#TN6a]1[#TN6d])}.{#TN6a=N(=C[$][$])[$],#TN6d=N[$]}"
HEaSC00296,CC(C)=O,{[#SN5a]}.{#SN5a=CC(C)=O}
HEaSC00297,C=CCO,"{[#TC5][#TP1d]}.{#TC5=C=C[$],#TP1d=OC[$]}"
HEaSC00298,CCC=O,{[#N6a]}.{#N6a=CCC=O}
HEaSC00301,C1COCO1,"{[#TC3][#SN5a]}.{#SN5a=C(O[$])O[$],#TC3=C(C[$])[$]}"
HEaSC00302,COC(C)=O,{[#N4a]}.{#N4a=COC(C)=O}
HEaSC00303,OC[C@H]1CO1,"{[#TP1][#P4]}.{#P4=C1OC1[$],#TP1=OC[$]}"
HEaSC00304,CCC(=O)O,{[#P2]}.{#P2=CCC(=O)O}
HEaSC00305,O=C(O)CCS,"{[#SP2][#SC6]}.{#SC6=SCC[$],#SP2=O=C(O)[$]}"
HEaSC00306,C[C@@H](O)C(=O)O,"{[#SP1][#SP2]}.{#SP1=CC(O)[$],#SP2=O=C(O)[$]}"
HEaSC00307,C1OCOCO1,"{[#SC3A][#SC3B]}.{#SC3A=C(OC[$])[$],#SC3B=C(O[$])O[$]}"
HEaSC00308,CCCBr,{[#X2]}.{#X2=CCCBr}
HEaSC00311,CCCCl,{[#X3]}.{#X3=CCCCl}
HEaSC00313,OCCCCl,"{[#SP1][#TX3]}.{#SP1=OCC[$],#TX3=ClC[$]}"
HEaSC00314,OCCCF,"{[#SP1][#TX4e]}.{#SP1=OCC[$],#TX4e=FC[$]}"
HEaSC00316,C=CCN,"{[#TC5][#TN6d]}.{#TC5=C=C[$],#TN6d=NC[$]}"
HEaSC00319,CN(C)C=O,{[#P3a]}.{#P3a=CN(C)C=O}
HEaSC00320,CNC(C)=O,{[#P3]}.{#P3=CNC(C)=O}
HEaSC00321,CCC(N)=O,{[#P5]}.{#P5=CCC(N)=O}
HEaSC00322,CCC[N+](=O)[O-],"{[#SC2][#SN3a]}.{#SC2=CCC[$],#SN3a=O=[N+]([O-])[$]}"
HEaSC00323,CC(C)[N+](=O)[O-],"{[#SC2][#SN3a]}.{#SC2=CC(C)[$],#SN3a=O=[N+]([O-])[$]}"
HEaSC00324,NCCC(=O)O,"{[#SN6d][#SP2]}.{#SN6d=NCC[$],#SP2=O=C(O)[$]}"
HEaSC00325,C[C@H](N)C(=O)O,"{[#SN6d][#SP2]}.{#SN6d=CC(N)[$],#SP2=O=C(O)[$]}"
HEaSC00327,CNC(=O)OC,"{[#P3][#TN3r]}.{#P3=CNC(=O)[$],#TN3r=CO[$]}"
HEaSC00329,CCOC(N)=O,"{[#SN3r][#SP5]}.{#SN3r=CCO[$],#SP5=NC(=O)[$]}"
HEaSC00331,CNCC(=O)O,"{[#SN1][#SP2]}.{#SN1=CNC[$],#SP2=O=C(O)[$]}"
HEaSC00332,N[C@@H](CS)C(=O)O,"{[#TN6d][#TC6]([#SP2])}.{#SP2=O=C(O)[$],#TC6=SC[$],#TN6d=NC[$][$]}"
HEaSC00334,N[C@@H](CO)C(=O)O,"{[#TN6d][#TP1d]([#SP2])}.{#SP2=O=C(O)[$],#TN6d=NC[$][$],#TP1d=OC[$]}"
HEaSC00336,CCC,{[#SC2]}.{#SC2=CCC}
HEaSC00338,CNC(=O)NC,"{[#P3][#TN5]}.{#P3=CNC(=O)[$],#TN5=CN[$]}"
HEaSC00339,CCNC(N)=O,"{[#SN5][#SP5]}.{#SN5=CCN[$],#SP5=NC(=O)[$]}"
HEaSC00346,CNC(=N[N+](=O)[O-])NC,"{[#TN6d][#TN2][#SN3a]([#TN5])}.{#SN3a=O=[N+]([O-])[$],#TN2=N(=C[$][$])[$],#TN5=CN[$],#TN6d=CN[$]}"
HEaSC00347,CC(C)O,{[#P1]}.{#P1=CC(C)O}
HEaSC00348,CCCO,{[#P1]}.{#P1=CCCO}
HEaSC00350,OCCCO,"{[#SP1][#TP1]}.{#SP1=OCC[$],#TP1=OC[$]}"
HEaSC00351,COCOC,"{[#SN3r][#TN3r]}.{#SN3r=COC[$],#TN3r=CO[$]}"
HEaSC00352,COCCO,"{[#SN3r][#TP1]}.{#SN3r=COC[$],#TP1=OC[$]}"
HEaSC00354,OCC(O)CO,"{[#P4][#TP1]}.{#P4=OCC(O)[$],#TP1=OC[$]}"
HEaSC00355,CCSC,"{[#TC3][#TC6]}.{#TC3=CC[$],#TC6=CS[$]}"
HEaSC00356,CCCS,"{[#TC3][#TC6]}.{#TC3=CC[$],#TC6=SC[$]}"
HEaSC00358,CC(C)N,{[#SN6d]}.{#SN6d=CC(C)N}
HEaSC00359,CCNC,{[#N5]}.{#N5=CCNC}
HEaSC00360,CCCN,{[#N6d]}.{#N6d=CCCN}
HEaSC00361,CN(C)C,{[#SN3a]}.{#SN3a=CN(C)C}
HEaSC00363,CNCCO,"{[#SN1][#TP1]}.{#SN1=CNC[$],#TP1=OC[$]}"
HEaSC00364,NCCCO,"{[#SN6d][#TP1]}.{#SN6d=NCC[$],#TP1=OC[$]}"
HEaSC00373,NCCCN,"{[#SN6d][#TN6d]}.{#SN6d=NCC[$],#TN6d=NC[$]}"
HEaSC00374,ClC(Cl)=C(Cl)C(Cl)=C(Cl)Cl,"{[#SX3h]=[#X3h]=[#SX3h]}.{#SX3h=ClC(Cl)[$],#X3h=ClC(C(Cl)[$])[$]}"
HEaSC00375,Brc1ccsc1Br,"{[#TX2]1[#TC5][#TC6][#TX2]1}.{#TC5=C(=C[$])[$],#TC6=S[$][$],#TX2=BrC[$][$]}"
HEaSC00376,Fc1cncc(Cl)n1,"{[#SX4e][#TC5]1[#TN6aA][#TN6aB]1[#SX3]}.{#SX3=Cl[$],#SX4e=F[$],#TC5=C(=C[$][$])[$],#TN6aA=C(=N[$])[$],#TN6aB=N(=C[$][$])[$]}"
HEaSC00377,Clc1cnc(Cl)cn1,"{[#TX3]1[#TN6aB][#TX3][#TN6aA]1}.{#TN6aA=C(=N[$])[$],#TN6aB=C(N[$])[$],#TX3=ClC[$][$]}"
HEaSC00378,Clc1cncc(Cl)n1,"{[#SX3][#TC5]1[#TN6aA][#TN6aB]1[#SX3]}.{#SX3=Cl[$],#TC5=C(=C[$][$])[$],#TN6aA=C(=N[$])[$],#TN6aB=N(=C[$][$])[$]}"
HEaSC00379,Fc1cncc(F)n1,"{[#SX4e][#TC5]1[#TN6aA][#TN6aB]1[#SX4e]}.{#SX4e=F[$],#TC5=C(=C[$][$])[$],#TN6aA=C(=N[$])[$],#TN6aB=N(=C[$][$])[$]}"
HEaSC00380,N#CC=CC#N,{[#SN2a]=[#SN2a]}.{#SN2a=N#CC[$]}
HEaSC00382,Brc1cncnc1,"{[#SX2]1[#TN6a][#TN6a]1}.{#SX2=BrC(=C[$])[$],#TN6a=C(=N[$])[$]}"
HEaSC00383,Brc1cnccn1,"{[#SX2]1[#TN6a][#TN6a]1}.{#SX2=BrC(=C[$])[$],#TN6a=C(=N[$])[$]}"
HEaSC00384,Brc1ncccn1,"{[#TX2][#TN6aB]1[#TC5][#TN6aA]1}.{#TC5=C(=C[$])[$],#TN6aA=C(=N[$])[$],#TN6aB=N(=C[$][$])[$],#TX2=Br[$]}"
HEaSC00385,O=c1[nH]cc(Br)c(=O)[nH]1,"{[#TN6a]1[#TN6d][#SX2][#TN6a][#TN6d]1}.{#SX2=BrC(=C[$])[$],#TN6a=O=C[$][$],#TN6d=N[$][$]}"
HEaSC00386,Brc1ccoc1,"{[#SX2]1[#TC5][#TN2a]1}.{#SX2=BrC(=C[$])[$],#TC5=C(=C[$])[$],#TN2a=O[$][$]}"
HEaSC00387,Brc1cccs1,"{[#SX2]1[#TC5][#TC6]1}.{#SX2=BrC(=C[$])[$],#TC5=C(=C[$])[$],#TC6=S[$][$]}"
HEaSC00388,Brc1ccsc1,"{[#SX2]1[#TC5][#TC6]1}.{#SX2=BrC(=C[$])[$],#TC5=C(=C[$])[$],#TC6=S[$][$]}"
HEaSC00389,Clc1ncccn1,"{[#TX3][#TN6aB]1[#TC5][#TN6aA]1}.{#TC5=C(=C[$])[$],#TN6aA=C(=N[$])[$],#TN6aB=N(=C[$][$])[$],#TX3=Cl[$]}"
HEaSC00390,Clc1cnccn1,"{[#SX3]1[#TN6a][#TN6a]1}.{#SX3=ClC(=C[$])[$],#TN6a=C(=N[$])[$]}"
HEaSC00391,Clc1cccnn1,"{[#SX3]1[#TC5][#TN1a]1}.{#SX3=ClC(=C[$])[$],#TC5=C(=C[$])[$],#TN1a=N(=N[$])[$]}"
HEaSC00392,Clc1ccncn1,"{[#SX3]1[#TN6a][#TN6a]1}.{#SX3=ClC(=C[$])[$],#TN6a=C(=N[$])[$]}"
HEaSC00393,Clc1cncnc1,"{[#SX3]1[#TN6a][#TN6a]1}.{#SX3=ClC(=C[$])[$],#TN6a=C(=N[$])[$]}"
HEaSC00394,O=c1[nH]cc(Cl)c(=O)[nH]1,"{[#TN6a]1[#TN6d][#SX3][#TN6a][#TN6d]1}.{#SX3=ClC(=C[$])[$],#TN6a=O=C[$][$],#TN6d=N[$][$]}"
HEaSC00395,Clc1cccs1,"{[#SX3]1[#TC5][#TC6]1}.{#SX3=ClC(=C[$])[$],#TC5=C(=C[$])[$],#TC6=S[$][$]}"
HEaSC00396,Fc1cnccn1,"{[#SX4e]1[#TN6a][#TN6a]1}.{#SX4e=FC(=C[$])[$],#TN6a=C(=N[$])[$]}"
HEaSC00397,Fc1ncccn1,"{[#TX4e][#TN6aB]1[#TC5][#TN6aA]1}.{#TC5=C(=C[$])[$],#TN6aA=C(=N[$])[$],#TN6aB=N(=C[$][$])[$],#TX4e=F[$]}"
HEaSC00398,Fc1cncnc1,"{[#SX4e]1[#TN6a][#TN6a]1}.{#SX4e=FC(=C[$])[$],#TN6a=C(=N[$])[$]}"
HEaSC00401,O=c1[nH]cc(F)c(=O)[nH]1,"{[#TN6a]1[#TN6d][#SX4e][#TN6a][#TN6d]1}.{#SX4e=FC(=C[$])[$],#TN6a=O=C[$][$],#TN6d=N[$][$]}"
HEaSC00404,O=c1[nH]cc(I)c(=O)[nH]1,"{[#TN6a]1[#TN6d][#X1][#TN6a][#TN6d]1}.{#TN6a=O=C[$][$],#TN6d=N[$][$],#X1=IC(=C[$])[$]}"
HEaSC00406,O=[N+]([O-])c1cccs1,"{[#SN3a][#TC5B]1[#TC5A][#TC6]1}.{#SN3a=O=[N+]([O-])[$],#TC5A=C(=C[$])[$],#TC5B=C(=C[$][$])[$],#TC6=S[$][$]}"
HEaSC00407,O=[N+]([O-])c1ccsc1,"{[#SN3a][#TC5B]1[#TC5A][#TC6]1}.{#SN3a=O=[N+]([O-])[$],#TC5A=C(=C[$])[$],#TC5B=C(=C[$][$])[$],#TC6=S[$][$]}"
HEaSC00408,O=[N+]([O-])c1ccco1,"{[#SN3a][#TC5B]1[#TC5A][#TN2a]1}.{#SN3a=O=[N+]([O-])[$],#TC5A=C(=C[$])[$],#TC5B=C(=C[$][$])[$],#TN2a=O[$][$]}"
HEaSC00409,N#Cc1cn[nH]c1,"{[#TN4a][#TC5]1[#TN6a][#TN6d]1}.{#TC5=C(=C[$][$])[$],#TN4a=N#C[$],#TN6a=C(=N[$])[$],#TN6d=N[$][$]}"
HEaSC00410,O=c1nc[nH]c2nn[nH]c12,"{[#TN6aB]1[#TN6aA][#TN6d][#TC5]12[#TN1a][#TN6d]2}.{#TC5=C(=C[$][$])[$][$],#TN1a=N(=N[$])[$],#TN6aA=C(=N[$])[$],#TN6aB=O=C[$][$],#TN6d=N[$][$]}"
HEaSC00412,Cn1cnc(Br)c1[N+](=O)[O-],"{[#TN1]1[#TN6a][#SX2]1[#SN3a]}.{#SN3a=O=[N+]([O-])[$],#SX2=BrC(=C[$][$])[$],#TN1=CN[$][$],#TN6a=C(=N[$])[$]}"
HEaSC00413,Cn1cnc([N+](=O)[O-])c1Br,"{[#TN1]1[#TN6a][#SX2]1[#SN3a]}.{#SN3a=O=[N+]([O-])[$],#SX2=BrC(=C[$][$])[$],#TN1=CN[$][$],#TN6a=C(=N[$])[$]}"
HEaSC00415,Cc1nc([N+](=O)[O-])c(Br)[nH]1,"{[#SN6a]1[#SX2][#SN3a]([#TN6d]1)}.{#SN3a=O=[N+]([O-])[$],#SN6a=CC(=N[$])[$],#SX2=BrC(=C[$][$])[$],#TN6d=N[$][$]}"
HEaSC00416,Nc1ccc(Cl)nn1,"{[#TN6d]1[#TC5][#TX3][#TN1a]1}.{#TC5=C(C[$])[$],#TN1a=N(=N[$])[$],#TN6d=NC[$][$],#TX3=ClC[$][$]}"
HEaSC00417,Nc1cnc(Cl)cn1,"{[#TN6d]1[#TN6aB][#TX3][#TN6aA]1}.{#TN6aA=C(=N[$])[$],#TN6aB=C(N[$])[$],#TN6d=NC[$][$],#TX3=ClC[$][$]}"
HEaSC00418,Nc1cncc(Cl)n1,"{[#SN6d][#TC5]1[#TN6aA][#TN6aB]1[#SX3]}.{#SN6d=N[$],#SX3=Cl[$],#TC5=C(=C[$][$])[$],#TN6aA=C(=N[$])[$],#TN6aB=N(=C[$][$])[$]}"
HEaSC00419,Cn1cnc([N+](=O)[O-])c1Cl,"{[#TN1]1[#TN6a][#SX3]1[#SN3a]}.{#SN3a=O=[N+]([O-])[$],#SX3=ClC(=C[$][$])[$],#TN1=CN[$][$],#TN6a=C(=N[$])[$]}"
HEaSC00422,Cn1cnc(Cl)c1[N+](=O)[O-],"{[#TN1]1[#TN6a][#SX3]1[#SN3a]}.{#SN3a=O=[N+]([O-])[$],#SX3=ClC(=C[$][$])[$],#TN1=CN[$][$],#TN6a=C(=N[$])[$]}"
HEaSC00423,Cc1nc([N+](=O)[O-])c(Cl)[nH]1,"{[#SN6a]1[#SX3][#SN3a]([#TN6d]1)}.{#SN3a=O=[N+]([O-])[$],#SN6a=CC(=N[$])[$],#SX3=ClC(=C[$][$])[$],#TN6d=N[$][$]}"
HEaSC00424,ClCC#CCCl,{[#SX3]#[#SX3]}.{#SX3=ClCC[$]}
HEaSC00426,Cn1cnc([N+](=O)[O-])c1I,"{[#TN1]1[#TN6a][#X1]1[#SN3a]}.{#SN3a=O=[N+]([O-])[$],#TN1=CN[$][$],#TN6a=C(=N[$])[$],#X1=IC(=C[$][$])[$]}"
HEaSC00427,Cn1cnc(I)c1[N+](=O)[O-],"{[#TN1]1[#TN6a][#X1]1[#SN3a]}.{#SN3a=O=[N+]([O-])[$],#TN1=CN[$][$],#TN6a=C(=N[$])[$],#X1=IC(=C[$][$])[$]}"
HEaSC00428,c1cnccn1,"{[#TC5]1[#TN6a][#TN6a]1}.{#TC5=C(=C[$])[$],#TN6a=C(=N[$])[$]}"
HEaSC00429,c1ccnnc1,"{[#TC5]1[#TC5][#TN1a]1}.{#TC5=C(C[$])[$],#TN1a=N(N[$])[$]}"
HEaSC00430,c1cncnc1,"{[#TC5]1[#TN6a][#TN6a]1}.{#TC5=C(=C[$])[$],#TN6a=C(=N[$])[$]}"
HEaSC00431,N#CCCC#N,{[#SN2a][#SN2a]}.{#SN2a=N#CC[$]}
HEaSC00432,O=c1nccc[nH]1,"{[#TN6aB]1[#TN6aA][#TC5][#TN6d]1}.{#TC5=C(=C[$])[$],#TN6aA=C(=N[$])[$],#TN6aB=O=C[$][$],#TN6d=N[$][$]}"
HEaSC00433,O=c1nccc[nH]1,"{[#TN6aB]1[#TN6aA][#TC5][#TN6d]1}.{#TC5=C(=C[$])[$],#TN6aA=C(=N[$])[$],#TN6aB=O=C[$][$],#TN6d=N[$][$]}"
HEaSC00436,O=CNc1nccs1,"{[#SP3][#TN6a]1[#TC5][#TC6]1}.{#SP3=O=CN[$],#TC5=C(=C[$])[$],#TC6=S[$][$],#TN6a=N(=C[$][$])[$]}"
HEaSC00437,O=c1cc[nH]c(=S)[nH]1,"{[#SN6a]=[#TC5A]1[#TC5B][#TN6d](=[#TC6])([#TN6d]1)}.{#SN6a=O[$],#TC5A=C(C[$][$])[$],#TC5B=C[$][$].C[$][$][$],#TC6=S[$],#TN6d=N[$][$]}"
HEaSC00438,O=c1ccc(=O)[nH][nH]1,"{[#SN6a]1[#SN6a][#TN6d][#TN6d]1}.{#SN6a=O=C(C[$])[$],#TN6d=N[$][$]}"
HEaSC00439,O=c1cc[nH]c(=O)[nH]1,"{[#SN6a]=[#TC5A]1[#TC5B][#TN6d](=[#TN6a])([#TN6d]1)}.{#SN6a=O[$],#TC5A=C(C[$][$])[$],#TC5B=C[$][$].C[$][$][$],#TN6a=O[$],#TN6d=N[$][$]}"
HEaSC00441,O=C1CC(=O)NC(=O)N1,"{[#TN6a]=[#SC3A]=[#SN6a]([#SC3B]=[#TN6a])}.{#SC3A=C(C[$][$])C[$][$],#SC3B=N(C(N[$])[$])[$],#SN6a=O[$],#TN6a=O[$]}"
HEaSC00445,S=c1nccc[nH]1,"{[#TC6]1[#TN6a][#TC5][#TN6d]1}.{#TC5=C(=C[$])[$],#TC6=S=C[$][$],#TN6a=C(=N[$])[$],#TN6d=N[$][$]}"
HEaSC00446,S=c1nccc[nH]1,"{[#TC6]1[#TN6a][#TC5][#TN6d]1}.{#TC5=C(=C[$])[$],#TC6=S=C[$][$],#TN6a=C(=N[$])[$],#TN6d=N[$][$]}"
HEaSC00447,Sc1ncccn1,"{[#TC6][#TN6aB]1[#TC5][#TN6aA]1}.{#TC5=C(=C[$])[$],#TC6=S[$],#TN6aA=C(=N[$])[$],#TN6aB=N(=C[$][$])[$]}"
HEaSC00449,Cn1cc([N+](=O)[O-])nc1[N+](=O)[O-],"{[#TN1]1[#TC5][#SN3a]([#TN6a]1[#SN3a])}.{#SN3a=O=[N+]([O-])[$],#TC5=C(=C[$][$])[$],#TN1=CN[$][$],#TN6a=N(=C[$][$])[$]}"
HEaSC00450,Cn1cnc([N+](=O)[O-])c1[N+](=O)[O-],"{[#TN1]1[#TN6a][#TC5]1[#SN3a]([#SN3a])}.{#SN3a=O=[N+]([O-])[$],#TC5=C(=C[$][$])[$][$],#TN1=CN[$][$],#TN6a=C(=N[$])[$]}"
HEaSC00451,Cc1nc([N+](=O)[O-])c([N+](=O)[O-])[nH]1,"{[#SN6a]1[#TC5][#SN3a]([#SN3a])([#TN6d]1)}.{#SN3a=O=[N+]([O-])[$],#SN6a=CC(=N[$])[$],#TC5=C(=C[$][$])[$][$],#TN6d=N[$][$]}"
HEaSC00452,Nc1ncnc2nn[nH]c12,"{[#TN6dA][#TN6aB]1[#TN6aA][#TC5]12[#TN1a][#TN6dB]2}.{#TC5=C(=C[$][$])[$][$],#TN1a=N(=N[$])[$],#TN6aA=C(=N[$])[$],#TN6aB=N(=C[$][$])[$],#TN6dA=N[$],#TN6dB=N[$][$]}"
HEaSC00454,c1ccoc1,"{[#TC5]1[#TC5][#TN2a]1}.{#TC5=C(=C[$])[$],#TN2a=O[$][$]}"
HEaSC00455,O=C1C=CCO1,"{[#TN6a]1[#TC5][#TN4a]1}.{#TC5=C(=C[$])[$],#TN4a=C(O[$])[$],#TN6a=O=C[$][$]}"
HEaSC00457,O=C(O)C=CC(=O)O,"{[#SP2][#P2]}.{#P2=O=C(O)C=C[$],#SP2=O=C(O)[$]}"
HEaSC00458,c1ccsc1,"{[#TC5]1[#TC5][#TC6]1}.{#TC5=C(=C[$])[$],#TC6=S[$][$]}"
HEaSC00459,CCOC(=O)C(Cl)(Cl)Cl,"{[#SN3r][#TN4a][#X2]}.{#SN3r=CCO[$],#TN4a=O=C[$][$],#X2=ClC(Cl)(Cl)[$]}"
HEaSC00460,CCOC(=O)C(F)(F)F,"{[#SN3r][#TN4a][#SX4e]}.{#SN3r=CCO[$],#SX4e=FC(F)(F)[$],#TN4a=O=C[$][$]}"
HEaSC00461,C=CCC#N,"{[#SC4][#TN4a]}.{#SC4=C=CC[$],#TN4a=N#C[$]}"
HEaSC00462,N#CC1CC1,"{[#TN4a][#SC3]}.{#SC3=C1CC1[$],#TN4a=N#C[$]}"
HEaSC00464,c1cc[nH]c1,"{[#TC5]1[#TC5][#TN6d]1}.{#TC5=C(=C[$])[$],#TN6d=N[$][$]}"
HEaSC00465,Cc1ccno1,"{[#SC4]1[#TN6a][#TN2a]1}.{#SC4=CC(=C[$])[$],#TN2a=O[$][$],#TN6a=C(=N[$])[$]}"
HEaSC00467,COC(=O)CC#N,"{[#N4a][#SN2a]}.{#N4a=COC(=O)[$],#SN2a=N#CC[$]}"
HEaSC00468,Cc1cscn1,"{[#SC4]1[#TC6][#TN6a]1}.{#SC4=CC(=C[$])[$],#TC6=S[$][$],#TN6a=C(=N[$])[$]}"
HEaSC00469,Nc1cnccn1,"{[#SN6d]1[#TN6a][#TN6a]1}.{#SN6d=NC(=C[$])[$],#TN6a=C(=N[$])[$]}"
HEaSC00470,Nc1ccnnc1,"{[#SN6d]1[#TN6a][#TN6a]1}.{#SN6d=NC(=C[$])[$],#TN6a=C(=N[$])[$]}"
HEaSC00471,Nc1ncccn1,"{[#TN6d][#TN6aB]1[#TC5][#TN6aA]1}.{#TC5=C(=C[$])[$],#TN6aA=C(=N[$])[$],#TN6aB=N(=C[$][$])[$],#TN6d=N[$]}"
HEaSC00472,Nc1ccncn1,"{[#SN6d]1[#TN6a][#TN6a]1}.{#SN6d=NC(=C[$])[$],#TN6a=C(=N[$])[$]}"
HEaSC00473,Nc1nccc(=O)[nH]1,"{[#TN6dA]1[#TN6a][#SN6a][#TN6dB]1}.{#SN6a=O=C(C[$])[$],#TN6a=C(N[$])[$],#TN6dA=NC[$][$],#TN6dB=N[$][$]}"
HEaSC00475,Nc1ccnc(=O)[nH]1,"{[#SN6d]1[#TN6aA][#TN6aB][#TN6d]1}.{#SN6d=NC(=C[$])[$],#TN6aA=C(=N[$])[$],#TN6aB=O=C[$][$],#TN6d=N[$][$]}"
HEaSC00482,Cc1nonc1C(N)=O,"{[#SN6a]1[#TN2a][#TN6a]1[#SP5]}.{#SN6a=CC(=N[$])[$],#SP5=NC(=O)[$],#TN2a=O[$][$],#TN6a=N(=C[$][$])[$]}"
HEaSC00483,Cc1n[nH]cc1[N+](=O)[O-],"{[#SN6a]1[#TN6d][#TC5]1[#SN3a]}.{#SN3a=O=[N+]([O-])[$],#SN6a=CC(=N[$])[$],#TC5=C(=C[$][$])[$],#TN6d=N[$][$]}"
HEaSC00484,Cc1ncc([N+](=O)[O-])[nH]1,"{[#SN6a]1[#TC5][#SN3a]([#TN6d]1)}.{#SN3a=O=[N+]([O-])[$],#SN6a=CC(=N[$])[$],#TC5=C(=C[$][$])[$],#TN6d=N[$][$]}"
HEaSC00485,Cc1ncc([N+](=O)[O-])[nH]1,"{[#SN6a]1[#TC5][#SN3a]([#TN6d]1)}.{#SN3a=O=[N+]([O-])[$],#SN6a=CC(=N[$])[$],#TC5=C(=C[$][$])[$],#TN6d=N[$][$]}"
HEaSC00487,Cc1nc[nH]c1[N+](=O)[O-],"{[#SC4]1[#TN6a][#TN6d]1([#SN3a])}.{#SC4=CC(=C[$][$])[$],#SN3a=O=[N+]([O-])[$],#TN6a=C(=N[$])[$],#TN6d=N[$][$]}"
HEaSC00488,Cn1ccnc1[N+](=O)[O-],"{[#TN1]1[#TC5][#TN6a]1[#SN3a]}.{#SN3a=O=[N+]([O-])[$],#TC5=C(=C[$])[$],#TN1=CN[$][$],#TN6a=N(=C[$][$])[$]}"
HEaSC00489,Cn1cnc([N+](=O)[O-])c1,"{[#TN1]1[#TN6a][#TC5]1[#SN3a]}.{#SN3a=O=[N+]([O-])[$],#TC5=C(=C[$][$])[$],#TN1=CN[$][$],#TN6a=C(=N[$])[$]}"
HEaSC00490,Cn1cncc1[N+](=O)[O-],"{[#TN1]1[#TN6a][#TC5]1[#SN3a]}.{#SN3a=O=[N+]([O-])[$],#TC5=C(=C[$][$])[$],#TN1=CN[$][$],#TN6a=C(=N[$])[$]}"
HEaSC00491,Cc1nc([N+](=O)[O-])c[nH]1,"{[#SN6a]1[#TC5][#SN3a]([#TN6d]1)}.{#SN3a=O=[N+]([O-])[$],#SN6a=CC(=N[$])[$],#TC5=C(=C[$][$])[$],#TN6d=N[$][$]}"
HEaSC00492,Cc1[nH]cnc1[N+](=O)[O-],"{[#SC4]1[#TN6d][#TN6a]1([#SN3a])}.{#SC4=CC(=C[$][$])[$],#SN3a=O=[N+]([O-])[$],#TN6a=C(=N[$])[$],#TN6d=N[$][$]}"
HEaSC00495,COc1[nH]cnc1[N+](=O)[O-],"{[#TN2a][#TC5]1[#TN6d][#TN6a]1([#SN3a])}.{#SN3a=O=[N+]([O-])[$],#TC5=C(=C[$][$])[$][$],#TN2a=CO[$],#TN6a=C(=N[$])[$],#TN6d=N[$][$]}"
HEaSC00496,C=CC=C,{[#SC5]}.{#SC5=C=CC=C}
HEaSC00497,CC#CC,{[#C6r]}.{#C6r=CC#CC}
HEaSC00498,N#CCCCCl,"{[#SN2a][#SX3]}.{#SN2a=N#CC[$],#SX3=ClCC[$]}"
HEaSC00500,CCOC(=O)C(F)F,"{[#SN3r][#TN4a][#TX4]}.{#SN3r=CCO[$],#TN4a=O=C[$][$],#TX4=FC(F)[$]}"
HEaSC00501,Cc1cnc[nH]1,"{[#SC4]1[#TN6a][#TN6d]1}.{#SC4=CC(=C[$])[$],#TN6a=C(=N[$])[$],#TN6d=N[$][$]}"
HEaSC00502,Cn1ccnc1,"{[#TN1]1[#TC5][#TN6a]1}.{#TC5=C(=C[$])[$],#TN1=CN[$][$],#TN6a=C(=N[$])[$]}"
HEaSC00503,Cc1ncc[nH]1,"{[#SN6a]1[#TC5][#TN6d]1}.{#SN6a=CC(=N[$])[$],#TC5=C(=C[$])[$],#TN6d=N[$][$]}"
HEaSC00504,Cn1cccn1,"{[#TN1]1[#TC5][#TN6a]1}.{#TC5=C(=C[$])[$],#TN1=CN[$][$],#TN6a=C(=N[$])[$]}"
HEaSC00505,COc1cn[nH]c1,"{[#TN2a][#TC5]1[#TN6a][#TN6d]1}.{#TC5=C(=C[$][$])[$],#TN2a=CO[$],#TN6a=C(=N[$])[$],#TN6d=N[$][$]}"
HEaSC00507,Cc1nonc1C,"{[#SN6a]1[#TN2a][#SN6a]1}.{#SN6a=CC(=N[$])[$],#TN2a=O[$][$]}"
HEaSC00510,Cc1nsnc1C,"{[#SN6a]1[#TC6][#SN6a]1}.{#SN6a=CC(=N[$])[$],#TC6=S[$][$]}"
HEaSC00511,Cc1nnc(C)s1,"{[#SN6a]1[#SN6a][#TC6]1}.{#SN6a=CC(=N[$])[$],#TC6=S[$][$]}"
HEaSC00514,Nc1cncc(N)n1,"{[#SN6d][#TC5]1[#TN6aA][#TN6aB]1[#SN6d]}.{#SN6d=N[$],#TC5=C(=C[$][$])[$],#TN6aA=C(=N[$])[$],#TN6aB=N(=C[$][$])[$]}"
HEaSC00515,NC(=O)c1nc[nH]c1N,"{[#SP5][#SN6d]1[#TN6a][#TN6d]1}.{#SN6d=NC(=C[$][$])[$],#SP5=NC(=O)[$],#TN6a=C(=N[$])[$],#TN6d=N[$][$]}"
HEaSC00516,CSc1nncc(=O)n1N,"{[#TC6][#SN6d]1[#TN1a][#SN6a]1}.{#SN6a=O=C(C[$])[$],#SN6d=NN(C[$][$])[$],#TC6=CS[$],#TN1a=N(N[$])[$]}"
HEaSC00517,CCn1cnc([N+](=O)[O-])n1,"{[#TC3][#TN1]1[#TN6aA][#TN6aB]1[#SN3a]}.{#SN3a=O=[N+]([O-])[$],#TC3=CC[$],#TN1=N[$][$][$],#TN6aA=C(=N[$])[$],#TN6aB=N(=C[$][$])[$]}"
HEaSC00522,CC(=O)Nc1nnc(S(N)(=O)=O)s1,"{[#SP3][#TN6a]1[#TN6a][#P4]([#TC6]1)}.{#P4=NS(=O)(=O)[$],#SP3=CC(=O)N[$],#TC6=S[$][$],#TN6a=N(=C[$][$])[$]}"
HEaSC00523,Cn1cnc([N+](=O)[O-])c1S(N)(=O)=O,"{[#TN1]1[#TN6a][#TC5]1[#SN3a]([#P4])}.{#P4=NS(=O)(=O)[$],#SN3a=O=[N+]([O-])[$],#TC5=C(=C[$][$])[$][$],#TN1=CN[$][$],#TN6a=C(=N[$])[$]}"
HEaSC00524,C1=CCOC1,"{[#SC4][#TN4a]}.{#SC4=C(=C[$])C[$],#TN4a=C(O[$])[$]}"
HEaSC00525,S=C1CCCO1,"{[#TC6]1[#TC3][#TN4a]1}.{#TC3=C(C[$])[$],#TC6=S=C[$][$],#TN4a=C(O[$])[$]}"
HEaSC00526,CC(=O)C(C)=O,{[#SN4a][#SN4a]}.{#SN4a=CC(=O)[$]}
HEaSC00527,C=CC(=O)OC,"{[#TC5][#TN4a][#TN3r]}.{#TC5=C=C[$],#TN3r=CO[$],#TN4a=O=C[$][$]}"
HEaSC00528,CC=CC(=O)O,"{[#SC4][#SP2]}.{#SC4=CC=C[$],#SP2=O=C(O)[$]}"
HEaSC00529,O=C(O)C1CC1,"{[#SP2][#SC3]}.{#SC3=C1CC1[$],#SP2=O=C(O)[$]}"
HEaSC00530,C1O[C@@H]1[C@H]2CO2,{[#P4][#P4]}.{#P4=C1OC1[$]}
HEaSC00531,O=C1CCCO1,"{[#TN6a]1[#TC3][#TN4a]1}.{#TC3=C(C[$])[$],#TN4a=C(O[$])[$],#TN6a=O=C[$][$]}"
HEaSC00532,C=C(C)C(=O)O,"{[#SC4][#SP2]}.{#SC4=C=C(C)[$],#SP2=O=C(O)[$]}"
HEaSC00533,C=COC(C)=O,"{[#SP2][#SN4a]}.{#SN4a=CC(=O)[$],#SP2=C=CO[$]}"
HEaSC00535,COC(=O)C(=O)OC,{[#N4a][#N4a]}.{#N4a=COC(=O)[$]}
1003-09-4,C1=CC=C(Br)S1,"{[#TC5]1[#SX2][#TC6]1}.{#SX2=BrC(=C[$])[$],#TC5=C(=C[$])[$],#TC6=S[$][$]}"
10057-27-9,FC(F)(F)C(=O)C(F)(F)F,"{[#SX4e][#TN4a][#SX4e]}.{#SX4e=FC(F)(F)[$],#TN4a=O=C[$][$]}"
10061-01-5,ClC=CCCl,"{[#SX3][#TX3]}.{#SX3=ClC=C[$],#TX3=ClC[$]}"
10061-02-6,ClC=CCCl,"{[#SX3][#TX3]}.{#SX3=ClC=C[$],#TX3=ClC[$]}"
1007-28-9,n1c(N)nc(Cl)nc1NCC,"{[#TN6a]1[#TN6d][#TN1a]1[#TX3]([#SN5])}.{#SN5=CCN[$],#TN1a=N[$][$].N[$][$],#TN6a=N(C[$][$])[$],#TN6d=NC[$][$],#TX3=ClC[$][$]}"
102-71-6,OCCN(CCO)CCO,"{[#SP1][#TN6d][#TP1d]([#SP1])}.{#SP1=OCC[$],#TN6d=C(N[$][$])[$],#TP1d=OC[$]}"
10498-35-8,C1C(Cl)C(Cl)CCC1,"{[#TC3]1[#TX3][#TX3][#TC3]1}.{#TC3=C(C[$])[$],#TX3=ClC[$][$]}"
105-46-4,CC(=O)OC(C)CC,"{[#SN4a][#N3r]}.{#N3r=CCC(C)O[$],#SN4a=CC(=O)[$]}"
105-54-4,CCCC(=O)OCC,"{[#SC2][#TN4a][#SN3r]}.{#SC2=CCC[$],#SN3r=CCO[$],#TN4a=O=C[$][$]}"
105-58-8,CCOC(=O)OCC,"{[#SN3r][#TN4a][#SN3r]}.{#SN3r=CCO[$],#TN4a=O=C[$][$]}"
106-36-5,CCC(=O)OCCC,"{[#N6a][#N3r]}.{#N3r=CCCO[$],#N6a=CCC(=O)[$]}"
106-37-6,c1c(Br)ccc(Br)c1,"{[#TC5B]1[#TX2][#TC5A][#TX2]1}.{#TC5A=C(=C[$])[$],#TC5B=C(C[$])[$],#TX2=BrC[$][$]}"
106-46-7,c1c(Cl)ccc(Cl)c1,"{[#TC5B]1[#TX3][#TC5A][#TX3]1}.{#TC5A=C(=C[$])[$],#TC5B=C(C[$])[$],#TX3=ClC[$][$]}"
106-47-8,c1c(Cl)ccc(N)c1,"{[#TC5B]1[#TX3][#TC5A][#TN6d]1}.{#TC5A=C(=C[$])[$],#TC5B=C(C[$])[$],#TN6d=NC[$][$],#TX3=ClC[$][$]}"
106-48-9,c1c(Cl)ccc(O)c1,"{[#TC5B]1[#TX3][#TC5A][#TN6]1}.{#TC5A=C(=C[$])[$],#TC5B=C(C[$])[$],#TN6=OC[$][$],#TX3=ClC[$][$]}"
106-93-4,BrCCBr,{[#SX2][#SX2]}.{#SX2=BrC[$]}
106-94-5,CCCBr,{[#X2]}.{#X2=CCCBr}
106-95-6,BrCC=C,"{[#SX2][#TC5]}.{#SX2=BrC[$],#TC5=C=C[$]}"
106-97-8,CCCC,{[#C1]}.{#C1=CCCC}
106-98-9,C=CCC,{[#C4]}.{#C4=C=CCC}
106-99-0,C=CC=C,{[#SC5]}.{#SC5=C=CC=C}
107-03-9,CCCS,"{[#TC3][#TC6]}.{#TC3=CC[$],#TC6=SC[$]}"
107-06-2,ClCCCl,{[#X3h]}.{#X3h=ClCCCl}
107-08-4,CCCI,{[#X1]}.{#X1=CCCI}
107-15-3,NCCN,{[#TN6d][#TN6d]}.{#TN6d=NC[$]}
107-21-1,OCCO,{[#P4]}.{#P4=OCCO}
107-97-1,CNCC(=O)O,"{[#SN1][#SP2]}.{#SN1=CNC[$],#SP2=O=C(O)[$]}"
107103-96-8,FC(F)(F)CCC(O)CC,"{[#SX4e][#P1][#TC3]}.{#P1=OC(CC[$])[$],#SX4e=FC(F)(F)[$],#TC3=CC[$]}"
107103-97-9,FC(F)(F)CC(C)CCO,"{[#SX4e][#SC2][#SP1]}.{#SC2=CC(C[$])[$],#SP1=OCC[$],#SX4e=FC(F)(F)[$]}"
108-10-1,CC(=O)CC(C)C,"{[#SN4a][#SC1]}.{#SC1=CC(C)C[$],#SN4a=CC(=O)[$]}"
108-11-2,CC(C)CC(O)C,"{[#SC2][#P1]}.{#P1=CC(O)C[$],#SC2=CC(C)[$]}"
108-20-3,CC(C)OC(C)C,"{[#SC2][#N3r]}.{#N3r=CC(C)O[$],#SC2=CC(C)[$]}"
108-21-4,CC(=O)OC(C)C,"{[#SN4a][#N3r]}.{#N3r=CC(C)O[$],#SN4a=CC(=O)[$]}"
108-36-1,c1c(Br)cc(Br)cc1,"{[#SX2]1[#SX2][#TC5]1}.{#SX2=BrC(=C[$])[$],#TC5=C(=C[$])[$]}"
108-42-9,c1c(Cl)cc(N)cc1,"{[#SX3]1[#SN6d][#TC5]1}.{#SN6d=NC(=C[$])[$],#SX3=ClC(=C[$])[$],#TC5=C(=C[$])[$]}"
108-43-0,c1c(Cl)cc(O)cc1,"{[#SX3]1[#SN6][#TC5]1}.{#SN6=OC(=C[$])[$],#SX3=ClC(=C[$])[$],#TC5=C(=C[$])[$]}"
108-70-3,c1(Cl)cc(Cl)cc(Cl)c1,{[#SX3]1[#SX3][#SX3]1}.{#SX3=ClC(=C[$])[$]}
108-78-1,Nc1nc(N)nc(N)n1,"{[#TN6d][#TN6a]1[#TN6a][#TN6d]([#TN6a]1[#TN6d])}.{#TN6a=N(=C[$][$])[$],#TN6d=N[$]}"
108-85-0,BrC1CCCCC1,"{[#SX2]1[#TC3][#TC3]1}.{#SX2=BrC(C[$])[$],#TC3=C(C[$])[$]}"
108-86-1,c1ccccc1Br,"{[#SX2]1[#TC5][#TC5]1}.{#SX2=BrC(C[$])[$],#TC5=C(C[$])[$]}"
108-89-4,c1c(C)ccnc1,"{[#SC4]1[#TC5][#TN6a]1}.{#SC4=CC(=C[$])[$],#TC5=C(=C[$])[$],#TN6a=C(=N[$])[$]}"
108-90-7,c1ccccc1Cl,"{[#SX3]1[#TC5][#TC5]1}.{#SX3=ClC(C[$])[$],#TC5=C(C[$])[$]}"
108-91-8,C1CCCCC1N,"{[#SN6d]1[#TC3][#TC3]1}.{#SN6d=NC(C[$])[$],#TC3=C(C[$])[$]}"
108-93-0,C1CCC(O)CC1,"{[#TC3]1[#SN6][#TC3]1}.{#SN6=OC(C[$])[$],#TC3=C(C[$])[$]}"
108-95-2,c1ccccc1O,"{[#SN6]1[#TC5][#TC5]1}.{#SN6=OC(C[$])[$],#TC5=C(C[$])[$]}"
108-98-5,c1cc(S)ccc1,"{[#TC5]1[#SC6][#TC5]1}.{#SC6=SC(C[$])[$],#TC5=C(C[$])[$]}"
108-99-6,c1c(C)cncc1,"{[#SC4]1[#TN6a][#TC5]1}.{#SC4=CC(=C[$])[$],#TC5=C(=C[$])[$],#TN6a=C(=N[$])[$]}"
109-04-6,c1ccc(Br)nc1,"{[#TC5]1[#SX2][#TN6a]1}.{#SX2=BrC(=C[$])[$],#TC5=C(=C[$])[$],#TN6a=C(=N[$])[$]}"
109-06-8,c1c(C)nccc1,"{[#SC4]1[#TN6a][#TC5]1}.{#SC4=CC(=C[$])[$],#TC5=C(=C[$])[$],#TN6a=C(=N[$])[$]}"
109-09-1,c1ccc(Cl)nc1,"{[#TC5]1[#SX3][#TN6a]1}.{#SX3=ClC(=C[$])[$],#TC5=C(=C[$])[$],#TN6a=C(=N[$])[$]}"
109-49-9,CC(=O)CCC=C,"{[#SN4a][#C4]}.{#C4=C=CCC[$],#SN4a=CC(=O)[$]}"
109-52-4,CCCCC(=O)O,"{[#C1][#SP2]}.{#C1=CCCC[$],#SP2=O=C(O)[$]}"
109-64-8,BrCCCBr,"{[#X2][#SX2]}.{#SX2=BrC[$],#X2=BrCC[$]}"
109-65-9,CCCCBr,"{[#SC2][#SX2]}.{#SC2=CCC[$],#SX2=BrC[$]}"
109-66-0,CCCCC,"{[#SC2][#TC3]}.{#SC2=CCC[$],#TC3=CC[$]}"
109-67-1,C=CCCC,"{[#SC4][#TC3]}.{#SC4=C=CC[$],#TC3=CC[$]}"
109-69-3,CCCCCl,"{[#SC2][#TX3]}.{#SC2=CCC[$],#TX3=ClC[$]}"
109-70-6,BrCCCCl,"{[#X2][#TX3]}.{#TX3=ClC[$],#X2=BrCC[$]}"
109-76-2,NCCCN,"{[#SN6d][#TN6d]}.{#SN6d=NCC[$],#TN6d=NC[$]}"
109-79-5,CCCCS,"{[#SC2][#TC6]}.{#SC2=CCC[$],#TC6=SC[$]}"
109-92-2,CCOC=C,"{[#SN3r][#TC5]}.{#SN3r=CCO[$],#TC5=C=C[$]}"
109803-52-3,c1c(Br)c(Cl)c(Cl)c(OC)c1,"{[#SX2]1[#TX3][#TX3][#TC5]1[#TN2a]}.{#SX2=BrC(=C[$])[$],#TC5=C(=C[$][$])[$],#TN2a=CO[$],#TX3=ClC[$][$]}"
110-00-9,O1C=CC=C1,"{[#TN2a]1[#TC5][#TC5]1}.{#TC5=C(=C[$])[$],#TN2a=O[$][$]}"
110-02-1,S1C=CC=C1,"{[#TC6]1[#TC5][#TC5]1}.{#TC5=C(=C[$])[$],#TC6=S[$][$]}"
110-19-0,CC(=O)OCC(C)C,"{[#SN4a][#N3r]}.{#N3r=CC(C)CO[$],#SN4a=CC(=O)[$]}"
110-44-1,CC=CC=CC(=O)O,"{[#C4]=[#SP2]}.{#C4=CC=CC[$],#SP2=O=C(O)C[$]}"
110-53-2,CCCCCBr,"{[#SC2][#X2]}.{#SC2=CCC[$],#X2=BrCC[$]}"
110-54-3,CCCCCC,{[#SC2][#SC2]}.{#SC2=CCC[$]}
110-56-5,ClCCCCCl,{[#SX3][#SX3]}.{#SX3=ClCC[$]}
110-58-7,CCCCCN,"{[#SC2][#SN6d]}.{#SC2=CCC[$],#SN6d=NCC[$]}"
110-68-9,CNCCCC,"{[#SN1][#SC2]}.{#SC2=CCC[$],#SN1=CNC[$]}"
110-82-7,C1CCCCC1,{[#SC3][#SC3]}.{#SC3=C(C[$])C[$]}
110-83-8,C1CCC=CC1,"{[#TC3]1[#TC3][#TC5]1}.{#TC3=C(C[$])[$],#TC5=C(=C[$])[$]}"
110-85-0,C1NCCNC1,{[#SC3][#SC3]}.{#SC3=C(NC[$])[$]}
111-25-1,CCCCCCBr,"{[#C1][#X2]}.{#C1=CCCC[$],#X2=BrCC[$]}"
111-26-2,CCCCCCN,"{[#C1][#SN6d]}.{#C1=CCCC[$],#SN6d=NCC[$]}"
111-27-3,CCCCCCO,"{[#C1][#SP1]}.{#C1=CCCC[$],#SP1=OCC[$]}"
111-42-2,OCCNCCO,"{[#TP1d][#TN6d][#SP1]}.{#SP1=OCC[$],#TN6d=C(N[$])[$],#TP1d=OC[$]}"
111-43-3,CCCOCCC,"{[#N3r][#SC2]}.{#N3r=CCCO[$],#SC2=CCC[$]}"
111-44-4,ClCCOCCCl,"{[#TX3][#TP1d][#SX3]}.{#SX3=ClCC[$],#TP1d=C(O[$])[$],#TX3=ClC[$]}"
111-47-7,CCCSCCC,"{[#TC3][#TC6][#SC2]}.{#SC2=CCC[$],#TC3=CC[$],#TC6=C(S[$])[$]}"
1118-68-9,CN(C)CC(=O)O,"{[#SN1][#SP2]}.{#SN1=CN(C)[$],#SP2=O=C(O)C[$]}"
1120-87-2,c1c(Br)ccnc1,"{[#SX2]1[#TC5][#TN6a]1}.{#SX2=BrC(=C[$])[$],#TC5=C(=C[$])[$],#TN6a=C(=N[$])[$]}"
1120-90-7,c1cc(I)cnc1,"{[#TC5]1[#X1][#TN6a]1}.{#TC5=C(C[$])[$],#TN6a=C(N[$])[$],#X1=IC(C[$])[$]}"
112704-79-7,OC(=O)c1ccc(Br)cc1F,"{[#SP2][#TC5]1[#SX2][#SX4e]1}.{#SP2=O=C(O)[$],#SX2=BrC(=C[$])[$],#SX4e=FC(=C[$])[$],#TC5=C(=C[$][$])[$]}"
114525-06-3,FC(F)(F)CC(C)CO,"{[#SX4e][#P1]}.{#P1=CC(CO)C[$],#SX4e=FC(F)(F)[$]}"
115-07-1,CC=C,{[#SC4]}.{#SC4=C=CC}
115-11-7,C=C(C)C,{[#SC4]}.{#SC4=C=C(C)C}
115571-04-5,ClC(Cl)(Cl)c1nc(N)nc(OC)n1,"{[#X2][#TN6a]1[#TN6d][#TN1a]1[#SN2a]}.{#SN2a=COC[$][$],#TN1a=N[$][$].N[$][$],#TN6a=N(=C[$][$])[$],#TN6d=NC[$][$],#X2=ClC(Cl)(Cl)[$]}"
116-53-0,CCC(C)C(=O)O,"{[#C1][#SP2]}.{#C1=CCC(C)[$],#SP2=O=C(O)[$]}"
117856-61-8,c1c(OC)ncc(OC)n1,"{[#TC5]1[#TN2a]([#TN6aA][#TN6aB]1[#TN3r])}.{#TC5=C(=C[$][$])[$],#TN2a=CO[$],#TN3r=CO[$],#TN6aA=C(=N[$])[$],#TN6aB=N(=C[$][$])[$]}"
118-79-6,c1(Br)c(O)c(Br)cc(Br)c1,"{[#SX2B]1[#TN6][#SX2A][#TX2]1}.{#SX2A=BrC(=C[$])[$],#SX2B=BrC(C[$])[$],#TN6=OC[$][$],#TX2=BrC[$][$]}"
118-91-2,c1c(Cl)c(C(=O)O)ccc1,"{[#SX3]1[#TC5B][#SP2]([#TC5A]1)}.{#SP2=O=C(O)[$],#SX3=ClC(=C[$])[$],#TC5A=C(=C[$])[$],#TC5B=C(=C[$][$])[$]}"
1193-02-8,Nc1ccc(S)cc1,"{[#TN6d]1[#TC5B][#TC6][#TC5A]1}.{#TC5A=C(=C[$])[$],#TC5B=C(C[$])[$],#TC6=SC[$][$],#TN6d=NC[$][$]}"
1193-62-0,C1=CNC(C(=O)OC)=C1,"{[#TC5A]1[#TN6d][#TC5B]1[#N4a]}.{#N4a=COC(=O)[$],#TC5A=C(=C[$])[$],#TC5B=C(=C[$][$])[$],#TN6d=N[$][$]}"
1195-08-0,N1C(=O)NC(=O)C(C=O)=C1,"{[#TN6d][#TC5B]1=[#TN6a]([#TN6d][#TC5A]1=[#SN6a]([#TN4a]))}.{#SN6a=O[$],#TC5A=C(C[$][$])[$][$],#TC5B=C[$][$][$].C[$][$],#TN4a=O=C[$],#TN6a=O[$],#TN6d=N[$][$]}"
120-83-2,c1c(O)c(Cl)cc(Cl)c1,"{[#SN6]1[#SX3][#SX3]1}.{#SN6=OC(=C[$])[$],#SX3=ClC(=C[$])[$]}"
121-44-8,CCN(CC)CC,"{[#SN3a][#TC3]([#TC3])}.{#SN3a=CCN[$][$],#TC3=CC[$]}"
121-50-6,FC(F)(F)c1cc(N)c(Cl)cc1,"{[#SX4e][#TC5]1[#SN6d][#SX3]1}.{#SN6d=NC(C[$])[$],#SX3=ClC(C[$])[$],#SX4e=FC(F)(F)[$],#TC5=C(C[$][$])[$]}"
122970-63-2,CC1NCC=C1,"{[#SN6d][#SC4]}.{#SC4=C(=C[$])C[$],#SN6d=CC(N[$])[$]}"
123-51-3,CC(C)CCO,"{[#SC2][#SP1]}.{#SC2=CC(C)[$],#SP1=OCC[$]}"
123-86-4,CC(=O)OCCCC,"{[#SN4a][#C1]}.{#C1=CCCC[$],#SN4a=CC(=O)O[$]}"
124-02-7,C=CCNCC=C,"{[#TC5][#TN6d][#SC4]}.{#SC4=C=CC[$],#TC5=C=C[$],#TN6d=C(N[$])[$]}"
127-18-4,ClC(Cl)=C(Cl)Cl,{[#SX3h]=[#SX3h]}.{#SX3h=ClC(Cl)[$]}
13053-81-1,C1=CSC(NC(=O)C)=C1,"{[#TC5A]1[#TC6][#TC5B]1[#SP3]}.{#SP3=CC(=O)N[$],#TC5A=C(=C[$])[$],#TC5B=C(=C[$][$])[$],#TC6=S[$][$]}"
13129-23-2,O1C=CC(C(=O)OC)=C1,"{[#TN2a]1[#TC5A][#TC5B]1[#N4a]}.{#N4a=COC(=O)[$],#TC5A=C(=C[$])[$],#TC5B=C(=C[$][$])[$],#TN2a=O[$][$]}"
13577-71-4,C1(C(F)(F)F)=Nc2ncc(Cl)cc2N1,"{[#TN6aB]2[#SX4e]([#TC5]1[#TN6aA][#SX3]1([#TN6d]2))}.{#SX3=ClC(C[$])[$],#SX4e=FC(F)(F)[$],#TC5=C(C[$][$])[$][$],#TN6aA=C(N[$])[$],#TN6aB=N(=C[$][$])[$],#TN6d=N[$][$]}"
137-07-5,c1c(N)c(S)ccc1,"{[#SN6d]1[#SC6][#TC5]1}.{#SC6=SC(=C[$])[$],#SN6d=NC(=C[$])[$],#TC5=C(=C[$])[$]}"
13797-63-2,C1(C(F)(F)F)=Nc2ncccc2N1,"{[#TN6aB]2[#SX4e]([#TC5B]1[#TN6aA][#TC5A]1([#TN6d]2))}.{#SX4e=FC(F)(F)[$],#TC5A=C(C[$])[$],#TC5B=C(C[$][$])[$][$],#TN6aA=C(N[$])[$],#TN6aB=N(=C[$][$])[$],#TN6d=N[$][$]}"
140-88-5,C=CC(=O)OCC,"{[#TC5][#TN4a][#SN3r]}.{#SN3r=CCO[$],#TC5=C=C[$],#TN4a=O=C[$][$]}"
14085-33-7,S1SC=2CCCC2C1=S,"{[#SC6A]1[#SC3][#SC6B]1}.{#SC3=C(C[$])C[$],#SC6A=S(S[$])C[$][$],#SC6B=S=C(C[$][$])[$]}"
141-43-5,NCCO,"{[#TN6d][#TP1d]}.{#TN6d=NC[$],#TP1d=OC[$]}"
142-28-9,ClCCCCl,"{[#SX3][#TX3]}.{#SX3=ClCC[$],#TX3=ClC[$]}"
142-62-1,CCCCCC(=O)O,"{[#C1][#SP2]}.{#C1=CCCC[$],#SP2=O=C(O)C[$]}"
142-84-7,CCCNCCC,"{[#N5][#SC2]}.{#N5=CCCN[$],#SC2=CCC[$]}"
1435-48-9,Clc1cc(Cl)ccc1F,"{[#SX3]1[#SX3][#SX4e]1}.{#SX3=ClC(=C[$])[$],#SX4e=FC(=C[$])[$]}"
1436-34-6,CCCCC1OC1,"{[#C1][#P4]}.{#C1=CCCC[$],#P4=C1OC1[$]}"
146252-77-9,CCCC1=CC(=S)SS1,"{[#SC2][#SC6A][#SC6B]}.{#SC2=CCC[$],#SC6A=S(S[$])C[$][$],#SC6B=S=C(C[$])[$]}"
1468-83-3,C1=CSC=C1C(=O)C,"{[#TC5A]1[#TC6][#TC5B]1[#SN4a]}.{#SN4a=CC(=O)[$],#TC5A=C(=C[$])[$],#TC5B=C(=C[$][$])[$],#TC6=S[$][$]}"
147-81-9,C1C(O)C(O)C(O)C(O)O1,"{[#TN4a]1[#SP4][#SP4]1}.{#SP4=OC(C(O)[$])[$],#TN4a=C(O[$])[$]}"
14884-03-8,N1N=CC(OC(C)C)=C1,"{[#TN6d]1[#TN6a][#TC5]1[#N3r]}.{#N3r=CC(C)O[$],#TC5=C(=C[$][$])[$],#TN6a=C(=N[$])[$],#TN6d=N[$][$]}"
14946-02-2,ClC(Cl)(Cl)c1nc(N)nc(SC)n1,"{[#X2][#TN6a]1[#TN6a][#TN6d]([#TN6a]1[#TC6])}.{#TC6=CS[$],#TN6a=N(=C[$][$])[$],#TN6d=N[$],#X2=ClC(Cl)(Cl)[$]}"
151-67-7,FC(F)(F)C(Cl)Br,"{[#SX4e][#SX2]}.{#SX2=ClC(Br)[$],#SX4e=FC(F)(F)[$]}"
1513-65-1,n1c(F)cccc1F,"{[#TN6a]1[#SX4e]([#TC5A][#TC5B]1[#SX4e])}.{#SX4e=F[$],#TC5A=C(=C[$])[$],#TC5B=C(=C[$][$])[$],#TN6a=N(=C[$][$])[$]}"
15231-48-8,O=C1NC(C)=CC=N1,"{[#TN6aB]1[#TN6d][#SC4][#TN6aA]1}.{#SC4=CC(=C[$])[$],#TN6aA=C(=N[$])[$],#TN6aB=O=C[$][$],#TN6d=N[$][$]}"
1529-68-6,BrCC(Br)C(Br)CBr,"{[#SX2A][#SX2B][#SX2B][#SX2A]}.{#SX2A=BrC[$],#SX2B=BrC[$][$]}"
1551-06-0,CCC1=CC=CN1,"{[#TC3][#TC5B]1[#TC5A][#TN6d]1}.{#TC3=CC[$],#TC5A=C(=C[$])[$],#TC5B=C(=C[$][$])[$],#TN6d=N[$][$]}"
156-59-2,ClC=CCl,{[#TX3]=[#TX3]}.{#TX3=ClC[$]}
156-60-5,ClC=CCl,{[#TX3]=[#TX3]}.{#TX3=ClC[$]}
156-87-6,NCCCO,"{[#SN6d][#TP1]}.{#SN6d=NCC[$],#TP1=OC[$]}"
1574-41-0,CC=CC=C,"{[#SC4][#TC5]}.{#SC4=CC=C[$],#TC5=C=C[$]}"
15950-66-0,c1c(O)c(Cl)c(Cl)c(Cl)c1,"{[#SN6]1[#TX3][#TX3][#SX3]1}.{#SN6=OC(=C[$])[$],#SX3=ClC(=C[$])[$],#TX3=ClC[$][$]}"
15962-47-7,NC(=O)C(C)NC(=O)C,"{[#SP5][#SN5][#SN4a]}.{#SN4a=CC(=O)[$],#SN5=CC(N[$])[$],#SP5=NC(=O)[$]}"
1603-41-4,c1c(N)ncc(C)c1,"{[#TC5]1[#TN6d][#TN6a][#TC4]1}.{#TC4=CC[$][$],#TC5=C(C[$])[$],#TN6a=C(=N[$])[$],#TN6d=NC[$][$]}"
16063-69-7,c1(Cl)cc(Cl)cc(Cl)n1,"{[#TC5]1[#SX3]([#TC5][#SX3]([#TN6a]1[#TX3]))}.{#SX3=Cl[$],#TC5=C(=C[$][$])[$],#TN6a=N(=C[$][$])[$],#TX3=Cl[$]}"
16063-70-0,c1c(Cl)cc(Cl)c(Cl)n1,"{[#TC5]1[#SX3]([#TC5][#SX3]([#TN6a]1[#TX3]))}.{#SX3=Cl[$],#TC5=C(=C[$][$])[$],#TN6a=N(=C[$][$])[$],#TX3=Cl[$]}"
16088-73-6,ClC(Cl)(Cl)c1nc(N)nc(N)n1,"{[#X2][#TN6a]1[#TN6d][#TN1a]1[#TN6d]}.{#TN1a=N[$][$].N[$][$],#TN6a=N(=C[$][$])[$],#TN6d=NC[$][$],#X2=ClC(Cl)(Cl)[$]}"
16110-09-1,c1c(Cl)ccc(Cl)n1,"{[#TN6a]1[#TX3][#TC5][#TX3]1}.{#TC5=C(=C[$])[$],#TN6a=C(N[$])[$],#TX3=ClC[$][$]}"
16269-66-2,C1=Cc2ncnc(Cl)c2S1,"{[#TC5A]2[#TN6aB]1[#TN6aA][#TC5B]1[#TX3]([#TC6]2)}.{#TC5A=C(=C[$])[$],#TC5B=C(=C[$][$])[$][$],#TC6=S[$][$],#TN6aA=C(=N[$])[$],#TN6aB=N(=C[$][$])[$],#TX3=Cl[$]}"
1628-89-3,c1c(OC)nccc1,"{[#TC5B]1[#TN2a]([#TN6a][#TC5A]1)}.{#TC5A=C(=C[$])[$],#TC5B=C(=C[$][$])[$],#TN2a=CO[$],#TN6a=C(=N[$])[$]}"
164584-60-5,CCCC1=CSSC1=O,"{[#SC2][#TC5]1[#TC6][#TN6a]1}.{#SC2=CCC[$],#TC5=C(=C[$][$])[$],#TC6=S(S[$])[$],#TN6a=O=C[$][$]}"
164584-61-6,CCC1=CC(=O)SS1,"{[#TC3][#SC6][#SN6a]}.{#SC6=S(S[$])C[$][$],#SN6a=O=C(C[$])[$],#TC3=CC[$]}"
164584-62-7,CCCC1=CC(=O)SS1,"{[#SC2][#SC6][#SN6a]}.{#SC2=CCC[$],#SC6=S(S[$])C[$][$],#SN6a=O=C(C[$])[$]}"
16839-97-7,COC1=CC=CS1,"{[#TN2a][#TC5B]1[#TC5A][#TC6]1}.{#TC5A=C(=C[$])[$],#TC5B=C(=C[$][$])[$],#TC6=S[$][$],#TN2a=CO[$]}"
1717-00-6,CC(F)(Cl)Cl,{[#X1]}.{#X1=CC(F)(Cl)Cl}
17249-80-8,ClC1=CSC=C1,"{[#SX3]1[#TC6][#TC5]1}.{#SX3=ClC(=C[$])[$],#TC5=C(=C[$])[$],#TC6=S[$][$]}"
1746-25-4,N1CC(I)=NC(I)=C1I,"{[#TN6aA]1[#TN6aB][#X1]([#TC5]1[#TX1]([#TX1]))}.{#TC5=C(=C[$][$])[$][$],#TN6aA=C(N[$])[$],#TN6aB=N(=C[$][$])[$],#TX1=I[$],#X1=I[$]}"
174913-20-3,Clc1cc(OC)cc(Cl)c1Br,"{[#SX3A]1[#SN2a][#SX3B][#TX2]1}.{#SN2a=COC[$][$],#SX3A=ClC(=C[$])[$],#SX3B=ClC(C[$])[$],#TX2=BrC[$][$]}"
174913-24-7,Brc1c(Cl)c(Cl)c(Cl)cc1OC,"{[#TX2]1[#TX3][#TX3][#SX3][#SN2a]1}.{#SN2a=COC[$][$],#SX3=ClC(C[$])[$],#TX2=BrC[$][$],#TX3=ClC[$][$]}"
174913-31-6,Brc1cc(Cl)c(Cl)c(Cl)c1OC,"{[#SX2]1[#TX3][#TX3][#TX3][#SN2a]1}.{#SN2a=COC[$][$],#SX2=BrC(=C[$])[$],#TX3=ClC[$][$]}"
174913-44-1,Brc1cc(Cl)cc(Br)c1OC,"{[#SX2]1[#SX3][#TX2][#SN2a]1}.{#SN2a=COC[$][$],#SX2=BrC(=C[$])[$],#SX3=ClC(=C[$])[$],#TX2=BrC[$][$]}"
174913-68-9,Brc1c(Cl)c(Cl)c(Cl)c(Br)c1OC,"{[#TX2]1[#TX3][#TX3][#TX3][#TX2][#SN2a]1}.{#SN2a=COC[$][$],#TX2=BrC[$][$],#TX3=ClC[$][$]}"
174913-78-1,Brc1cc(Br)c(Cl)c(Br)c1OC,"{[#SX2]1[#TX2][#TX3][#TX2][#SN2a]1}.{#SN2a=COC[$][$],#SX2=BrC(=C[$])[$],#TX2=BrC[$][$],#TX3=ClC[$][$]}"
17647-69-7,CC1=NON=C1CC,"{[#SN6a]1[#TN2a][#TN6a]1[#TC3]}.{#SN6a=CC(=N[$])[$],#TC3=CC[$],#TN2a=O[$][$],#TN6a=N(=C[$][$])[$]}"
1782-00-9,C1(Cl)C(Cl)C(Cl)C(Cl)C=C1,"{[#TX3]1[#TX3][#TX3][#TX3][#TC5]1}.{#TC5=C(=C[$])[$],#TX3=ClC[$][$]}"
1795-01-3,C1=CSC=C1CC,"{[#TC5A]1[#TC6][#TC5B]1[#TC3]}.{#TC3=CC[$],#TC5A=C(=C[$])[$],#TC5B=C(=C[$][$])[$],#TC6=S[$][$]}"
1825-21-4,COc1c(Cl)c(Cl)c(Cl)c(Cl)c1Cl,"{[#SN2a]1[#TX3][#TX3][#TX3][#TX3][#TX3]1}.{#SN2a=COC[$][$],#TX3=ClC[$][$]}"
1825-26-9,Brc1c(Br)c(Br)c(Br)c(Br)c1OC,"{[#TX2]1[#TX2][#TX2][#TX2][#TX2][#SN2a]1}.{#SN2a=COC[$][$],#TX2=BrC[$][$]}"
18438-38-5,c1nc(SC)ccc1,"{[#TN6a]1[#TC5B][#TC6]([#TC5A]1)}.{#TC5A=C(=C[$])[$],#TC5B=C(=C[$][$])[$],#TC6=CS[$],#TN6a=C(=N[$])[$]}"
19393-92-1,Clc1cccc(Cl)c1Br,"{[#TX3]1[#TC5][#SX3][#TX2]1}.{#SX3=ClC(C[$])[$],#TC5=C(C[$])[$],#TX2=BrC[$][$],#TX3=ClC[$][$]}"
199177-26-9,O=Cc1cc(Br)cc(O)c1,"{[#TN4a][#TC5]1[#SX2][#SN6]1}.{#SN6=OC(C[$])[$],#SX2=BrC(C[$])[$],#TC5=C(C[$][$])[$],#TN4a=O=C[$]}"
2004-70-8,CC=CC=C,"{[#SC4][#TC5]}.{#SC4=CC=C[$],#TC5=C=C[$]}"
2106-02-7,Nc1ccc(F)cc1Cl,"{[#SN6d]1[#SX4e][#SX3]1}.{#SN6d=NC(=C[$])[$],#SX3=ClC(=C[$])[$],#SX4e=FC(=C[$])[$]}"
21124-40-3,S1C=CC=C1C(N)C(=O)O,"{[#TC6]1[#TC5A][#TC5B]1[#P6]}.{#P6=NC(C(=O)O)[$],#TC5A=C(=C[$])[$],#TC5B=C(=C[$][$])[$],#TC6=S[$][$]}"
21227-47-4,ClC(Cl)(Cl)c1nc(C)nc(N)n1,"{[#X2][#TN6a]1[#TC4][#TN1a]1[#TN6d]}.{#TC4=CC[$][$],#TN1a=N[$][$].N[$][$],#TN6a=N(=C[$][$])[$],#TN6d=NC[$][$],#X2=ClC(Cl)(Cl)[$]}"
2144-41-4,C1C(C)OC(C)C1,"{[#SC3][#SN4a]}.{#SC3=CC(CC[$])[$],#SN4a=CC(O[$])[$]}"
2176-62-7,n1c(Cl)c(Cl)c(Cl)c(Cl)c1Cl,"{[#TN6a]1[#TX3]([#TC5][#TX3]([#TX3])([#TC5]1[#TX3]([#TX3])))}.{#TC5=C(=C[$][$])[$][$],#TN6a=N(=C[$][$])[$],#TX3=Cl[$]}"
21948-70-9,n1cc(SC)ncc1,"{[#TN6aA]1[#TN6aB][#TC6]([#TC5]1)}.{#TC5=C(=C[$])[$],#TC6=CS[$],#TN6aA=C(=N[$])[$],#TN6aB=N(=C[$][$])[$]}"
22037-28-1,C1=CC(Br)=CO1,"{[#TC5]1[#SX2][#TN2a]1}.{#SX2=BrC(=C[$])[$],#TC5=C(=C[$])[$],#TN2a=O[$][$]}"
2268-05-5,Clc1cccc(Cl)c1F,"{[#TX3]1[#TC5][#SX3][#TX4e]1}.{#SX3=ClC(C[$])[$],#TC5=C(C[$])[$],#TX3=ClC[$][$],#TX4e=FC[$][$]}"
22715-68-0,CC(=O)NC(C)C(=O)NC,"{[#SN4a][#SN5][#P3]}.{#P3=CNC(=O)[$],#SN4a=CC(=O)[$],#SN5=CC(N[$])[$]}"
22913-26-4,C1=CSC=C1C(=O)OC,"{[#TC5A]1[#TC6][#TC5B]1[#N4a]}.{#N4a=COC(=O)[$],#TC5A=C(=C[$])[$],#TC5B=C(=C[$][$])[$],#TC6=S[$][$]}"
23261-20-3,C1OC1C(O)C(O)C2OC2,"{[#P4A][#P4B][#P4A]}.{#P4A=C1OC1[$],#P4B=OC(C(O)[$])[$]}"
23361-38-8,OCC(C(=O)N)NC(=O)C,"{[#TP1d][#TN6d][#SP5]([#SN4a])}.{#SN4a=CC(=O)[$],#SP5=NC(=O)[$],#TN6d=N(C[$][$])[$],#TP1d=OC[$]}"
2366-52-1,CCCCF,"{[#SC2][#TX4e]}.{#SC2=CCC[$],#TX4e=FC[$]}"
2390-94-5,C1C(C)OC(C)C1,"{[#SC3][#SN4a]}.{#SC3=CC(CC[$])[$],#SN4a=CC(O[$])[$]}"
2402-78-0,c1cc(Cl)nc(Cl)c1,"{[#TC5A]1[#TN6a][#SX3]([#TC5B]1[#SX3])}.{#SX3=Cl[$],#TC5A=C(=C[$])[$],#TC5B=C(=C[$][$])[$],#TN6a=N(=C[$][$])[$]}"
24108-33-6,c1nc(C)nnc1,"{[#TC5]1[#TN6a][#TC4]([#TN1a]1)}.{#TC4=C[$],#TC5=C(C[$])[$],#TN1a=N(N[$])[$],#TN6a=N(C[$][$])[$]}"
2457-47-8,c1c(Cl)cc(Cl)cn1,"{[#SX3]1[#SX3][#TN6a]1}.{#SX3=ClC(=C[$])[$],#TN6a=C(=N[$])[$]}"
2527-99-3,COC(=O)C1=CC=C(Br)O1,"{[#N4a][#TC5]1[#SX2][#TN2a]1}.{#N4a=COC(=O)[$],#SX2=BrC(=C[$])[$],#TC5=C(=C[$][$])[$],#TN2a=O[$][$]}"
2539-17-5,c1(O)c(OC)c(Cl)c(Cl)c(Cl)c1Cl,"{[#TN6]1[#SN2a][#TX3][#TX3][#TX3][#TX3]1}.{#SN2a=COC[$][$],#TN6=OC[$][$],#TX3=ClC[$][$]}"
25414-22-6,C1=C(OC)OC=C1,"{[#TC5B]1[#TN2aA]([#TN2aB][#TC5A]1)}.{#TC5A=C(=C[$])[$],#TC5B=C(=C[$][$])[$],#TN2aA=CO[$],#TN2aB=O[$][$]}"
2593-15-9,CCOC1=NC(C(Cl)(Cl)Cl)=NS1,"{[#SN3r][#TN6a]1[#TN6a][#X2]([#TC6]1)}.{#SN3r=CCO[$],#TC6=S[$][$],#TN6a=N(=C[$][$])[$],#X2=ClC(Cl)(Cl)[$]}"
2683-90-1,O=C1C2=C(N=NN2)N=CN1,"{[#TN6aB]2[#TC5]1[#TN1a][#TN6d]1([#TN6aA][#TN6d]2)}.{#TC5=C(=C[$][$])[$][$],#TN1a=N(=N[$])[$],#TN6aA=C(=N[$])[$],#TN6aB=O=C[$][$],#TN6d=N[$][$]}"
271-58-9,N1=C2C=CC=CC2=CO1,"{[#TN6a]12[#TC5A][#TC5A][#TC5B]1[#TN2a]2}.{#TC5A=C(=C[$])[$],#TC5B=C(=C[$][$])[$],#TN2a=O[$][$],#TN6a=N(=C[$][$])[$]}"
271-95-4,N1=Cc2ccccc2O1,"{[#TN6a]2[#TC5B]1[#TC5A][#TC5A]1([#TN2a]2)}.{#TC5A=C(C[$])[$],#TC5B=C(C[$][$])[$][$],#TN2a=O[$][$],#TN6a=C(=N[$])[$]}"
273-09-6,C1=CC2=NON=C2C=C1,"{[#TC5]2[#TN6a]1[#TN2a][#TN6a]1[#TC5]2}.{#TC5=C(=C[$])[$],#TN2a=O[$][$],#TN6a=N(=C[$][$])[$]}"
273-13-2,N1=C2C=CC=CC2=NS1,"{[#TN6a]12[#TC5][#TC5][#TN6a]1[#TC6]2}.{#TC5=C(=C[$])[$],#TC6=S[$][$],#TN6a=N(=C[$][$])[$]}"
273-53-0,C1=Nc2ccccc2O1,"{[#TN6a]2[#TC5B]1[#TC5A][#TC5A]1([#TN2a]2)}.{#TC5A=C(C[$])[$],#TC5B=C(C[$][$])[$][$],#TN2a=O[$][$],#TN6a=C(=N[$])[$]}"
28177-48-2,Fc1cccc(F)c1O,"{[#TX4e]1[#TC5][#SX4e][#TN6]1}.{#SX4e=FC(C[$])[$],#TC5=C(C[$])[$],#TN6=OC[$][$],#TX4e=FC[$][$]}"
2837-89-0,FC(F)(F)C(Cl)F,"{[#SX4e][#SX4]}.{#SX4=FC(Cl)[$],#SX4e=FC(F)(F)[$]}"
28466-26-4,N1C=C(N)C=N1,"{[#TN6d]1[#SN6d][#TN6a]1}.{#SN6d=NC(=C[$])[$],#TN6a=C(=N[$])[$],#TN6d=N[$][$]}"
2847-30-5,c1nc(C)c(OC)nc1,"{[#TN6a]1[#TC4][#SN2a][#TN6a]1}.{#SN2a=COC[$][$],#TC4=CC[$][$],#TN6a=C(=N[$])[$]}"
287-92-3,C1CCCC1,"{[#TC3][#SC3]}.{#SC3=C(C[$])C[$],#TC3=C(C[$])[$]}"
28810-38-0,C1(Cl)C(Cl)C(Cl)C(Cl)C=C1,"{[#TX3]1[#TX3][#TX3][#TX3][#TC5]1}.{#TC5=C(=C[$])[$],#TX3=ClC[$][$]}"
2882-20-4,c1nc(C)c(SC)nc1,"{[#TN6a]1[#SC4][#TC6]([#TN6a]1)}.{#SC4=CC(=C[$][$])[$],#TC6=CS[$],#TN6a=C(=N[$])[$]}"
2882-21-5,n1cc(C)nc(OC)c1,"{[#TN6aA]1[#SC4][#TN6aB]1[#TN3r]}.{#SC4=CC(C[$])[$],#TN3r=CO[$],#TN6aA=C(N[$])[$],#TN6aB=N(C[$][$])[$]}"
30031-63-1,CS(=O)(=O)OCC(O)C1CO1,"{[#P4B][#P4C][#P4A]}.{#P4A=C1OC1[$],#P4B=CS(=O)(=O)[$],#P4C=OC(CO[$])[$]}"
302-72-7,NC(C)C(=O)O,"{[#SN6d][#SP2]}.{#SN6d=CC(N)[$],#SP2=O=C(O)[$]}"
3140-93-0,S1C(Br)=C(Br)C=C1,"{[#TC6]1[#TX2][#TX2][#TC5]1}.{#TC5=C(=C[$])[$],#TC6=S[$][$],#TX2=BrC[$][$]}"
319-81-3,C1(Cl)C(Cl)C(Cl)C(Cl)C=C1,"{[#TX3]1[#TX3][#TX3][#TX3][#TC5]1}.{#TC5=C(=C[$])[$],#TX3=ClC[$][$]}"
319-94-8,C1(Cl)C(Cl)C(Cl)C(Cl)C(Cl)=C1,"{[#TX3]1[#TX3][#TX3][#TX3][#SX3]1}.{#SX3=ClC(=C[$])[$],#TX3=ClC[$][$]}"
3208-16-0,C1=COC(CC)=C1,"{[#TC5A]1[#TN2a][#TC5B]1[#TC3]}.{#TC3=CC[$],#TC5A=C(=C[$])[$],#TC5B=C(=C[$][$])[$],#TN2a=O[$][$]}"
321-14-2,c1c(O)c(C(=O)O)cc(Cl)c1,"{[#TC5B]1[#TN6][#TC5A][#SP2]([#TX3]1)}.{#SP2=O=C(O)[$],#TC5A=C(=C[$][$])[$],#TC5B=C(C[$])[$],#TN6=OC[$][$],#TX3=ClC[$][$]}"
327-54-8,Fc1cc(F)c(F)cc1F,"{[#SX4eA]1[#TX4e][#SX4eB][#TX4e]1}.{#SX4eA=FC(=C[$])[$],#SX4eB=FC(C[$])[$],#TX4e=FC[$][$]}"
327-57-1,CCCCC(N)C(=O)O,"{[#C1][#P6]}.{#C1=CCCC[$],#P6=NC(C(=O)O)[$]}"
33332-30-8,n1cc(OC)nc(Cl)c1,"{[#TN6aA]1[#TN6aB][#TN3r]([#SX3]1)}.{#SX3=ClC(=C[$])[$],#TN3r=CO[$],#TN6aA=C(=N[$])[$],#TN6aB=N(=C[$][$])[$]}"
33332-31-9,n1c(OC)cnc(Cl)c1,"{[#TN6aB]1[#TN3r]([#TN6aA][#SX3]1)}.{#SX3=ClC(=C[$])[$],#TN3r=CO[$],#TN6aA=C(=N[$])[$],#TN6aB=N(=C[$][$])[$]}"
33489-27-9,C1(I)C(Cl)C(Cl)C(Cl)C(Cl)C1Cl,"{[#TX1]1[#TX3][#TX3][#TX3][#TX3][#TX3]1}.{#TX1=IC[$][$],#TX3=ClC[$][$]}"
33489-28-0,C1(I)C(Cl)C(Cl)C(Cl)C(Cl)C1Cl,"{[#TX1]1[#TX3][#TX3][#TX3][#TX3][#TX3]1}.{#TX1=IC[$][$],#TX3=ClC[$][$]}"
3354-39-0,S=C1SSC(C)=C1C,"{[#TC6B]1[#TC6A][#TC4][#TC4]1}.{#TC4=CC[$][$],#TC6A=S(S[$])[$],#TC6B=S=C[$][$]}"
3354-40-3,S=C1C=C(C)SS1,"{[#SC6]1[#TC4][#TC6]1}.{#SC6=S=C(C[$])[$],#TC4=CC[$][$],#TC6=S(S[$])[$]}"
3354-42-5,S1Sc2ccccc2C1=S,"{[#TC6A]2[#TC5B]1[#TC5A][#TC5A]1([#TC6B]2)}.{#TC5A=C(C[$])[$],#TC5B=C(C[$][$])[$][$],#TC6A=S(S[$])[$],#TC6B=S=C[$][$]}"
33873-10-8,n1cc(Cl)nc(F)c1,"{[#TN6aA]1[#TN6aB][#SX3]([#TC5]1[#SX4e])}.{#SX3=Cl[$],#SX4e=F[$],#TC5=C(=C[$][$])[$],#TN6aA=C(=N[$])[$],#TN6aB=N(=C[$][$])[$]}"
33875-95-5,C1(Cl)C(Cl)C(Cl)C(Cl)C=C1,"{[#TX3]1[#TX3][#TX3][#TX3][#TC5]1}.{#TC5=C(=C[$])[$],#TX3=ClC[$][$]}"
3400-45-1,OC(=O)C1CCCC1,"{[#SP2][#TC3][#SC3]}.{#SC3=C(C[$])C[$],#SP2=O=C(O)[$],#TC3=C(C[$][$])[$]}"
3469-69-0,N1C=C(I)C=N1,"{[#TN6d]1[#X1][#TN6a]1}.{#TN6a=C(=N[$])[$],#TN6d=N[$][$],#X1=IC(=C[$])[$]}"
348-54-9,c1c(F)c(N)ccc1,"{[#SX4e]1[#SN6d][#TC5]1}.{#SN6d=NC(=C[$])[$],#SX4e=FC(=C[$])[$],#TC5=C(=C[$])[$]}"
3481-20-7,Nc1c(Cl)c(Cl)cc(Cl)c1Cl,"{[#TN6d]1[#TX3][#SX3][#TX3][#TX3]1}.{#SX3=ClC(=C[$])[$],#TN6d=NC[$][$],#TX3=ClC[$][$]}"
352-61-4,FC(F)(F)CCCCO,"{[#SX4e][#SC2][#TP1]}.{#SC2=C(C[$])C[$],#SX4e=FC(F)(F)[$],#TP1=OC[$]}"
352-87-4,C=C(C)C(=O)OCC(F)(F)F,"{[#SC4][#N4a][#SX4e]}.{#N4a=O=C(OC[$])[$],#SC4=C=C(C)[$],#SX4e=FC(F)(F)[$]}"
352-93-2,CCSCC,"{[#SC6][#TC3]}.{#SC6=CCS[$],#TC3=CC[$]}"
354-33-6,FC(F)(F)C(F)F,"{[#SX4e][#TX4]}.{#SX4e=FC(F)(F)[$],#TX4=FC(F)[$]}"
35659-69-9-644,CCC1=CSSC1=O,"{[#TC3][#TC5]1[#TC6][#TN6a]1}.{#TC3=CC[$],#TC5=C(=C[$][$])[$],#TC6=S(S[$])[$],#TN6a=O=C[$][$]}"
35659-69-9,CC1=C(C)SSC1=O,"{[#TC4]1[#TC4][#TC6][#TN6a]1}.{#TC4=CC[$][$],#TC6=S(S[$])[$],#TN6a=O=C[$][$]}"
3599-76-6,ClC(Cl)(Cl)c1nc(C(Cl)(Cl)Cl)nc(SC)n1,"{[#X2][#TN6a]1[#TN6a][#X2]([#TN6a]1[#TC6])}.{#TC6=CS[$],#TN6a=N(=C[$][$])[$],#X2=ClC(Cl)(Cl)[$]}"
360-97-4,NC(=O)C1=C(N)NC=N1,"{[#SP5][#SN6d]1[#TN6d][#TN6a]1}.{#SN6d=NC(=C[$][$])[$],#SP5=NC(=O)[$],#TN6a=C(=N[$])[$],#TN6d=N[$][$]}"
3620-08-4,O=C1C=C(C)SS1,"{[#SN6]1[#TC4][#TC6]1}.{#SN6=O=C(C[$])[$],#TC4=CC[$][$],#TC6=S(S[$])[$]}"
363-81-5,Nc1c(F)cc(F)cc1F,"{[#TN6d]1[#SX4e][#SX4e][#TX4e]1}.{#SX4e=FC(C[$])[$],#TN6d=NC[$][$],#TX4e=FC[$][$]}"
36355-38-1,O1C(=O)C(=O)C(=O)C1C(O)CO,"{[#TN4a]1[#TN6a][#TN6a][#TN6a]1([#P4])}.{#P4=OCC(O)[$],#TN4a=O(C[$][$])[$],#TN6a=O=C[$][$]}"
36635-02-6,C1(Br)C(Cl)C(Cl)C(Cl)C(Cl)C1Cl,"{[#TX2]1[#TX3][#TX3][#TX3][#TX3][#TX3]1}.{#TX2=BrC[$][$],#TX3=ClC[$][$]}"
36635-03-7,C1(Br)C(Cl)C(Cl)C(Cl)C(Cl)C1Cl,"{[#TX2]1[#TX3][#TX3][#TX3][#TX3][#TX3]1}.{#TX2=BrC[$][$],#TX3=ClC[$][$]}"
367-11-3,Fc1ccccc1F,"{[#SX4e]1[#TC5][#SX4e]1}.{#SX4e=FC(=C[$])[$],#TC5=C(=C[$])[$]}"
367-12-4,c1cc(F)c(O)cc1,"{[#TC5]1[#SX4e][#SN6]1}.{#SN6=OC(C[$])[$],#SX4e=FC(C[$])[$],#TC5=C(C[$])[$]}"
367-21-5,c1c(N)cc(Cl)c(F)c1,"{[#SN6d]1[#SX3][#SX4e]1}.{#SN6d=NC(=C[$])[$],#SX3=ClC(=C[$])[$],#SX4e=FC(=C[$])[$]}"
367-23-7,c1c(F)c(F)cc(F)c1,{[#SX4e]1[#SX4e][#SX4e]1}.{#SX4e=FC(=C[$])[$]}
367-25-9,c1c(N)c(F)cc(F)c1,"{[#SN6d]1[#SX4e][#SX4e]1}.{#SN6d=NC(=C[$])[$],#SX4e=FC(=C[$])[$]}"
371-40-4,c1c(F)ccc(N)c1,"{[#TC5B]1[#TX4e][#TC5A][#TN6d]1}.{#TC5A=C(=C[$])[$],#TC5B=C(C[$])[$],#TN6d=NC[$][$],#TX4e=FC[$][$]}"
371-41-5,c1c(F)ccc(O)c1,"{[#TC5B]1[#TX4e][#TC5A][#TN6]1}.{#TC5A=C(=C[$])[$],#TC5B=C(C[$])[$],#TN6=OC[$][$],#TX4e=FC[$][$]}"
37174-09-7,CCN(CC)CC(F)(F)F,"{[#N3a][#TC3]([#SX4e])}.{#N3a=CCN(C[$])[$],#SX4e=FC(F)(F)[$],#TC3=CC[$]}"
372-18-9,Fc1cc(F)ccc1,"{[#SX4e]1[#SX4e][#TC5]1}.{#SX4e=FC(=C[$])[$],#TC5=C(=C[$])[$]}"
372-19-0,c1c(F)cc(N)cc1,"{[#SX4e]1[#SN6d][#TC5]1}.{#SN6d=NC(=C[$])[$],#SX4e=FC(=C[$])[$],#TC5=C(=C[$])[$]}"
372-20-3,c1c(F)cc(O)cc1,"{[#SX4e]1[#SN6][#TC5]1}.{#SN6=OC(=C[$])[$],#SX4e=FC(=C[$])[$],#TC5=C(=C[$])[$]}"
37813-54-0,c1c(SC)nnc(SC)c1,"{[#TC5]1[#TC6]([#TN1a][#TC5]1[#TC6])}.{#TC5=C(=C[$][$])[$],#TC6=CS[$],#TN1a=N(=N[$])[$]}"
38557-71-0,n1cc(C)nc(Cl)c1,"{[#TN6aA]1[#TN6aB][#SC4]([#TC5]1[#SX3])}.{#SC4=C[$],#SX3=Cl[$],#TC5=C(=C[$][$])[$],#TN6aA=C(=N[$])[$],#TN6aB=N(=C[$][$])[$]}"
38580-89-1,CN(C)C(=O)OC(C)C,"{[#SN1][#SN4a][#SC2]}.{#SC2=CC(C)[$],#SN1=CN(C)[$],#SN4a=O=C(O[$])[$]}"
38696-40-1,CCCC1=CSSC1=S,"{[#SC2][#TC5]1[#TC6A][#TC6B]1}.{#SC2=CCC[$],#TC5=C(=C[$][$])[$],#TC6A=S(S[$])[$],#TC6B=S=C[$][$]}"
3934-20-1,n1c(Cl)ccnc1Cl,"{[#TN6a]1[#SX3]([#TC5][#TN6a]1[#TX3])}.{#SX3=Cl[$],#TC5=C(=C[$])[$],#TN6a=N(=C[$][$])[$],#TX3=Cl[$]}"
402-45-9,FC(F)(F)c1ccc(O)cc1,"{[#SX4e][#TC5B]1[#SN6][#TC5A]1}.{#SN6=OC(=C[$])[$],#SX4e=FC(F)(F)[$],#TC5A=C(=C[$])[$],#TC5B=C(=C[$][$])[$]}"
4033-40-3,NC(=O)C(NC(=O)C)CC(=O)O,"{[#SP5][#SN5][#SN4a]([#SP2])}.{#SN4a=CC(=O)[$],#SN5=C(C(N[$])[$])[$],#SP2=O=C(O)[$],#SP5=NC(=O)[$]}"
406-95-1,CC(=O)OCC(F)(F)F,"{[#N4a][#SX4e]}.{#N4a=CC(=O)OC[$],#SX4e=FC(F)(F)[$]}"
41992-55-6,C1(Cl)C(Cl)C(Cl)C(Cl)C=C1,"{[#TX3]1[#TX3][#TX3][#TX3][#TC5]1}.{#TC5=C(=C[$])[$],#TX3=ClC[$][$]}"
426-65-3,FC(F)(F)C(F)(F)C(=O)OCC,"{[#SX4e][#TX4][#SN4a][#TC3]}.{#SN4a=O=C(O[$])[$],#SX4e=FC(F)(F)[$],#TC3=CC[$],#TX4=FC(F)[$][$]}"
431-89-0,FC(F)(F)C(F)C(F)(F)F,"{[#SX4e][#TX4e][#SX4e]}.{#SX4e=FC(F)(F)[$],#TX4e=FC[$][$]}"
434-75-3,OC(=O)c1c(Cl)cccc1F,"{[#SP2][#SX3]1[#TC5][#SX4e]1}.{#SP2=O=C(O)[$],#SX3=ClC(=C[$][$])[$],#SX4e=FC(=C[$])[$],#TC5=C(=C[$])[$]}"
444-30-4,c1c(O)c(C(F)(F)F)ccc1,"{[#SN6]1[#TC5B][#SX4e]([#TC5A]1)}.{#SN6=OC(=C[$])[$],#SX4e=FC(F)(F)[$],#TC5A=C(=C[$])[$],#TC5B=C(=C[$][$])[$]}"
445-29-4,c1c(F)c(C(=O)O)ccc1,"{[#SX4e]1[#TC5B][#SP2]([#TC5A]1)}.{#SP2=O=C(O)[$],#SX4e=FC(=C[$])[$],#TC5A=C(=C[$])[$],#TC5B=C(=C[$][$])[$]}"
455-38-9,c1c(F)cc(C(=O)O)cc1,"{[#SX4e]1[#TC5B][#SP2]([#TC5A]1)}.{#SP2=O=C(O)[$],#SX4e=FC(=C[$])[$],#TC5A=C(=C[$])[$],#TC5B=C(=C[$][$])[$]}"
4597-87-9,c1c(NC)nccc1,"{[#TC5B]1[#TN5]([#TN6a][#TC5A]1)}.{#TC5A=C(=C[$])[$],#TC5B=C(=C[$][$])[$],#TN5=CN[$],#TN6a=C(=N[$])[$]}"
462-06-6,c1ccccc1F,"{[#SX4e]1[#TC5][#TC5]1}.{#SX4e=FC(C[$])[$],#TC5=C(C[$])[$]}"
463-49-0,C=C=C,{[#SC5]}.{#SC5=C=C=C}
463-82-1,CC(C)(C)C,{[#C2]}.{#C2=CC(C)(C)C}
464-07-3,CC(C)(C)C(C)O,"{[#SC1][#SP1]}.{#SC1=CC(C)(C)[$],#SP1=CC(O)[$]}"
4684-94-0,c1cc(C(=O)O)nc(Cl)c1,"{[#TC5]1[#TN6a][#SP2]([#SX3]1)}.{#SP2=O=C(O)[$],#SX3=ClC(=C[$])[$],#TC5=C(=C[$])[$],#TN6a=N(=C[$][$])[$]}"
4774-14-5,n1cc(Cl)nc(Cl)c1,"{[#TN6aA]1[#TN6aB][#SX3]([#TC5]1[#SX3])}.{#SX3=Cl[$],#TC5=C(=C[$][$])[$],#TN6aA=C(=N[$])[$],#TN6aB=N(=C[$][$])[$]}"
4774-15-6,n1cc(OC)nc(OC)c1,"{[#TN6aA]1[#TN6aB][#TN3r]([#TC5]1[#TN2a])}.{#TC5=C(=C[$][$])[$],#TN2a=CO[$],#TN3r=CO[$],#TN6aA=C(=N[$])[$],#TN6aB=N(=C[$][$])[$]}"
488-93-7,C1(C(=O)O)=COC=C1,"{[#TC5B]1[#SP2]([#TN2a][#TC5A]1)}.{#SP2=O=C(O)[$],#TC5A=C(=C[$])[$],#TC5B=C(=C[$][$])[$],#TN2a=O[$][$]}"
498-62-4,C1(C=O)=CSC=C1,"{[#TC5B]1[#TN4a]([#TC6][#TC5A]1)}.{#TC5A=C(=C[$])[$],#TC5B=C(=C[$][$])[$],#TC6=S[$][$],#TN4a=O=C[$]}"
50-69-1,C1(CO)C(O)C(O)C(O)O1,"{[#TN4a]1[#TP1]([#SP4][#TN6]1)}.{#SP4=OC(C(O)[$])[$],#TN4a=O(C[$][$])[$],#TN6=OC[$][$],#TP1=OC[$]}"
50-81-7,O1C(=O)C(O)=C(O)C1C(O)CO,"{[#TN4a]1[#TN6aA][#TN6aB]=[#TN6aB]1([#P4])}.{#P4=OCC(O)[$],#TN4a=O(C[$][$])[$],#TN6aA=O=C[$][$],#TN6aB=OC[$][$]}"
50-99-7,C1(O)C(O)C(O)C(O)C(CO)O1,"{[#SP4]1[#SP4][#TN4a]1[#TP1]}.{#SP4=OC(C(O)[$])[$],#TN4a=O(C[$][$])[$],#TP1=OC[$]}"
503-74-2,OC(=O)CC(C)C,"{[#SP2][#SC1]}.{#SC1=CC(C)C[$],#SP2=O=C(O)[$]}"
504-63-2,OCCCO,"{[#SP1][#TP1]}.{#SP1=OCC[$],#TP1=OC[$]}"
507-52-8,FC(F)(F)C(O)(C)C,"{[#SX4e][#P1]}.{#P1=CC(C)(O)[$],#SX4e=FC(F)(F)[$]}"
50995-95-4,N1C=CN=C1CCC,"{[#TN6d]1[#TC5][#TN6a]1[#SC2]}.{#SC2=CCC[$],#TC5=C(=C[$])[$],#TN6a=N(=C[$][$])[$],#TN6d=N[$][$]}"
51-35-4,C1C(O)CC(C(=O)O)N1,"{[#TN6d]1[#TN6][#TC3]1[#SP2]}.{#SP2=O=C(O)[$],#TC3=C(C[$][$])[$],#TN6=OC[$][$],#TN6d=C(N[$])[$]}"
513-35-9,CC=C(C)C,{[#C4]}.{#C4=CC=C(C)C}
513-36-0,CC(C)CCl,{[#X3]}.{#X3=CC(C)CCl}
515-84-4,CCOC(=O)C(Cl)(Cl)Cl,"{[#SN3r][#TN4a][#X2]}.{#SN3r=CCO[$],#TN4a=O=C[$][$],#X2=ClC(Cl)(Cl)[$]}"
5162-44-7,BrCCC=C,"{[#X2][#TC5]}.{#TC5=C=C[$],#X2=BrCC[$]}"
51795-30-3,C1(Cl)C(Cl)C(Cl)C(Cl)C(Cl)=C1,"{[#TX3]1[#TX3][#TX3][#TX3][#SX3]1}.{#SX3=ClC(=C[$])[$],#TX3=ClC[$][$]}"
5194-50-3,CC=CC=CC,{[#SC4][#SC4]}.{#SC4=CC=C[$]}
5194-51-4,CC=CC=CC,{[#SC4][#SC4]}.{#SC4=CC=C[$]}
52-52-8,C1CC(N)(C(=O)O)CC1,"{[#SC3][#SN6d][#SP2]}.{#SC3=C(C[$])C[$],#SN6d=NC(C[$])[$][$],#SP2=O=C(O)[$]}"
52514-89-3,CCC1=CC(=S)SS1,"{[#TC3][#SC6A][#SC6B]}.{#SC6A=S(S[$])C[$][$],#SC6B=S=C(C[$])[$],#TC3=CC[$]}"
527-72-0,C1=C(C(=O)O)SC=C1,"{[#TC5B]1[#SP2]([#TC6][#TC5A]1)}.{#SP2=O=C(O)[$],#TC5A=C(=C[$])[$],#TC5B=C(=C[$][$])[$],#TC6=S[$][$]}"
533-45-9,S1C(CCCl)=C(C)N=C1,"{[#TC6]1[#SC4][#SX3]([#TN6a]1)}.{#SC4=CC(=C[$][$])[$],#SX3=ClCC[$],#TC6=S[$][$],#TN6a=C(=N[$])[$]}"
533-58-4,c1c(I)c(O)ccc1,"{[#X1]1[#SN6][#TC5]1}.{#SN6=OC(=C[$])[$],#TC5=C(=C[$])[$],#X1=IC(=C[$])[$]}"
534-22-5,C1=C(C)OC=C1,"{[#SC4]1[#TN2a][#TC5]1}.{#SC4=CC(=C[$])[$],#TC5=C(=C[$])[$],#TN2a=O[$][$]}"
534-25-8,S=C1C=CSS1,"{[#SC6B][#SC6A]}.{#SC6A=C(SS[$])[$],#SC6B=S=C(C[$])[$]}"
535-80-8,c1c(Cl)cc(C(=O)O)cc1,"{[#SX3]1[#TC5B][#SP2]([#TC5A]1)}.{#SP2=O=C(O)[$],#SX3=ClC(=C[$])[$],#TC5A=C(=C[$])[$],#TC5B=C(=C[$][$])[$]}"
5380-42-7,COC(=O)C1=CC=CS1,"{[#N4a][#TC5B]1[#TC5A][#TC6]1}.{#N4a=COC(=O)[$],#TC5A=C(=C[$])[$],#TC5B=C(=C[$][$])[$],#TC6=S[$][$]}"
5398-44-7,OC(=O)c1cc(Cl)nc(Cl)c1,"{[#SP2][#TC5]1[#TN6a][#SX3]([#TC5]1[#SX3])}.{#SP2=O=C(O)[$],#SX3=Cl[$],#TC5=C(=C[$][$])[$],#TN6a=N(=C[$][$])[$]}"
540-38-5,c1c(I)ccc(O)c1,"{[#TC5B]1[#TX1][#TC5A][#TN6]1}.{#TC5A=C(=C[$])[$],#TC5B=C(C[$])[$],#TN6=OC[$][$],#TX1=IC[$][$]}"
540-54-5,CCCCl,{[#X3]}.{#X3=CCCCl}
540-88-5,CC(=O)OC(C)(C)C,"{[#SN4a][#SC1]}.{#SC1=CC(C)(C)[$],#SN4a=CC(=O)O[$]}"
54083-24-8,C1(Cl)C(Cl)C(Cl)C(Cl)C(Cl)=C1,"{[#TX3]1[#TX3][#TX3][#TX3][#SX3]1}.{#SX3=ClC(=C[$])[$],#TX3=ClC[$][$]}"
54083-25-9,C1(Cl)C(Cl)C(Cl)C(Cl)C(Cl)=C1,"{[#TX3]1[#TX3][#TX3][#TX3][#SX3]1}.{#SX3=ClC(=C[$])[$],#TX3=ClC[$][$]}"
541-73-1,c1c(Cl)cc(Cl)cc1,"{[#SX3]1[#SX3][#TC5]1}.{#SX3=ClC(=C[$])[$],#TC5=C(=C[$])[$]}"
54135-81-8,c1c(Cl)c(Cl)c(OC)cc1Cl,"{[#SX3]1[#TX3][#SN2a][#SX3]1}.{#SN2a=COC[$][$],#SX3=ClC(=C[$])[$],#TX3=ClC[$][$]}"
54135-82-9,c1c(Cl)c(Cl)c(Cl)cc1OC,"{[#SX3A]1[#TX3][#SX3B][#SN2a]1}.{#SN2a=COC[$][$],#SX3A=ClC(=C[$])[$],#SX3B=ClC(C[$])[$],#TX3=ClC[$][$]}"
542-69-8,CCCCI,"{[#SC2][#SX1]}.{#SC2=CCC[$],#SX1=IC[$]}"
543-59-9,CCCCCCl,"{[#SC2][#SX3]}.{#SC2=CCC[$],#SX3=ClCC[$]}"
544-10-5,CCCCCCCl,"{[#C1][#SX3]}.{#C1=CCCC[$],#SX3=ClCC[$]}"
5509-65-9,Nc1c(F)cccc1F,"{[#TN6d]1[#TX4e][#TC5][#SX4e]1}.{#SX4e=FC(=C[$])[$],#TC5=C(=C[$])[$],#TN6d=NC[$][$],#TX4e=FC[$][$]}"
55265-51-5,BrC1C(F)C(Cl)C(Cl)C(Cl)C1Cl,"{[#TX2]1[#TX4e][#TX3][#TX3][#TX3][#TX3]1}.{#TX2=BrC[$][$],#TX3=ClC[$][$],#TX4e=FC[$][$]}"
554-00-7,c1c(N)c(Cl)cc(Cl)c1,"{[#SN6d]1[#SX3][#SX3]1}.{#SN6d=NC(=C[$])[$],#SX3=ClC(=C[$])[$]}"
554-14-3,C1=C(C)SC=C1,"{[#SC4]1[#TC6][#TC5]1}.{#SC4=CC(=C[$])[$],#TC5=C(=C[$])[$],#TC6=S[$][$]}"
55486-68-5,CCC1=C(C)SSC1=S,"{[#TC3][#SC4]1[#TC6A][#TC6B]1}.{#SC4=CC(=C[$][$])[$],#TC3=CC[$],#TC6A=S(S[$])[$],#TC6B=S=C[$][$]}"
556-24-1,COC(=O)CC(C)C,"{[#N4a][#SC2]}.{#N4a=COC(=O)C[$],#SC2=CC(C)[$]}"
556-33-2,NCC(=O)NCC(=O)NCC(=O)O,"{[#TN6dB][#TN4a][#TN6dA][#TN4a][#TN5][#SP2]}.{#SP2=O=C(O)[$],#TN4a=O=C[$][$],#TN5=C(N[$])[$],#TN6dA=C(N[$])[$],#TN6dB=NC[$]}"
556-50-3,NCC(=O)NCC(=O)O,"{[#TN6d][#TN4a][#TN5][#SP2]}.{#SP2=O=C(O)[$],#TN4a=O=C[$][$],#TN5=C(N[$])[$],#TN6d=NC[$]}"
557-01-7,C1=CC=NC(=O)N1,"{[#TC5]1[#TN6aA][#TN6aB][#TN6d]1}.{#TC5=C(=C[$])[$],#TN6aA=C(=N[$])[$],#TN6aB=O=C[$][$],#TN6d=N[$][$]}"
56-12-2,NCCCC(=O)O,"{[#N6d][#SP2]}.{#N6d=NCCC[$],#SP2=O=C(O)[$]}"
56-23-5,ClC(Cl)(Cl)Cl,{[#X1]}.{#X1=ClC(Cl)(Cl)Cl}
56-41-7,NC(C)C(=O)O,"{[#SN6d][#SP2]}.{#SN6d=CC(N)[$],#SP2=O=C(O)[$]}"
56-45-1,OCC(N)C(=O)O,"{[#TP1d][#TN6d][#SP2]}.{#SP2=O=C(O)[$],#TN6d=NC[$][$],#TP1d=OC[$]}"
56-81-5,OCC(O)CO,"{[#P4][#TP1]}.{#P4=OCC(O)[$],#TP1=OC[$]}"
56-84-8,NC(C(=O)O)CC(=O)O,"{[#SN6d][#SP2]([#SP2])}.{#SN6d=NC(C[$])[$],#SP2=O=C(O)[$]}"
56-85-9,NC(=O)CCC(N)C(=O)O,"{[#SP5][#N6d][#SP2]}.{#N6d=NC(CC[$])[$],#SP2=O=C(O)[$],#SP5=NC(=O)[$]}"
56086-55-6,C1(F)C(Cl)C(Cl)C(Cl)C(Cl)C1Cl,"{[#TX4e]1[#TX3][#TX3][#TX3][#TX3][#TX3]1}.{#TX3=ClC[$][$],#TX4e=FC[$][$]}"
5621-02-3,n1c(N(C)C)nccc1,"{[#TN6aB]1[#SN1]([#TN6aA][#TC5]1)}.{#SN1=CN(C)[$],#TC5=C(=C[$])[$],#TN6aA=C(=N[$])[$],#TN6aB=N(=C[$][$])[$]}"
5666-21-7,C=CCNCCC,"{[#TC5][#TN6d][#SC2]}.{#SC2=CCC[$],#TC5=C=C[$],#TN6d=C(N[$])[$]}"
56961-77-4,Brc1cccc(Cl)c1Cl,"{[#TX2]1[#TC5][#SX3][#TX3]1}.{#SX3=ClC(C[$])[$],#TC5=C(C[$])[$],#TX2=BrC[$][$],#TX3=ClC[$][$]}"
56994-25-3,C1C(Cl)C(Cl)C(Cl)C=C1,"{[#SX3]1[#TX3][#TX3][#TC5]1}.{#SX3=ClC(C[$])[$],#TC5=C(=C[$])[$],#TX3=ClC[$][$]}"
57-15-8,ClC(Cl)(Cl)C(O)(C)C,"{[#X2][#P1]}.{#P1=CC(C)(O)[$],#X2=ClC(Cl)(Cl)[$]}"
5728-21-2,CC1=NSN=C1C,"{[#SN6a]1[#TC6][#SN6a]1}.{#SN6a=CC(=N[$])[$],#TC6=S[$][$]}"
57383-80-9,Brc1c(Br)cccc1O,"{[#TX2]1[#TX2][#TC5][#SN6]1}.{#SN6=OC(=C[$])[$],#TC5=C(=C[$])[$],#TX2=BrC[$][$]}"
57722-15-3,C1(Cl)C(Cl)C(Cl)C(Cl)C(Cl)=C1Cl,{[#TX3]1[#TX3][#TX3][#TX3][#TX3]=[#TX3]1}.{#TX3=ClC[$][$]}
57722-16-4,C1(Cl)C(Cl)C(Cl)C(Cl)C(Cl)=C1Cl,{[#TX3]1[#TX3][#TX3][#TX3][#TX3]=[#TX3]1}.{#TX3=ClC[$][$]}
57722-17-5,C1(Cl)C(Cl)C(Cl)C(Cl)C(Cl)=C1Cl,{[#TX3]1[#TX3][#TX3][#TX3][#TX3]=[#TX3]1}.{#TX3=ClC[$][$]}
583-78-8,c1c(Cl)cc(O)c(Cl)c1,"{[#SX3]1[#SN6][#SX3]1}.{#SN6=OC(=C[$])[$],#SX3=ClC(=C[$])[$]}"
584-02-1,CCC(O)CC,"{[#P1][#TC3]}.{#P1=CCC(O)[$],#TC3=CC[$]}"
585-76-2,c1c(Br)cc(C(=O)O)cc1,"{[#SX2]1[#TC5B][#SP2]([#TC5A]1)}.{#SP2=O=C(O)[$],#SX2=BrC(=C[$])[$],#TC5A=C(=C[$])[$],#TC5B=C(=C[$][$])[$]}"
586-76-5,c1c(Br)ccc(C(=O)O)c1,"{[#SX2]1[#TC5A][#TC5B]1[#SP2]}.{#SP2=O=C(O)[$],#SX2=BrC(=C[$])[$],#TC5A=C(=C[$])[$],#TC5B=C(=C[$][$])[$]}"
587-04-2,O=Cc1cc(Cl)ccc1,"{[#TN4a][#TC5B]1[#SX3][#TC5A]1}.{#SX3=ClC(C[$])[$],#TC5A=C(C[$])[$],#TC5B=C(C[$][$])[$],#TN4a=O=C[$]}"
590-18-1,CC=CC,{[#C4]}.{#C4=CC=CC}
590-36-3,CCCC(C)(O)C,"{[#SC2][#P1]}.{#P1=CC(C)(O)[$],#SC2=CCC[$]}"
591-19-5,c1c(Br)cc(N)cc1,"{[#SX2]1[#SN6d][#TC5]1}.{#SN6d=NC(=C[$])[$],#SX2=BrC(=C[$])[$],#TC5=C(=C[$])[$]}"
591-20-8,c1c(Br)cc(O)cc1,"{[#SX2]1[#SN6][#TC5]1}.{#SN6=OC(=C[$])[$],#SX2=BrC(=C[$])[$],#TC5=C(=C[$])[$]}"
591-35-5,c1(Cl)cc(O)cc(Cl)c1,"{[#SX3]1[#SN6][#SX3]1}.{#SN6=OC(=C[$])[$],#SX3=ClC(=C[$])[$]}"
591-50-4,c1ccccc1I,"{[#X1]1[#TC5][#TC5]1}.{#TC5=C(C[$])[$],#X1=IC(C[$])[$]}"
591-78-6,CC(=O)CCCC,"{[#SN4a][#C1]}.{#C1=CCCC[$],#SN4a=CC(=O)[$]}"
591-93-5,C=CCC=C,"{[#SC4][#TC5]}.{#SC4=C=CC[$],#TC5=C=C[$]}"
592-41-6,C=CCCCC,"{[#SC4][#SC2]}.{#SC2=CCC[$],#SC4=C=CC[$]}"
592-45-0,C=CCC=CC,"{[#SC4A][#SC4B]}.{#SC4A=C=CC[$],#SC4B=CC=C[$]}"
592-50-7,CCCCCF,"{[#SC2][#SX4e]}.{#SC2=CCC[$],#SX4e=FCC[$]}"
592-57-4,C1C=CC=CC1,{[#TC5]1=[#TC5]=[#TC5]1}.{#TC5=C(C[$])[$]}
59229-56-0,C1(Cl)C(Cl)C(Cl)C(Cl)C(Cl)=C1Cl,{[#TX3]1[#TX3][#TX3][#TX3][#TX3]=[#TX3]1}.{#TX3=ClC[$][$]}
593-60-2,C=CBr,{[#SX1]}.{#SX1=C=CBr}
59303-10-5,n1c(C)cnc(Cl)c1,"{[#TN6aB]1[#TC4][#TN6aA][#TX3]1}.{#TC4=CC[$][$],#TN6aA=C(=N[$])[$],#TN6aB=C(N[$])[$],#TX3=ClC[$][$]}"
594-60-5,CC(C)C(O)(C)C,"{[#SC2][#P1]}.{#P1=CC(C)(O)[$],#SC2=CC(C)[$]}"
598-98-1,COC(=O)C(C)(C)C,"{[#N4a][#SC1]}.{#N4a=COC(=O)[$],#SC1=CC(C)(C)[$]}"
598-99-2,ClC(Cl)(Cl)C(=O)OC,"{[#X2][#N4a]}.{#N4a=COC(=O)[$],#X2=ClC(Cl)(Cl)[$]}"
60-32-2,NCCCCCC(=O)O,"{[#N6d][#P2]}.{#N6d=NCCC[$],#P2=O=C(O)CC[$]}"
60-34-4,NNC,{[#P5d]}.{#P5d=CNN}
60-35-5,CC(=O)N,{[#SP5]}.{#SP5=CC(N)=O}
60067-92-7,C1(Cl)C(Cl)CC(Cl)C(Cl)C1,"{[#TX3]1[#TX3][#SX3][#SX3]1}.{#SX3=ClC(C[$])[$],#TX3=ClC[$][$]}"
601-84-3,OC(=O)c1c(Br)cccc1Br,"{[#SP2][#SX2B]1[#TC5][#SX2A]1}.{#SP2=O=C(O)[$],#SX2A=BrC(=C[$])[$],#SX2B=BrC(=C[$][$])[$],#TC5=C(=C[$])[$]}"
60633-26-3,Clc1cc(Cl)cc(Br)c1OC,"{[#SX3]1[#SX3][#TX2][#SN2a]1}.{#SN2a=COC[$][$],#SX3=ClC(=C[$])[$],#TX2=BrC[$][$]}"
607-99-8,c1(Br)cc(Br)c(OC)c(Br)c1,"{[#TX2]1[#SX2B][#SN2a][#SX2A]1}.{#SN2a=COC[$][$],#SX2A=BrC(=C[$])[$],#SX2B=BrC(C[$])[$],#TX2=BrC[$][$]}"
608-27-5,c1c(N)c(Cl)c(Cl)cc1,"{[#TC5]1[#TN6d][#TX3][#SX3]1}.{#SX3=ClC(C[$])[$],#TC5=C(C[$])[$],#TN6d=NC[$][$],#TX3=ClC[$][$]}"
608-31-1,c1c(Cl)c(N)c(Cl)cc1,"{[#TC5]1[#TX3][#TN6d][#SX3]1}.{#SX3=ClC(C[$])[$],#TC5=C(C[$])[$],#TN6d=NC[$][$],#TX3=ClC[$][$]}"
608-33-3,Brc1cccc(Br)c1O,"{[#TX2]1[#TC5][#SX2][#TN6]1}.{#SX2=BrC(C[$])[$],#TC5=C(C[$])[$],#TN6=OC[$][$],#TX2=BrC[$][$]}"
608-93-5,c1c(Cl)c(Cl)c(Cl)c(Cl)c1Cl,"{[#SX3]1[#TX3][#TX3][#TX3][#TX3]1}.{#SX3=ClC(=C[$])[$],#TX3=ClC[$][$]}"
60828-33-3,CC(O)C(C(=O)N)NC(=O)C,"{[#SP1][#P3][#SP5]}.{#P3=CC(=O)NC[$][$],#SP1=CC(O)[$],#SP5=NC(=O)[$]}"
609-19-8,c1(O)cc(Cl)c(Cl)c(Cl)c1,"{[#TN6]1[#SX3B][#TX3][#SX3A]1}.{#SX3A=ClC(=C[$])[$],#SX3B=ClC(C[$])[$],#TN6=OC[$][$],#TX3=ClC[$][$]}"
609-23-4,Oc1c(I)cc(I)cc1I,"{[#TN6]1[#X1][#X1][#TX1]1}.{#TN6=OC[$][$],#TX1=IC[$][$],#X1=IC(C[$])[$]}"
61-90-5,CC(C)CC(N)C(=O)O,"{[#SC2][#SN6d][#SP2]}.{#SC2=CC(C)[$],#SN6d=NC(C[$])[$],#SP2=O=C(O)[$]}"
6108-61-8,CC=CC=CC,{[#SC4][#SC4]}.{#SC4=CC=C[$]}
611-13-2,C1=COC(C(=O)OC)=C1,"{[#TC5A]1[#TN2a][#TC5B]1[#N4a]}.{#N4a=COC(=O)[$],#TC5A=C(=C[$])[$],#TC5B=C(=C[$][$])[$],#TN2a=O[$][$]}"
6125-90-2,CCC1=C(C)C(=S)SS1,"{[#TC3][#SC4]1[#TC6B][#TC6A]1}.{#SC4=CC(=C[$][$])[$],#TC3=CC[$],#TC6A=S(S[$])[$],#TC6B=S=C[$][$]}"
61345-66-2,NC(=O)NC(=O)C(Cl)C(C)C,"{[#SP5][#SP3][#X3]}.{#SP3=O=C(N[$])[$],#SP5=NC(=O)[$],#X3=CC(C)C(Cl)[$]}"
615-36-1,c1c(Br)c(N)ccc1,"{[#SX2]1[#SN6d][#TC5]1}.{#SN6d=NC(=C[$])[$],#SX2=BrC(=C[$])[$],#TC5=C(=C[$])[$]}"
615-43-0,c1c(I)c(N)ccc1,"{[#X1]1[#SN6d][#TC5]1}.{#SN6d=NC(=C[$])[$],#TC5=C(=C[$])[$],#X1=IC(=C[$])[$]}"
615-58-7,c1c(O)c(Br)cc(Br)c1,"{[#SN6]1[#SX2][#SX2]1}.{#SN6=OC(=C[$])[$],#SX2=BrC(=C[$])[$]}"
615-67-8,c1c(O)c(Cl)cc(O)c1,"{[#SN6]1[#SX3][#SN6]1}.{#SN6=OC(=C[$])[$],#SX3=ClC(=C[$])[$]}"
615-77-0,N1(C)C(=O)NC(=O)C=C1,"{[#SC4]1[#TN6a][#TN6d][#SN6a]1}.{#SC4=CN(C[$])[$],#SN6a=O=C(C[$])[$],#TN6a=O=C[$][$],#TN6d=N[$][$]}"
616-06-8,CCCCC(N)C(=O)O,"{[#C1][#P6]}.{#C1=CCCC[$],#P6=NC(C(=O)O)[$]}"
616-44-4,C1(C)=CSC=C1,"{[#SC4]1[#TC6][#TC5]1}.{#SC4=CC(=C[$])[$],#TC5=C(=C[$])[$],#TC6=S[$][$]}"
61655-72-9,n1cc(Cl)nc(N(C)C)c1,"{[#TN6aA]1[#SX3][#TN6aB]1[#SN1]}.{#SN1=CN(C)[$],#SX3=ClC(C[$])[$],#TN6aA=C(N[$])[$],#TN6aB=N(C[$][$])[$]}"
618-51-9,c1c(I)cc(C(=O)O)cc1,"{[#X1]1[#TC5B][#SP2]([#TC5A]1)}.{#SP2=O=C(O)[$],#TC5A=C(=C[$])[$],#TC5B=C(=C[$][$])[$],#X1=IC(=C[$])[$]}"
618-76-8,OC(=O)c1cc(I)c(O)c(I)c1,"{[#SP2][#TC5]1[#TX1][#TN6][#X1]1}.{#SP2=O=C(O)[$],#TC5=C(=C[$][$])[$],#TN6=OC[$][$],#TX1=IC[$][$],#X1=IC(=C[$])[$]}"
620-08-6,c1c(OC)ccnc1,"{[#TC5B]1[#TN2a]([#TC5A][#TN6a]1)}.{#TC5A=C(=C[$])[$],#TC5B=C(=C[$][$])[$],#TN2a=CO[$],#TN6a=C(=N[$])[$]}"
620957-93-9,O=C1SSC(C(=O)C)=C1,"{[#SN6][#SC6][#SN4a]}.{#SC6=S(S[$])C[$][$],#SN4a=CC(=O)[$],#SN6=O=C(C[$])[$]}"
620957-94-0,O=C1SSC(C(=O)C)=C1C,"{[#TN6]1[#SC6][#SN4a]([#TC4]1)}.{#SC6=S(S[$])C[$][$],#SN4a=CC(=O)[$],#TC4=CC[$][$],#TN6=O=C[$][$]}"
62182-10-9,O1C(O)C(F)C(O)C(O)C1CO,"{[#TN4a]1[#TN6][#TX4e][#SP4]1([#TP1])}.{#SP4=OC(C(O)[$])[$],#TN4a=O(C[$][$])[$],#TN6=OC[$][$],#TP1=OC[$],#TX4e=FC[$][$]}"
623-37-0,CCC(O)CCC,"{[#P1][#SC2]}.{#P1=CCC(O)[$],#SC2=CCC[$]}"
623-42-7,CCCC(=O)OC,"{[#SC2][#N4a]}.{#N4a=COC(=O)[$],#SC2=CCC[$]}"
624-24-8,CCCCC(=O)OC,"{[#C1][#N4a]}.{#C1=CCCC[$],#N4a=COC(=O)[$]}"
624-64-6,CC=CC,{[#C4]}.{#C4=CC=CC}
624-73-7,ICCI,{[#SX1][#SX1]}.{#SX1=IC[$]}
624-89-5,CCSC,"{[#TC3][#TC6]}.{#TC3=CC[$],#TC6=CS[$]}"
624-92-0,CSSC,{[#TC6][#TC6]}.{#TC6=CS[$]}
625-80-9,CC(C)SC(C)C,"{[#SC2][#SC6]}.{#SC2=CC(C)[$],#SC6=CC(C)S[$]}"
625-84-3,CC1=CC=C(C)N1,"{[#SC4]1[#SC4][#TN6d]1}.{#SC4=CC(=C[$])[$],#TN6d=N[$][$]}"
625-86-5,CC1=CC=C(C)O1,"{[#SC4]1[#SC4][#TN2a]1}.{#SC4=CC(=C[$])[$],#TN2a=O[$][$]}"
626-01-7,c1c(I)cc(N)cc1,"{[#X1]1[#SN6d][#TC5]1}.{#SN6d=NC(=C[$])[$],#TC5=C(=C[$])[$],#X1=IC(=C[$])[$]}"
626-02-8,c1c(I)cc(O)cc1,"{[#X1]1[#SN6][#TC5]1}.{#SN6=OC(=C[$])[$],#TC5=C(=C[$])[$],#X1=IC(=C[$])[$]}"
626-39-1,c1(Br)cc(Br)cc(Br)c1,{[#SX2]1[#SX2][#SX2]1}.{#SX2=BrC(=C[$])[$]}
626-43-7,c1(Cl)cc(N)cc(Cl)c1,"{[#SX3]1[#SN6d][#SX3]1}.{#SN6d=NC(=C[$])[$],#SX3=ClC(=C[$])[$]}"
626-55-1,c1cc(Br)cnc1,"{[#TC5]1[#SX2][#TN6a]1}.{#SX2=BrC(C[$])[$],#TC5=C(C[$])[$],#TN6a=C(N[$])[$]}"
626-60-8,c1cc(Cl)cnc1,"{[#TC5]1[#SX3][#TN6a]1}.{#SX3=ClC(C[$])[$],#TC5=C(C[$])[$],#TN6a=C(N[$])[$]}"
626-61-9,c1c(Cl)ccnc1,"{[#SX3]1[#TC5][#TN6a]1}.{#SX3=ClC(=C[$])[$],#TC5=C(=C[$])[$],#TN6a=C(=N[$])[$]}"
626-67-5,C1CCN(C)CC1,"{[#TC3]1[#SN1][#TC3]1}.{#SN1=CN(C[$])[$],#TC3=C(C[$])[$]}"
626-93-7,CC(O)CCCC,"{[#SP1][#C1]}.{#C1=CCCC[$],#SP1=CC(O)[$]}"
627-31-6,ICCCI,"{[#X1][#SX1]}.{#SX1=IC[$],#X1=ICC[$]}"
628-17-1,CCCCCI,"{[#SC2][#X1]}.{#SC2=CCC[$],#X1=ICC[$]}"
628-28-4,COCCCC,"{[#SN3r][#SC2]}.{#SC2=CCC[$],#SN3r=COC[$]}"
628-41-1,C1C=CCC=C1,"{[#TC5B]1=[#TC5B][#TC5A]1}.{#TC5A=C(=C[$])[$],#TC5B=C(C[$])[$]}"
628-81-9,CCOCCCC,"{[#N3r][#SC2]}.{#N3r=CCOC[$],#SC2=CCC[$]}"
6293-55-6,O=C1C(Br)=CC(=O)C=C1C,"{[#TN6a]1[#SX2][#SN6a]=[#TC4]1}.{#SN6a=O=C(C[$])[$],#SX2=BrC(=C[$])[$],#TC4=CC[$][$],#TN6a=O=C[$][$]}"
630-20-6,ClC(Cl)(Cl)CCl,"{[#X2][#TX3]}.{#TX3=ClC[$],#X2=ClC(Cl)(Cl)[$]}"
634-91-3,c1(N)cc(Cl)c(Cl)c(Cl)c1,"{[#TN6d]1[#SX3B][#TX3][#SX3A]1}.{#SX3A=ClC(=C[$])[$],#SX3B=ClC(C[$])[$],#TN6d=NC[$][$],#TX3=ClC[$][$]}"
636-28-2,c1(Br)c(Br)cc(Br)c(Br)c1,"{[#SX2]1[#SX2][#TX2][#TX2]1}.{#SX2=BrC(C[$])[$],#TX2=BrC[$][$]}"
636-30-6,c1(N)c(Cl)cc(Cl)c(Cl)c1,"{[#SN6d]1[#SX3][#TX3][#TX3]1}.{#SN6d=NC(C[$])[$],#SX3=ClC(C[$])[$],#TX3=ClC[$][$]}"
637-78-5,CCC(=O)OC(C)C,"{[#N4a][#SC2]}.{#N4a=CCC(=O)O[$],#SC2=CC(C)[$]}"
637-87-6,Ic1ccc(Cl)cc1,"{[#TX1]1[#TC5B][#TX3][#TC5A]1}.{#TC5A=C(=C[$])[$],#TC5B=C(C[$])[$],#TX1=IC[$][$],#TX3=ClC[$][$]}"
638-45-9,CCCCCCI,"{[#C1][#X1]}.{#C1=CCCC[$],#X1=ICC[$]}"
643-15-2,C1(Cl)C(Cl)C(Cl)C(Cl)C(Cl)=C1,"{[#TX3]1[#TX3][#TX3][#TX3][#SX3]1}.{#SX3=ClC(=C[$])[$],#TX3=ClC[$][$]}"
651-85-4,c1(F)c(F)c(F)c(S(=O)(=O)C)c(F)c1F,"{[#TX4e]1[#TX4e][#SX4e][#P4]([#TX4e][#TX4e]1)}.{#P4=CS(=O)(=O)[$],#SX4e=FC(=C[$][$])[$],#TX4e=FC[$][$]}"
6515-38-4,c1(Cl)c(Cl)cc(Cl)c(O)n1,"{[#TC5B]1[#TX3]([#SX3])([#TC5A][#TX3]([#TN6a]1[#TN6]))}.{#SX3=Cl[$],#TC5A=C(=C[$][$])[$],#TC5B=C(=C[$][$])[$][$],#TN6=O[$],#TN6a=N(=C[$][$])[$],#TX3=Cl[$]}"
6556-12-3,C1(C(=O)O)C(O)C(O)C(O)C(O)O1,"{[#TN4a]1[#SP2]([#SP4][#SP4]1)}.{#SP2=O=C(O)[$],#SP4=OC(C(O)[$])[$],#TN4a=O(C[$][$])[$]}"
65611-47-4,FC(F)(F)CCCCCO,"{[#SX4e][#SC2][#SP1]}.{#SC2=C(C[$])C[$],#SP1=OCC[$],#SX4e=FC(F)(F)[$]}"
66-22-8,N1C(=O)NC(=O)C=C1,"{[#TN6d][#TC5B]1=[#TN6a]([#TN6d][#TC5A]1=[#SN6a])}.{#SN6a=O[$],#TC5A=C(C[$][$])[$],#TC5B=C[$][$][$].C[$][$],#TN6a=O[$],#TN6d=N[$][$]}"
66-25-1,CCCCCC=O,"{[#C1][#SN4a]}.{#C1=CCCC[$],#SN4a=O=CC[$]}"
660-88-8,NCCCCC(=O)O,"{[#N6d][#SP2]}.{#N6d=NCCC[$],#SP2=O=C(O)C[$]}"
6600-40-4,CCCC(N)C(=O)O,"{[#SC2][#TN6d][#SP2]}.{#SC2=CCC[$],#SP2=O=C(O)[$],#TN6d=NC[$][$]}"
67-51-6,CC1=NNC(C)=C1,"{[#SN6a]1[#TN6d][#SC4]1}.{#SC4=CC(=C[$])[$],#SN6a=CC(=N[$])[$],#TN6d=N[$][$]}"
67-52-7,C1(=O)NC(=O)NC(=O)C1,"{[#SC3B]=[#TN6a](=[#TN6a])([#SC3A]=[#SN6a])}.{#SC3A=C(C(N[$])[$])[$],#SC3B=N(C[$][$])C[$][$],#SN6a=O[$],#TN6a=O[$]}"
67-66-3,ClC(Cl)Cl,{[#X2]}.{#X2=ClC(Cl)Cl}
67-68-5,CS(=O)C,{[#P4]}.{#P4=CS(C)=O}
67-72-1,ClC(Cl)(Cl)C(Cl)(Cl)Cl,{[#X2][#X2]}.{#X2=ClC(Cl)(Cl)[$]}
68-12-2,O=CN(C)C,{[#P3a]}.{#P3a=CN(C)C=O}
68-94-0,C12=C(NC=N1)C(=O)NC=N2,"{[#TC5]12[#TN6d][#TN6aA]1([#TN6aB][#TN6d][#TN6aA]2)}.{#TC5=C(=C[$][$])[$][$],#TN6aA=C(=N[$])[$],#TN6aB=O=C[$][$],#TN6d=N[$][$]}"
6915-15-7,OC(=O)C(O)CC(=O)O,"{[#SP2][#SP1][#SP2]}.{#SP1=OC(C[$])[$],#SP2=O=C(O)[$]}"
6936-40-9,c1c(Cl)c(Cl)c(OC)c(Cl)c1Cl,"{[#SX3]1[#TX3][#SN2a][#TX3][#TX3]1}.{#SN2a=COC[$][$],#SX3=ClC(=C[$])[$],#TX3=ClC[$][$]}"
695-19-2,C1(=O)C=CN(C)C=C1,"{[#TN6a]1[#TC5][#TN1][#TC5]1}.{#TC5=C(=C[$])[$],#TN1=CN[$][$],#TN6a=O=C[$][$]}"
70-47-3,NC(=O)CC(N)C(=O)O,"{[#SP5][#SN6d][#SP2]}.{#SN6d=NC(C[$])[$],#SP2=O=C(O)[$],#SP5=NC(=O)[$]}"
71-00-1,N1=CNC=C1CC(N)C(=O)O,"{[#TN6a]1[#TN6d][#TC5]1[#SN6d][#SP2]}.{#SN6d=NC(C[$])[$],#SP2=O=C(O)[$],#TC5=C(=C[$][$])[$],#TN6a=C(=N[$])[$],#TN6d=N[$][$]}"
71-33-0,N1C=NC(=O)NC1=O,"{[#TN6d]1[#TN6aA][#TN6aB][#TN6d][#TN6aB]1}.{#TN6aA=C(=N[$])[$],#TN6aB=O=C[$][$],#TN6d=N[$][$]}"
71-41-0,CCCCCO,"{[#SC2][#SP1]}.{#SC2=CCC[$],#SP1=OCC[$]}"
71-43-2,c1ccccc1,{[#TC5]1[#TC5][#TC5]1}.{#TC5=C(=C[$])[$]}
71-55-6,ClC(Cl)(Cl)C,{[#X1]}.{#X1=CC(Cl)(Cl)Cl}
7113-30-6,CCC1=CSSC1=S,"{[#TC3][#TC5]1[#TC6A][#TC6B]1}.{#TC3=CC[$],#TC5=C(=C[$][$])[$],#TC6A=S(S[$])[$],#TC6B=S=C[$][$]}"
72-18-4,CC(C)C(N)C(=O)O,"{[#SC2][#P6]}.{#P6=NC(C(=O)O)[$],#SC2=CC(C)[$]}"
72-19-5,OC(C)C(N)C(=O)O,"{[#SP1][#P6]}.{#P6=NC(C(=O)O)[$],#SP1=CC(O)[$]}"
73-32-5,CCC(C)C(N)C(=O)O,"{[#C1][#TN6d][#SP2]}.{#C1=CCC(C)[$],#SP2=O=C(O)[$],#TN6d=NC[$][$]}"
7314-32-1,CS(=O)(=O)CCC(N)C(=O)O,"{[#P4][#N6d][#SP2]}.{#N6d=NC(CC[$])[$],#P4=CS(=O)(=O)[$],#SP2=O=C(O)[$]}"
74-83-9,CBr,{[#SX2]}.{#SX2=CBr}
74-84-0,CC,{[#TC3]}.{#TC3=CC}
74-85-1,C=C,{[#TC5]}.{#TC5=C=C}
74-88-4,CI,{[#SX1]}.{#SX1=CI}
74-96-4,CCBr,{[#X2]}.{#X2=CCBr}
74-97-5,BrCCl,{[#SX2]}.{#SX2=ClCBr}
74-98-6,CCC,{[#SC2]}.{#SC2=CCC}
7491-74-9,NC(=O)CN1CCCC1=O,"{[#SP5][#TN6d]1[#TC3][#TN6a]1}.{#SP5=NC(=O)C[$],#TC3=C(C[$])[$],#TN6a=O=C[$][$],#TN6d=C(N[$][$])[$]}"
75-00-3,CCCl,{[#SX3]}.{#SX3=CCCl}
75-01-4,C=CCl,{[#SX3]}.{#SX3=C=CCl}
75-03-6,CCI,{[#X1]}.{#X1=CCI}
75-09-2,ClCCl,{[#SX3h]}.{#SX3h=ClCCl}
75-11-6,ICI,{[#X2]}.{#X2=ICI}
75-12-7,O=CN,{[#SP5]}.{#SP5=NC=O}
75-15-0,S=C=S,{[#C6]}.{#C6=S=C=S}
75-18-3,CSC,{[#SC6]}.{#SC6=CSC}
75-28-5,CC(C)C,{[#SC1]}.{#SC1=CC(C)C}
75-34-3,CC(Cl)Cl,{[#SX3h]}.{#SX3h=CC(Cl)Cl}
75-69-4,FC(Cl)(Cl)Cl,{[#X1]}.{#X1=FC(Cl)(Cl)Cl}
75-71-8,ClC(Cl)(F)F,{[#X1]}.{#X1=FC(F)(Cl)Cl}
75-83-2,CCC(C)(C)C,"{[#TC3][#SC1]}.{#SC1=CC(C)(C)[$],#TC3=CC[$]}"
75-84-3,CC(C)(C)CO,"{[#SC1][#TP1]}.{#SC1=CC(C)(C)[$],#TP1=OC[$]}"
75-87-6,O=CC(Cl)(Cl)Cl,"{[#TN4a][#X2]}.{#TN4a=O=C[$],#X2=ClC(Cl)(Cl)[$]}"
75-97-8,CC(=O)C(C)(C)C,"{[#SN4a][#SC1]}.{#SC1=CC(C)(C)[$],#SN4a=CC(=O)[$]}"
75-98-9,OC(=O)C(C)(C)C,"{[#SP2][#SC1]}.{#SC1=CC(C)(C)[$],#SP2=O=C(O)[$]}"
75-99-0,CC(Cl)(Cl)C(=O)O,"{[#SX3h][#SP2]}.{#SP2=O=C(O)[$],#SX3h=CC(Cl)(Cl)[$]}"
7541-59-5,OCC(O)C(O)CO,{[#P4][#P4]}.{#P4=OCC(O)[$]}
76-01-7,ClC(Cl)(Cl)C(Cl)Cl,"{[#X2][#SX3h]}.{#SX3h=ClC(Cl)[$],#X2=ClC(Cl)(Cl)[$]}"
76-03-9,OC(=O)C(Cl)(Cl)Cl,"{[#SP2][#X2]}.{#SP2=O=C(O)[$],#X2=ClC(Cl)(Cl)[$]}"
76-16-4,FC(F)(F)C(F)(F)F,{[#SX4e][#SX4e]}.{#SX4e=FC(F)(F)[$]}
760-78-1,CCCC(N)C(=O)O,"{[#SC2][#TN6d][#SP2]}.{#SC2=CCC[$],#SP2=O=C(O)[$],#TN6d=NC[$][$]}"
7606-79-3,CC(=O)NCC(=O)NC,"{[#SN4a][#TN6d][#TN4a][#TN5]}.{#SN4a=CC(=O)[$],#TN4a=O=C[$][$],#TN5=CN[$],#TN6d=C(N[$])[$]}"
77-92-9,OC(=O)CC(O)(C(=O)O)CC(=O)O,"{[#SP2B][#SP1][#SP2B]([#SP2A])}.{#SP1=OC(C[$])[$][$],#SP2A=O=C(O)C[$],#SP2B=O=C(O)[$]}"
771-61-9,c1(O)c(F)c(F)c(F)c(F)c1F,"{[#TN6]1[#TX4e][#TX4e][#TX4e][#TX4e][#TX4e]1}.{#TN6=OC[$][$],#TX4e=FC[$][$]}"
77580-78-0,CC1=NON=C1CCC,"{[#SN6a]1[#TN2a][#TN6a]1[#SC2]}.{#SC2=CCC[$],#SN6a=CC(=N[$])[$],#TN2a=O[$][$],#TN6a=N(=C[$][$])[$]}"
79-01-6,ClC=C(Cl)Cl,{[#X3h]}.{#X3h=ClC=C(Cl)Cl}
79-16-3,CC(=O)NC,{[#P3]}.{#P3=CNC(C)=O}
79-29-8,CC(C)C(C)C,{[#SC2][#SC2]}.{#SC2=CC(C)[$]}
79-34-5,ClC(Cl)C(Cl)Cl,{[#SX3h][#SX3h]}.{#SX3h=ClC(Cl)[$]}
80-58-0,CCC(Br)C(=O)O,"{[#X2][#SP2]}.{#SP2=O=C(O)[$],#X2=CCC(Br)[$]}"
80-60-4,CCC(N)C(=O)O,"{[#N6d][#SP2]}.{#N6d=CCC(N)[$],#SP2=O=C(O)[$]}"
819-06-7,FC(F)(F)CN(C)C,"{[#SX4e][#SN3a]}.{#SN3a=CN(C)C[$],#SX4e=FC(F)(F)[$]}"
822-86-6,C1C(Cl)C(Cl)CCC1,"{[#TC3]1[#TX3][#TX3][#TC3]1}.{#TC3=C(C[$])[$],#TX3=ClC[$][$]}"
823-09-6,n1c(SC)nccc1,"{[#TN6aB]1[#TC6]([#TN6aA][#TC5]1)}.{#TC5=C(=C[$])[$],#TC6=CS[$],#TN6aA=C(=N[$])[$],#TN6aB=N(=C[$][$])[$]}"
83293-50-9,CCNC(CO)C(=O)O,"{[#SN5][#SP1][#SP2]}.{#SN5=CCN[$],#SP1=OCC[$][$],#SP2=O=C(O)[$]}"
84652-30-2,NC(=O)CC(NC(=O)C)C(=O)N,"{[#SP5][#SN5][#SN4a]([#SP5])}.{#SN4a=CC(=O)[$],#SN5=C(C(N[$])[$])[$],#SP5=NC(=O)[$]}"
87-40-1,c1c(Cl)c(OC)c(Cl)cc1Cl,"{[#SX3A]1[#SN2a][#SX3B][#TX3]1}.{#SN2a=COC[$][$],#SX3A=ClC(=C[$])[$],#SX3B=ClC(C[$])[$],#TX3=ClC[$][$]}"
87-61-6,c1c(Cl)c(Cl)c(Cl)cc1,"{[#TC5]1[#TX3][#TX3][#SX3]1}.{#SX3=ClC(C[$])[$],#TC5=C(C[$])[$],#TX3=ClC[$][$]}"
87-65-0,c1c(Cl)c(O)c(Cl)cc1,"{[#TC5]1[#TX3][#TN6][#SX3]1}.{#SX3=ClC(C[$])[$],#TC5=C(C[$])[$],#TN6=OC[$][$],#TX3=ClC[$][$]}"
87-68-3,ClC(Cl)=C(Cl)C(Cl)=C(Cl)Cl,"{[#SX3h]=[#X3h]=[#SX3h]}.{#SX3h=ClC(Cl)[$],#X3h=ClC(C(Cl)[$])[$]}"
87-69-4,OC(=O)C(O)C(O)C(=O)O,"{[#SP2][#P4][#SP2]}.{#P4=OC(C(O)[$])[$],#SP2=O=C(O)[$]}"
87-82-1,c1(Br)c(Br)c(Br)c(Br)c(Br)c1Br,{[#TX2]1[#TX2][#TX2][#TX2][#TX2][#TX2]1}.{#TX2=BrC[$][$]}
872-31-1,C1=CC(Br)=CS1,"{[#TC5]1[#SX2][#TC6]1}.{#SX2=BrC(=C[$])[$],#TC5=C(=C[$])[$],#TC6=S[$][$]}"
872-55-9,C1=CSC(CC)=C1,"{[#TC5A]1[#TC6][#TC5B]1[#TC3]}.{#TC3=CC[$],#TC5A=C(=C[$])[$],#TC5B=C(=C[$][$])[$],#TC6=S[$][$]}"
88-09-5,CCC(CC)C(=O)O,"{[#SC2][#TC3]([#SP2])}.{#SC2=CCC[$][$],#SP2=O=C(O)[$],#TC3=CC[$]}"
88-13-1,C1(C(=O)O)=CSC=C1,"{[#TC5B]1[#SP2]([#TC6][#TC5A]1)}.{#SP2=O=C(O)[$],#TC5A=C(=C[$])[$],#TC5B=C(=C[$][$])[$],#TC6=S[$][$]}"
88-15-3,C1=CSC(C(=O)C)=C1,"{[#TC5A]1[#TC6][#TC5B]1[#SN4a]}.{#SN4a=CC(=O)[$],#TC5A=C(=C[$])[$],#TC5B=C(=C[$][$])[$],#TC6=S[$][$]}"
88-65-3,c1c(Br)c(C(=O)O)ccc1,"{[#SX2]1[#TC5B][#SP2]([#TC5A]1)}.{#SP2=O=C(O)[$],#SX2=BrC(=C[$])[$],#TC5A=C(=C[$])[$],#TC5B=C(=C[$][$])[$]}"
88-67-5,c1c(I)c(C(=O)O)ccc1,"{[#X1]1[#TC5B][#SP2]([#TC5A]1)}.{#SP2=O=C(O)[$],#TC5A=C(=C[$])[$],#TC5B=C(=C[$][$])[$],#X1=IC(=C[$])[$]}"
88095-60-7,N1N=CC(OCCC)=C1,"{[#TN6d]1[#TN6a][#TC5]1[#N3r]}.{#N3r=CCCO[$],#TC5=C(=C[$][$])[$],#TN6a=C(=N[$])[$],#TN6d=N[$][$]}"
88511-48-2,n1c(C(=O)N)nccc1,"{[#TN6aB]1[#SP5]([#TN6aA][#TC5]1)}.{#SP5=NC(=O)[$],#TC5=C(=C[$])[$],#TN6aA=C(=N[$])[$],#TN6aB=N(=C[$][$])[$]}"
89-98-5,c1c(Cl)c(C=O)ccc1,"{[#SX3]1[#TC5B][#TN4a]([#TC5A]1)}.{#SX3=ClC(=C[$])[$],#TC5A=C(=C[$])[$],#TC5B=C(=C[$][$])[$],#TN4a=O=C[$]}"
89674-85-1,C1(Cl)c(Cl)C(Cl)C=C(Cl)c1,"{[#SX3B]1[#TX3][#TX3][#SX3A]1}.{#SX3A=ClC(=C[$])[$],#SX3B=ClC(C[$])[$],#TX3=ClC[$][$]}"
89674-87-3,C1(Cl)C(Cl)C(Cl)C=C(Cl)C1,"{[#SX3B]1[#TX3][#TX3][#SX3A]1}.{#SX3A=ClC(=C[$])[$],#SX3B=ClC(C[$])[$],#TX3=ClC[$][$]}"
89674-88-4,C1(Cl)C(Cl)C(Cl)C=C(Cl)C1,"{[#SX3B]1[#TX3][#TX3][#SX3A]1}.{#SX3A=ClC(=C[$])[$],#SX3B=ClC(C[$])[$],#TX3=ClC[$][$]}"
921-60-8,OCC(O)C(O)C(O)C(O)C=O,"{[#P4B][#P4A][#TP1d][#TN4a]}.{#P4A=OC(C(O)[$])[$],#P4B=OCC(O)[$],#TN4a=O=C[$],#TP1d=OC[$][$]}"
927-62-8,CCCCN(C)C,"{[#C1][#SN1]}.{#C1=CCCC[$],#SN1=CN(C)[$]}"
927-68-4,CC(=O)OCCBr,"{[#SN4a][#TP1d][#SX2]}.{#SN4a=CC(=O)[$],#SX2=BrC[$],#TP1d=C(O[$])[$]}"
94-97-3,N1c2ccc(Cl)cc2N=N1,"{[#TN6d]2[#TC5B]1[#TC5A][#SX3]1([#TN1a]2)}.{#SX3=ClC(C[$])[$],#TC5A=C(C[$])[$],#TC5B=C(C[$][$])[$][$],#TN1a=N(=N[$])[$],#TN6d=N[$][$]}"
94-99-5,c1c(Cl)cc(Cl)c(CCl)c1,"{[#SX3]1[#SX3][#TC5]1[#TX3]}.{#SX3=ClC(=C[$])[$],#TC5=C(=C[$][$])[$],#TX3=ClC[$]}"
95-14-7,N1=Nc2ccccc2N1,"{[#TN1a]2[#TC5B]1[#TC5A][#TC5A]1([#TN6d]2)}.{#TC5A=C(C[$])[$],#TC5B=C(C[$][$])[$][$],#TN1a=N(=N[$])[$],#TN6d=N[$][$]}"
95-50-1,c1c(Cl)c(Cl)ccc1,"{[#SX3]1[#SX3][#TC5]1}.{#SX3=ClC(=C[$])[$],#TC5=C(=C[$])[$]}"
95-51-2,c1c(Cl)c(N)ccc1,"{[#SX3]1[#SN6d][#TC5]1}.{#SN6d=NC(=C[$])[$],#SX3=ClC(=C[$])[$],#TC5=C(=C[$])[$]}"
95-56-7,c1c(Br)c(O)ccc1,"{[#SX2]1[#SN6][#TC5]1}.{#SN6=OC(=C[$])[$],#SX2=BrC(=C[$])[$],#TC5=C(=C[$])[$]}"
95-76-1,c1c(N)cc(Cl)c(Cl)c1,"{[#SN6d]1[#SX3][#SX3]1}.{#SN6d=NC(=C[$])[$],#SX3=ClC(=C[$])[$]}"
95-77-2,c1c(O)cc(Cl)c(Cl)c1,"{[#SN6]1[#SX3][#SX3]1}.{#SN6=OC(=C[$])[$],#SX3=ClC(=C[$])[$]}"
95-82-9,c1c(Cl)cc(N)c(Cl)c1,"{[#SX3]1[#SN6d][#SX3]1}.{#SN6d=NC(=C[$])[$],#SX3=ClC(=C[$])[$]}"
95-83-0,Nc1ccc(Cl)cc1N,"{[#SN6d]1[#SX3][#SN6d]1}.{#SN6d=NC(=C[$])[$],#SX3=ClC(=C[$])[$]}"
95-85-2,Oc1ccc(Cl)cc1N,"{[#SN6]1[#SX3][#SN6d]1}.{#SN6=OC(=C[$])[$],#SN6d=NC(=C[$])[$],#SX3=ClC(=C[$])[$]}"
95-89-6,c1c(C)nc(Cl)c(C)n1,"{[#TC5]1[#SC4]([#TN6a][#TX3]([#TN6a]1[#TC4]))}.{#SC4=C[$],#TC4=C[$],#TC5=C(=C[$][$])[$],#TN6a=N(=C[$][$])[$],#TX3=Cl[$]}"
95-94-3,c1(Cl)c(Cl)cc(Cl)c(Cl)c1,"{[#SX3]1[#SX3][#TX3][#TX3]1}.{#SX3=ClC(C[$])[$],#TX3=ClC[$][$]}"
95853-68-2,FC(F)(F)C(C)CCO,"{[#SX4e][#SC2][#TP1]}.{#SC2=CC(C[$])[$],#SX4e=FC(F)(F)[$],#TP1=OC[$]}"
96-14-0,CCC(C)CC,"{[#C1][#TC3]}.{#C1=CCC(C)[$],#TC3=CC[$]}"
96-37-7,C1CC(C)CC1,"{[#SC3A][#SC3B]}.{#SC3A=C(C[$])C[$],#SC3B=CC(C[$])[$]}"
96-43-5,C1=CC=C(Cl)S1,"{[#TC5]1[#SX3][#TC6]1}.{#SX3=ClC(=C[$])[$],#TC5=C(=C[$])[$],#TC6=S[$][$]}"
96-47-9,CC1CCCO1,"{[#SN4a][#SC3]}.{#SC3=C(C[$])C[$],#SN4a=CC(O[$])[$]}"
96-54-8,C1=CN(C)C=C1,"{[#TC5]1[#TN1][#TC5]1}.{#TC5=C(=C[$])[$],#TN1=CN[$][$]}"
97-61-0,CCCC(C)C(=O)O,"{[#SC2][#TC3][#SP2]}.{#SC2=CCC[$],#SP2=O=C(O)[$],#TC3=CC[$][$]}"
97-62-1,CC(C)C(=O)OCC,"{[#SC2][#SN4a][#TC3]}.{#SC2=CC(C)[$],#SN4a=O=C(O[$])[$],#TC3=CC[$]}"
97-63-2,C=C(C)C(=O)OCC,"{[#SC4][#SN4a][#TC3]}.{#SC4=C=C(C)[$],#SN4a=O=C(O[$])[$],#TC3=CC[$]}"
97-69-8,CC(=O)NC(C)C(=O)O,"{[#SN4a][#SN5][#SP2]}.{#SN4a=CC(=O)[$],#SN5=CC(N[$])[$],#SP2=O=C(O)[$]}"
97-95-0,CCC(CC)CO,"{[#SC2][#TC3]([#TP1])}.{#SC2=CCC[$][$],#TC3=CC[$],#TP1=OC[$]}"
98-03-3,C1=C(C=O)SC=C1,"{[#TC5B]1[#TN4a]([#TC6][#TC5A]1)}.{#TC5A=C(=C[$])[$],#TC5B=C(=C[$][$])[$],#TC6=S[$][$],#TN4a=O=C[$]}"
"1,1-dichloroethane",CC(Cl)Cl,{[#SX3h]}.{#SX3h=CC(Cl)Cl}
"1,2,3,4,5,6-hexamethylbenzene",Cc1c(C)c(C)c(C)c(C)c1C,{[#TC4]1[#TC4][#TC4][#TC4][#TC4][#TC4]1}.{#TC4=CC[$][$]}
"1,2,3,4-tetrahydronaphthalen-2-amine",NC1CCc2ccccc2C1,"{[#SN6d]1[#TC3][#TC5B]12[#TC5A][#TC5A]2}.{#SN6d=NC(C[$])[$],#TC3=C(C[$])[$],#TC5A=C(C[$])[$],#TC5B=C(C[$][$])[$][$]}"
"1,2,4-Trichlorobenzene",Clc1ccc(Cl)c(Cl)c1,{[#SX3]1[#SX3][#SX3]1}.{#SX3=ClC(=C[$])[$]}
"1,2-dichloroethane",ClCCCl,{[#X3h]}.{#X3h=ClCCCl}
"1,2-diethylbenzene",CCc1ccccc1CC,"{[#TC3][#TC5B]1[#TC5A][#TC5B]1[#TC3]}.{#TC3=CC[$],#TC5A=C(=C[$])[$],#TC5B=C(=C[$][$])[$]}"
"1,3 - butadiene",C=CC=C,{[#SC5]}.{#SC5=C=CC=C}
"1,3,5-tribromo-2-methoxybenzene",COc1c(Br)cc(Br)cc1Br,"{[#SN2a]1[#SX2][#SX2][#TX2]1}.{#SN2a=COC[$][$],#SX2=BrC(C[$])[$],#TX2=BrC[$][$]}"
"1,3-Benzendiol",Oc1cc(ccc1)O,"{[#SN6]1[#SN6][#TC5]1}.{#SN6=OC(=C[$])[$],#TC5=C(=C[$])[$]}"
"1,3-Butanediol",CC(O)CCO,"{[#SP1A][#SP1B]}.{#SP1A=CC(O)[$],#SP1B=OCC[$]}"
"1,3-Dibromobenzene",Brc1cccc(Br)c1,"{[#SX2]1[#TC5][#SX2]1}.{#SX2=BrC(=C[$])[$],#TC5=C(=C[$])[$]}"
"1,3-Dichlorobenzene",Clc1cccc(Cl)c1,"{[#SX3]1[#TC5][#SX3]1}.{#SX3=ClC(=C[$])[$],#TC5=C(=C[$])[$]}"
"1,3-Dioxolane",O1CCOC1,"{[#SN5a][#TC3]}.{#SN5a=C(O[$])O[$],#TC3=C(C[$])[$]}"
"1,4-Dioxane",O1CCOCC1,{[#SN3a][#SN3a]}.{#SN3a=C(OC[$])[$]}
1-(2-hydroxyphenyl)ethanone,CC(=O)c1ccccc1O,"{[#SN4a][#SN6]1[#TC5][#TC5]1}.{#SN4a=CC(=O)[$],#SN6=OC(C[$][$])[$],#TC5=C(C[$])[$]}"
1-4-hexadiene,C=CCC=CC,"{[#SC4A][#SC4B]}.{#SC4A=C=CC[$],#SC4B=CC=C[$]}"
1-chloropropane,CCCCl,{[#X3]}.{#X3=CCCCl}
1-dodecene,CCCCCCCCCCC=C,"{[#C1B][#C1A][#C4]}.{#C1A=C(CC[$])C[$],#C1B=CCCC[$],#C4=C=CCC[$]}"
1-hexyne,CCCCC#C,"{[#SC2][#SC6r]}.{#SC2=CCC[$],#SC6r=C#CC[$]}"
1-methoxy-2-propyl acetate,COCC(C)OC(C)=O,"{[#SN3rB][#SN3rA][#SN4a]}.{#SN3rA=CC(O[$])[$],#SN3rB=COC[$],#SN4a=CC(=O)[$]}"
1-Methylimidazole,C[n]1ccnc1,"{[#TN1]1[#TC5][#TN6a]1}.{#TC5=C(=C[$])[$],#TN1=CN[$][$],#TN6a=C(=N[$])[$]}"
1-methylpyrrole,Cn1cccc1,"{[#TN1]1[#TC5][#TC5]1}.{#TC5=C(=C[$])[$],#TN1=CN[$][$]}"
1-octyne,CCCCCCC#C,"{[#C1][#C6r]}.{#C1=CCCC[$],#C6r=C#CCC[$]}"
1-propanol,CCCO,{[#P1]}.{#P1=CCCO}
1-propylsulfonylpropane,CCC[S](=O)(=O)CCC,"{[#SC2][#SP5][#SC2]}.{#SC2=CCC[$],#SP5=O=S(=O)[$][$]}"
12-Butadiene,CCC=C,{[#C4]}.{#C4=C=CCC}
135-tribromobenzene,Brc1cc(Br)cc(Br)c1,{[#SX2]1[#SX2][#SX2]1}.{#SX2=BrC(=C[$])[$]}
"2,3-dimethylnaphthalene",Cc1cc2ccccc2cc1C,"{[#SC4]2[#TC5e]1[#TC5][#TC5]1([#SC4]2)}.{#SC4=CC(=C[$])[$],#TC5=C(C[$])[$],#TC5e=C(C[$][$])[$][$]}"
"2,4,5-trimethylaniline",Cc1cc(C)c(N)cc1C,"{[#SC4]1[#TC4][#SN6d][#TC4]1}.{#SC4=CC(=C[$])[$],#SN6d=NC(C[$])[$],#TC4=CC[$][$]}"
"2,4-dichlorotoluene",Cc1ccc(Cl)cc1Cl,"{[#SC4]1[#SX3][#SX3]1}.{#SC4=CC(=C[$])[$],#SX3=ClC(=C[$])[$]}"
"2,4-dimethylaniline",Cc1ccc(N)c(C)c1,"{[#SC4]1[#SN6d][#SC4]1}.{#SC4=CC(=C[$])[$],#SN6d=NC(=C[$])[$]}"
"2,5-dichloroaniline",Nc1cc(Cl)ccc1Cl,"{[#SN6d]1[#SX3][#SX3]1}.{#SN6d=NC(=C[$])[$],#SX3=ClC(=C[$])[$]}"
"2,5-dimethyl-1,4-benzoquinone",Cc1cc(=O)c(cc1=O)C,"{[#SC4]1[#TN6a][#SC4][#TN6a]1}.{#SC4=CC(=C[$])[$],#TN6a=O=C[$][$]}"
"2,5-dimethylaniline",Cc1ccc(C)c(N)c1,"{[#SC4]1[#SC4][#SN6d]1}.{#SC4=CC(=C[$])[$],#SN6d=NC(=C[$])[$]}"
"2,5-dimethylphenol",Cc1ccc(C)c(O)c1,"{[#SC4]1[#SC4][#SN6]1}.{#SC4=CC(=C[$])[$],#SN6=OC(=C[$])[$]}"
"2,5-dimethylpyrazine",Cc1cnc(C)cn1,"{[#TC4]1[#TN6aB][#TC4][#TN6aA]1}.{#TC4=CC[$][$],#TN6aA=C(=N[$])[$],#TN6aB=C(N[$])[$]}"
2-aminobenzenethiol,Nc1ccccc1S,"{[#SN6d]1[#TC5][#SC6]1}.{#SC6=SC(=C[$])[$],#SN6d=NC(=C[$])[$],#TC5=C(=C[$])[$]}"
2-aminophenol,Nc1ccccc1O,"{[#SN6d]1[#TC5][#SN6]1}.{#SN6=OC(=C[$])[$],#SN6d=NC(=C[$])[$],#TC5=C(=C[$])[$]}"
2-bromoaniline,Nc1ccccc1Br,"{[#SN6d]1[#TC5][#SX2]1}.{#SN6d=NC(=C[$])[$],#SX2=BrC(=C[$])[$],#TC5=C(=C[$])[$]}"
2-bromophenol,Oc1ccccc1Br,"{[#SN6]1[#TC5][#SX2]1}.{#SN6=OC(=C[$])[$],#SX2=BrC(=C[$])[$],#TC5=C(=C[$])[$]}"
2-butoxyethanol,CCCCOCCO,"{[#C1][#P4]}.{#C1=CCCC[$],#P4=OCCO[$]}"
2-chloro-1-nitrobenzene,[O-][N+](=O)c1ccccc1Cl,"{[#SN3a][#SX3]1[#TC5][#TC5]1}.{#SN3a=O=[N+]([O-])[$],#SX3=ClC(C[$][$])[$],#TC5=C(C[$])[$]}"
2-chloroaniline,Nc1ccccc1Cl,"{[#SN6d]1[#TC5][#SX3]1}.{#SN6d=NC(=C[$])[$],#SX3=ClC(=C[$])[$],#TC5=C(=C[$])[$]}"
2-chlorobenzaldehyde,Clc1ccccc1C=O,"{[#SX3]1[#TC5A][#TC5B]1[#TN4a]}.{#SX3=ClC(=C[$])[$],#TC5A=C(=C[$])[$],#TC5B=C(=C[$][$])[$],#TN4a=O=C[$]}"
2-chlorophenol,Oc1ccccc1Cl,"{[#SN6]1[#TC5][#SX3]1}.{#SN6=OC(=C[$])[$],#SX3=ClC(=C[$])[$],#TC5=C(=C[$])[$]}"
2-Ethylpyrdine,CCc1ncccc1,"{[#TC3][#TN6a]1[#TC5][#TC5]1}.{#TC3=CC[$],#TC5=C(=C[$])[$],#TN6a=N(=C[$][$])[$]}"
2-hydroxybenzaldehyde,Oc1ccccc1C=O,"{[#SN6]1[#TC5A][#TC5B]1[#TN4a]}.{#SN6=OC(=C[$])[$],#TC5A=C(=C[$])[$],#TC5B=C(=C[$][$])[$],#TN4a=O=C[$]}"
2-Iodophenol,c1ccc(c(c1)O)I,"{[#TC5]1[#X1][#SN6]1}.{#SN6=OC(=C[$])[$],#TC5=C(=C[$])[$],#X1=IC(=C[$])[$]}"
2-methoxyfuran,COc1occc1,"{[#TN2aA][#TC5B]1[#TN2aB][#TC5A]1}.{#TC5A=C(=C[$])[$],#TC5B=C(=C[$][$])[$],#TN2aA=CO[$],#TN2aB=O[$][$]}"
2-methyl-propane,CC(C)C,{[#SC1]}.{#SC1=CC(C)C}
2-Methyl-pyridine,Cc1ccccn1,"{[#SC4]1[#TC5][#TN6a]1}.{#SC4=CC(=C[$])[$],#TC5=C(=C[$])[$],#TN6a=C(=N[$])[$]}"
2-methylaniline,Cc1ccccc1N,"{[#SC4]1[#TC5][#SN6d]1}.{#SC4=CC(=C[$])[$],#SN6d=NC(=C[$])[$],#TC5=C(=C[$])[$]}"
2-methylhydroquinone,Cc1cc(O)ccc1O,"{[#SC4]1[#SN6][#SN6]1}.{#SC4=CC(=C[$])[$],#SN6=OC(=C[$])[$]}"
2-methylpropane,CC(C)C,{[#SC1]}.{#SC1=CC(C)C}
2-methylpropyl 2-methylprop-2-enoate,CC(C)COC(=O)C(C)=C,"{[#SC2][#N4a][#SC4]}.{#N4a=O=C(OC[$])[$],#SC2=CC(C)[$],#SC4=C=C(C)[$]}"
2-methylquinoline,Cc1ccc2ccccc2n1,"{[#SC4][#TC5B]1[#TC5B]2[#TC5A][#TC5A][#TN6a]12}.{#SC4=C[$],#TC5A=C(=C[$])[$],#TC5B=C(=C[$][$])[$],#TN6a=N(=C[$][$])[$]}"
2-Nitro-m-xylene,Cc1c(c(ccc1)C)[N+](=O)[O-],"{[#SC4B]1[#SC4A][#TC5]1([#SN3a])}.{#SC4A=CC(=C[$])[$],#SC4B=CC(=C[$][$])[$],#SN3a=O=[N+]([O-])[$],#TC5=C(=C[$])[$]}"
2-Nitrotoluene,Cc1ccccc1[N+](=O)[O-],"{[#SC4]1[#TC5A][#TC5B]1[#SN3a]}.{#SC4=CC(=C[$])[$],#SN3a=O=[N+]([O-])[$],#TC5A=C(=C[$])[$],#TC5B=C(=C[$][$])[$]}"
2-propanol,CC(C)O,{[#P1]}.{#P1=CC(C)O}
2-vinyl pyridine,C=Cc1ncccc1,"{[#TC5B][#TN6a]1[#TC5A][#TC5A]1}.{#TC5A=C(=C[$])[$],#TC5B=C=C[$],#TN6a=N(=C[$][$])[$]}"
2244-tetramethylpentan-3-one',CC(C)(C)C(=O)C(C)(C)C,"{[#SC1][#TN4a][#SC1]}.{#SC1=CC(C)(C)[$],#TN4a=O=C[$][$]}"
246-trimethyl-135-trioxane,CC1OC(C)OC(C)O1,"{[#TC4][#SC3B][#TC4]([#SC3A][#TC4])}.{#SC3A=O(C(O[$])[$])[$],#SC3B=O(C[$][$])C[$][$],#TC4=C[$]}"
"3,4-dichloroaniline",Nc1ccc(Cl)c(Cl)c1,"{[#SN6d]1[#SX3][#SX3]1}.{#SN6d=NC(=C[$])[$],#SX3=ClC(=C[$])[$]}"
"3,4-dichlorophenol",Oc1ccc(Cl)c(Cl)c1,"{[#SN6]1[#SX3][#SX3]1}.{#SN6=OC(=C[$])[$],#SX3=ClC(=C[$])[$]}"
"3,4-dichlorotoluene",Cc1ccc(Cl)c(Cl)c1,"{[#SC4]1[#SX3][#SX3]1}.{#SC4=CC(=C[$])[$],#SX3=ClC(=C[$])[$]}"
"3,4-dimethylaniline",Cc1ccc(N)cc1C,"{[#SC4]1[#SN6d][#SC4]1}.{#SC4=CC(=C[$])[$],#SN6d=NC(=C[$])[$]}"
"3,4-dimethylphenol",Cc1ccc(O)cc1C,"{[#SC4]1[#SN6][#SC4]1}.{#SC4=CC(=C[$])[$],#SN6=OC(=C[$])[$]}"
3-aminobenzenesulfonamide,Nc1cccc(c1)[S](N)(=O)=O,"{[#SN6d]1[#TC5A][#TC5B]1[#P4]}.{#P4=NS(=O)(=O)[$],#SN6d=NC(=C[$])[$],#TC5A=C(=C[$])[$],#TC5B=C(=C[$][$])[$]}"
3-hexyl-thiophene,CCCCCCc1cc[s]c1,"{[#SC2B][#SC2A][#TC5B]1[#TC5A][#TC6]1}.{#SC2A=C(C[$])C[$],#SC2B=CCC[$],#TC5A=C(=C[$])[$],#TC5B=C(=C[$][$])[$],#TC6=S[$][$]}"
3-methylphenol,Cc1cccc(O)c1,"{[#SC4]1[#TC5][#SN6]1}.{#SC4=CC(=C[$])[$],#SN6=OC(=C[$])[$],#TC5=C(=C[$])[$]}"
3-propyl-thiophene,CCCc1cc[s]c1,"{[#SC2][#TC5B]1[#TC5A][#TC6]1}.{#SC2=CCC[$],#TC5A=C(=C[$])[$],#TC5B=C(=C[$][$])[$],#TC6=S[$][$]}"
35-dimethylpyridine,Cc1cncc(C)c1,"{[#SC4]1[#TN6a][#SC4]1}.{#SC4=CC(=C[$])[$],#TN6a=C(=N[$])[$]}"
355120-85-3,S=C=S,{[#C6]}.{#C6=S=C=S}
4-acetamidobenzenesulfonyl fluoride,CC(=O)Nc1ccc(cc1)[S](F)(=O)=O,"{[#SP3][#TC5B]1[#TC5B][#TC5A]1([#X4])}.{#SP3=CC(=O)N[$],#TC5A=C(=C[$])[$],#TC5B=C(=C[$][$])[$],#X4=O=S(=O)(F)[$]}"
4-Bromoanisole,COc1ccc(cc1)Br,"{[#TN2a][#TC5B]1[#SX2][#TC5A]1}.{#SX2=BrC(=C[$])[$],#TC5A=C(=C[$])[$],#TC5B=C(=C[$][$])[$],#TN2a=CO[$]}"
4-bromobenzenesulfonamide,N[S](=O)(=O)c1ccc(Br)cc1,"{[#P4][#TC5B]1[#SX2][#TC5A]1}.{#P4=NS(=O)(=O)[$],#SX2=BrC(=C[$])[$],#TC5A=C(=C[$])[$],#TC5B=C(=C[$][$])[$]}"
4-chlorobenzenesulfonamide,N[S](=O)(=O)c1ccc(Cl)cc1,"{[#P4][#TC5B]1[#SX3][#TC5A]1}.{#P4=NS(=O)(=O)[$],#SX3=ClC(=C[$])[$],#TC5A=C(=C[$])[$],#TC5B=C(=C[$][$])[$]}"
4-ethylbenzenesulfonamide,CCc1ccc(cc1)[S](N)(=O)=O,"{[#TC3][#TC5B]1[#TC5B][#TC5A]1([#P4])}.{#P4=NS(=O)(=O)[$],#TC3=CC[$],#TC5A=C(=C[$])[$],#TC5B=C(=C[$][$])[$]}"
4-Ethylpyridine,CCc1ccncc1,"{[#TC3][#TC5B]1[#TN6a][#TC5A]1}.{#TC3=CC[$],#TC5A=C(=C[$])[$],#TC5B=C(=C[$][$])[$],#TN6a=C(=N[$])[$]}"
4-Methylimidazole,[nH]1cc(nc1)C,"{[#TN6d]1[#SC4][#TN6a]1}.{#SC4=CC(=C[$])[$],#TN6a=C(=N[$])[$],#TN6d=N[$][$]}"
4-methylquinoline,Cc1ccnc2ccccc12,"{[#SC4]1[#TN6a][#TC5e]12[#TC5][#TC5]2}.{#SC4=CC(=C[$])[$],#TC5=C(C[$])[$],#TC5e=C(C[$][$])[$][$],#TN6a=C(=N[$])[$]}"
4-methylsulfonylchlorobenzene,C[S](=O)(=O)c1ccc(Cl)cc1,"{[#P4][#TC5B]1[#SX3][#TC5A]1}.{#P4=CS(=O)(=O)[$],#SX3=ClC(=C[$])[$],#TC5A=C(=C[$])[$],#TC5B=C(=C[$][$])[$]}"
4-Nitroanisole,COc1ccc(cc1)[N+](=O)[O-],"{[#TN2a][#TC5B]1[#TC5B][#TC5A]1([#SN3a])}.{#SN3a=O=[N+]([O-])[$],#TC5A=C(=C[$])[$],#TC5B=C(=C[$][$])[$],#TN2a=CO[$]}"
4-vinyl pyridine,C=Cc1ccncc1,"{[#TC5C][#TC5B]1[#TN6a][#TC5A]1}.{#TC5A=C(=C[$])[$],#TC5B=C(=C[$][$])[$],#TC5C=C=C[$],#TN6a=C(=N[$])[$]}"
"5,5,5-trifluoropentan-1-ol",OCCCCC(F)(F)F,"{[#SP1][#TC3][#SX4e]}.{#SP1=OCC[$],#SX4e=FC(F)(F)[$],#TC3=C(C[$])[$]}"
5944-41-2,CC(C)(C)c1ccccn1,"{[#SC1][#TC5B]1[#TC5A][#TN6a]1}.{#SC1=CC(C)(C)[$],#TC5A=C(=C[$])[$],#TC5B=C(=C[$][$])[$],#TN6a=C(=N[$])[$]}"
8-fluoroquinoline,Fc1cccc2cccnc12,"{[#SX4e]1[#TC5A][#TC5e]12[#TC5B][#TN6a]2}.{#SX4e=FC(=C[$])[$],#TC5A=C(=C[$])[$],#TC5B=C(C[$])[$],#TC5e=C(C[$][$])[$][$],#TN6a=C(N[$])[$]}"
"8-quinolinol,5-chloro-",Oc1c2ncccc2c(Cl)cc1,"{[#SN6]2[#TC5e]1[#TN6a][#TC5]1([#SX3]2)}.{#SN6=OC(C[$])[$],#SX3=ClC(C[$])[$],#TC5=C(=C[$])[$],#TC5e=C(C[$][$])[$][$],#TN6a=C(=N[$])[$]}"
acetamide,CC(N)=O,{[#SP5]}.{#SP5=CC(N)=O}
acetic,CC(O)=O,{[#SP2]}.{#SP2=CC(=O)O}
acetonitrile,CC#N,{[#SN2a]}.{#SN2a=CC#N}
Acetophenone,CC(=O)c1ccccc1,"{[#SN4a][#TC5B]1[#TC5A][#TC5A]1}.{#SN4a=CC(=O)[$],#TC5A=C(=C[$])[$],#TC5B=C(=C[$][$])[$]}"
acetylacetone,CC(=O)CC(C)=O,"{[#SN4a][#SN5a]}.{#SN4a=CC(=O)[$],#SN5a=CC(=O)C[$]}"
acrylamide,C=CC(=O)N,{[#P5]}.{#P5=C=CC(N)=O}
acrylic acid,C=CC(=O)O,{[#P2]}.{#P2=C=CC(=O)O}
Amine2_link_alcohol,CCCCCN(CCO)CCCCC,"{[#C1][#SN1][#SP1]([#C1])}.{#C1=CCCC[$],#SN1=C(N(C[$])[$])[$],#SP1=OCC[$]}"
Amine_branched,C(N(CCCCC)CCCCC),"{[#SN3a][#C1]([#C1])}.{#C1=CCCC[$],#SN3a=CN(C[$])C[$]}"
Amine_carbamat,CN(CC(CNC(CCCCC)=O)NC(CCCCC)=O)C,"{[#SN1][#SN5][#P3][#C1]([#SN4a][#C1])}.{#C1=CCCC[$],#P3=O=C(C[$])NC[$],#SN1=CN(C)[$],#SN4a=O=C(C[$])[$],#SN5=C(C(N[$])[$])[$]}"
Amine_ester_disulfied,CN(C)CCCCCCC(=O)OCCSSCCCCCCCCC,"{[#SN1][#C1A][#N6a][#TN3r][#TC6][#TC6][#C1A][#C1B]}.{#C1A=C(CC[$])C[$],#C1B=CCCC[$],#N6a=O=C(CC[$])[$],#SN1=CN(C)[$],#TC6=C(S[$])[$],#TN3r=C(O[$])[$]}"
Amine_link_alcohol,CCCCCN(CCCCO)CCCCC,"{[#C1][#SN3a][#P1]([#C1])}.{#C1=CCCC[$],#P1=OCCC[$],#SN3a=C(N(C[$])C[$])[$]}"
Amine_link_ester,CN(C)CCCCCCOC(=O)CCCC,"{[#SN3a][#C1A][#N4a][#C1B]}.{#C1A=C(CC[$])C[$],#C1B=CCCC[$],#N4a=O=C(OC[$])[$],#SN3a=CN(C)C[$]}"
Amine_link_ether,CN(C)CCCCCCOCCCCC,"{[#SN1][#C1A][#N3r][#C1B]}.{#C1A=C(CC[$])C[$],#C1B=CCCC[$],#N3r=C(C[$])OC[$],#SN1=CN(C)[$]}"
Aniline,Nc1ccccc1,"{[#SN6d]1[#TC5][#TC5]1}.{#SN6d=NC(=C[$])[$],#TC5=C(=C[$])[$]}"
Benzaldehyde,O=Cc1ccccc1,"{[#TN4a][#TC5B]1[#TC5A][#TC5A]1}.{#TC5A=C(=C[$])[$],#TC5B=C(=C[$][$])[$],#TN4a=O=C[$]}"
Benzene,c1ccccc1,{[#TC5]1[#TC5][#TC5]1}.{#TC5=C(=C[$])[$]}
"benzene, 2-chloro-1,4-dimethyl-",Cc1ccc(C)c(Cl)c1,"{[#SC4]1[#SC4][#SX3]1}.{#SC4=CC(=C[$])[$],#SX3=ClC(=C[$])[$]}"
"benzene-1,2-diamine",Nc1ccccc1N,"{[#SN6d]1[#TC5][#SN6d]1}.{#SN6d=NC(=C[$])[$],#TC5=C(=C[$])[$]}"
benzenesulfonamide,N[S](=O)(=O)c1ccccc1,"{[#P4][#TC5B]1[#TC5A][#TC5A]1}.{#P4=NS(=O)(=O)[$],#TC5A=C(=C[$])[$],#TC5B=C(=C[$][$])[$]}"
benzenesulfonamide_decoy,N[S](=O)(=O)c1ccccc1,"{[#P4][#TC5B]1[#TC5A][#TC5A]1}.{#P4=NS(=O)(=O)[$],#TC5A=C(=C[$])[$],#TC5B=C(=C[$][$])[$]}"
Benzonitrile,N#Cc1ccccc1,"{[#TN4a][#TC5B]1[#TC5A][#TC5A]1}.{#TC5A=C(=C[$])[$],#TC5B=C(=C[$][$])[$],#TN4a=N#C[$]}"
Benzotrifluoride,c1ccc(cc1)C(F)(F)F,"{[#TC5A]1[#TC5B][#TC5A]1([#SX4e])}.{#SX4e=FC(F)(F)[$],#TC5A=C(=C[$])[$],#TC5B=C(=C[$][$])[$]}"
Beta-Sitosterol,O[C@@H]4CC3=CC[C@@H]1[C@H](CC[C@]2([C@H]1CC[C@@H]2[C@H](C)CC[C@@H](CC)C(C)C)C)[C@@]3(C)CC4,"{[#SN6]3[#SC4]1=[#TC3][#TC5]12[#TC3][#SC4]2[#SC3][#C1][#SC2B][#SC2A]([#TC3]3)}.{#C1=CC(CC[$])[$],#SC2A=CC(C)[$],#SC2B=CCC[$][$],#SC3=C(C[$])C[$][$],#SC4=CC(C[$][$])[$][$],#SN6=OC(C[$])[$],#TC3=C(C[$])[$],#TC5=C(C[$][$])[$][$]}"
Bromobenzene,Brc1ccccc1,"{[#SX2]1[#TC5][#TC5]1}.{#SX2=BrC(=C[$])[$],#TC5=C(=C[$])[$]}"
bromoethane,CCBr,{[#X2]}.{#X2=CCBr}
bromoethene,BrC=C,{[#SX1]}.{#SX1=C=CBr}
bromomethane,CBr,{[#SX2]}.{#SX2=CBr}
bromopropane,CCCBr,{[#X2]}.{#X2=CCCBr}
"buta-1,3-diene",C=CC=C,{[#SC5]}.{#SC5=C=CC=C}
butan-2-ylbenzene,CCC(C)c1ccccc1,"{[#C1][#TC5B]1[#TC5A][#TC5A]1}.{#C1=CCC(C)[$],#TC5A=C(=C[$])[$],#TC5B=C(=C[$][$])[$]}"
butanal,CCCC=O,"{[#SC2][#TN4a]}.{#SC2=CCC[$],#TN4a=O=C[$]}"
butane,CCCC,{[#C1]}.{#C1=CCCC}
butanol,CCCCO,"{[#SC2][#TP1]}.{#SC2=CCC[$],#TP1=OC[$]}"
Butanone,CC(=O)CC,{[#N5a]}.{#N5a=CCC(C)=O}
butene,CCC=C,{[#C4]}.{#C4=C=CCC}
butyl benzoate,CCCCOC(=O)c1ccccc1,"{[#C1][#SN4a][#TC5B]1[#TC5A][#TC5A]1}.{#C1=CCCC[$],#SN4a=O=C(O[$])[$],#TC5A=C(=C[$])[$],#TC5B=C(=C[$][$])[$]}"
butylamine,CCCCN,"{[#SC2][#TN6d]}.{#SC2=CCC[$],#TN6d=NC[$]}"
butyne,CCC#C,{[#C6r]}.{#C6r=C#CCC}
C1_ester_C1,CCCCCOC(=O)CCCC,"{[#C1][#N4a][#C1]}.{#C1=CCCC[$],#N4a=O=C(OC[$])[$]}"
C4h_ester_C4h,CCC=CCOC(=O)C=CCC,"{[#C4][#N4a][#C4]}.{#C4=CCC=C[$],#N4a=O=C(OC[$])[$]}"
Campsterol,O[C@@H]4CC3=CC[C@@H]1[C@H](CC[C@]2([C@H]1CC[C@@H]2[C@H](C)CC[C@@H](C)C(C)C)C)[C@@]3(C)CC4,"{[#SN6]3[#SC4]1=[#TC3][#TC5]12[#TC3][#SC4]2[#SC3][#C1][#C2]([#TC3]3)}.{#C1=CC(CC[$])[$],#C2=CC(C)C(C)[$],#SC3=C(C[$])C[$][$],#SC4=CC(C[$][$])[$][$],#SN6=OC(C[$])[$],#TC3=C(C[$])[$],#TC5=C(C[$][$])[$][$]}"
carbondioxide,O=C=O,{[#SC6]}.{#SC6=O=C=O}
chloro(trifluoromethyl)benzene,FC(F)(F)c1ccccc1Cl,"{[#SX4e][#SX3]1[#TC5][#TC5]1}.{#SX3=ClC(C[$][$])[$],#SX4e=FC(F)(F)[$],#TC5=C(C[$])[$]}"
Chlorobenzene,Clc1ccccc1,"{[#SX3]1[#TC5][#TC5]1}.{#SX3=ClC(=C[$])[$],#TC5=C(=C[$])[$]}"
chlorobromomethane,ClCBr,{[#SX2]}.{#SX2=ClCBr}
chloroethane,CCCl,{[#SX3]}.{#SX3=CCCl}
chlorofluoromethane,FCCl,{[#SX4]}.{#SX4=FCCl}
chloromethane,CCl,{[#TX3]}.{#TX3=CCl}
cinnoline,c1ccc2nnccc2c1,"{[#TC5B]1[#TC5B][#TC5e]12[#TN1a][#TC5A]2}.{#TC5A=C(=C[$])[$],#TC5B=C(C[$])[$],#TC5e=C(C[$][$])[$][$],#TN1a=N(=N[$])[$]}"
Cumene,CC(C)c1ccccc1,"{[#SC2][#TC5B]1[#TC5A][#TC5A]1}.{#SC2=CC(C)[$],#TC5A=C(=C[$])[$],#TC5B=C(=C[$][$])[$]}"
cyanamide,NC#N,{[#P4d]}.{#P4d=N#CN}
Cyclohexane,C1CCCCC1,{[#SC3][#SC3]}.{#SC3=C(C[$])C[$]}
Cyclohexene,C1CCccC1,"{[#TC3]1[#TC3][#TC5]1}.{#TC3=C(C[$])[$],#TC5=C(=C[$])[$]}"
Cyclopentane,C1CCCC1,"{[#TC3][#SC3]}.{#SC3=C(C[$])C[$],#TC3=C(C[$])[$]}"
Cyclopentanol,C1CCC(C1)O,"{[#SC3][#SN6]}.{#SC3=C(C[$])C[$],#SN6=OC(C[$])[$]}"
Cyclopentanone,C1CCC(=O)C1,"{[#SC3][#TN6a]}.{#SC3=C(C[$])C[$],#TN6a=O=C(C[$])[$]}"
Cyclopropane,C1CC1,{[#SC3]}.{#SC3=C1CC1}
D-fucose,CC1C(C(C(C(O1)O)O)O)O,"{[#TC4][#SN4a][#SC3][#TN6]([#TN6])([#TN6])([#TN6])}.{#SC3=C(C(C[$][$])[$])[$][$],#SN4a=O(C[$][$])C[$][$],#TC4=C[$],#TN6=O[$]}"
D-galactose,C(C1C(C(C(C(O1)O)O)O)O)O,"{[#TP1][#TN4a]1[#SP4][#SP4]1}.{#SP4=OC(C(O)[$])[$],#TN4a=O(C[$][$])[$],#TP1=OC[$]}"
D-glucose,C(C1C(C(C(C(O1)O)O)O)O)O,"{[#TP1][#TN4a]1[#SP4][#SP4]1}.{#SP4=OC(C(O)[$])[$],#TN4a=O(C[$][$])[$],#TP1=OC[$]}"
D-glucuronic acid,C1(C(C(OC(C1O)O)C(=O)O)O)O,"{[#SP4]1[#TN4a][#SP4]1([#SP2])}.{#SP2=O=C(O)[$],#SP4=OC(C(O)[$])[$],#TN4a=O(C[$][$])[$]}"
D-mannose,C(C1C(C(C(C(O1)O)O)O)O)O,"{[#TP1][#TN4a]1[#SP4][#SP4]1}.{#SP4=OC(C(O)[$])[$],#TN4a=O(C[$][$])[$],#TP1=OC[$]}"
D-Ribofuranose,C([C@@H]1[C@H]([C@H]([C@@H](O1)O)O)O)O,"{[#TP1][#TN4a]1[#SP4][#TN6]1}.{#SP4=OC(C(O)[$])[$],#TN4a=O(C[$][$])[$],#TN6=OC[$][$],#TP1=OC[$]}"
D-xylose,OCC1(C(C(C(O1)O)O)O),"{[#TP1][#TN4a]1[#SP4][#TN6]1}.{#SP4=OC(C(O)[$])[$],#TN4a=O(C[$][$])[$],#TN6=OC[$][$],#TP1=OC[$]}"
DAP_amine,CN(CC(COC(CCCC)=O)OC(CCCC)=O)C,"{[#SN3a][#N4aB][#N4aA][#C1]([#C1])}.{#C1=CCCC[$],#N4aA=O=C(OC[$])[$],#N4aB=O=C(OC[$][$])[$],#SN3a=CN(C)C[$]}"
dibromomethane,BrCBr,{[#SX1]}.{#SX1=BrCBr}
dichloromethane,ClCCl,{[#SX3h]}.{#SX3h=ClCCl}
diethylether,CCOCC,"{[#SN3r][#TC3]}.{#SN3r=CCO[$],#TC3=CC[$]}"
difluoromethane,FCF,{[#TX4]}.{#TX4=FCF}
diiodomethane,ICI,{[#X2]}.{#X2=ICI}
diisopropyl ehter,CC(C)OC(C)C,"{[#SC2][#N3r]}.{#N3r=CC(C)O[$],#SC2=CC(C)[$]}"
diisopropylsufide,CC(C)SC(C)C,"{[#SC2][#SC6]}.{#SC2=CC(C)[$],#SC6=CC(C)S[$]}"
Dimethoxyethane,COCCOC,{[#SN3r][#SN3r]}.{#SN3r=COC[$]}
dimethyl-sulfide,CSC,{[#SC6]}.{#SC6=CSC}
dimethylacetamide,CN(C)C(C)=O,"{[#SN1][#SN4a]}.{#SN1=CN(C)[$],#SN4a=CC(=O)[$]}"
dimethylamine,CNC,{[#SN1]}.{#SN1=CNC}
dimethylethylamine,CCN(C)C,{[#N3a]}.{#N3a=CCN(C)C}
dimethylsulfoxide,C[S](C)=O,{[#P4]}.{#P4=CS(C)=O}
DMG,O=C(CCCC)OCC(OC(CCCC)=O)COCCOC,"{[#N4a][#C1]([#SN3r][#SN4a][#C1]([#N3r]))}.{#C1=CCCC[$],#N3r=COCC[$],#N4a=O=C(OC[$])[$],#SN3r=C(O[$])C[$][$],#SN4a=O=C(O[$])[$]}"
dodecane,CCCCCCCCCCCC,"{[#C1B][#C1A][#C1B]}.{#C1A=C(CC[$])C[$],#C1B=CCCC[$]}"
Double_ester_long,CCCCCC(=O)OCCOC(=O)CCCCC,"{[#C1][#SN4a][#P4][#SN4a][#C1]}.{#C1=CCCC[$],#P4=C(CO[$])O[$],#SN4a=O=C(C[$])[$]}"
Double_ester_long_branched,CCCCC(=O)OCCOC(=O)C(C)C,"{[#C1][#N4a][#N4a][#SC2]}.{#C1=CCCC[$],#N4a=O=C(OC[$])[$],#SC2=CC(C)[$]}"
Ergosterol,O[C@@H]4CC3=CC=C1[C@H](CC[C@]2([C@H]1CC[C@@H]2[C@@H](C=C[C@H](C)C(C)C)C)C)[C@@]3(C)CC4,"{[#SN6]3[#SC4]1=[#TC5A]=[#TC5B]12[#TC3][#SC4]2[#SC3][#C4][#C2]([#TC3]3)}.{#C2=CC(C)C(C)[$],#C4=CC(C=C[$])[$],#SC3=C(C[$])C[$][$],#SC4=CC(C[$][$])[$][$],#SN6=OC(C[$])[$],#TC3=C(C[$])[$],#TC5A=C(C[$])[$],#TC5B=C(C[$][$])[$][$]}"
Ester_branched3,CCCCC(CCCC)OC(=O)CCCCC,"{[#C1][#N4a][#C1]([#C1])}.{#C1=CCCC[$],#N4a=O=C(C[$])OC[$][$]}"
Ester_branched_long_sat,CCCCCCCCCC(CCCCCCCCC)OC(=O)CCCCC,"{[#C1B][#C1A][#SC2][#C1A][#C1B]([#SN4a][#C1B])}.{#C1A=C(CC[$])C[$],#C1B=CCCC[$],#SC2=C(C(C[$])[$])[$],#SN4a=O=C(C[$])O[$]}"
Ester_branched_long_unsat,CCC=CCCCCCC(CCCCCC=CCC)OC(=O)CCCCC,"{[#C4][#C1A][#SC2][#C1A][#C4]([#SN4a][#C1B])}.{#C1A=C(CC[$])C[$],#C1B=CCCC[$],#C4=CCC=C[$],#SC2=C(C(C[$])[$])[$],#SN4a=O=C(C[$])O[$]}"
ethanal,CC=O,{[#SN4a]}.{#SN4a=CC=O}
ethane,CC,{[#TC3]}.{#TC3=CC}
Ethanol,CCO,{[#SP1]}.{#SP1=CCO}
Ethene,C=C,{[#TC5]}.{#TC5=C=C}
Ether_0,CCOCC(CN(C)C)OCC,"{[#N3rA][#N3rB][#SN3a]}.{#N3rA=CCOC[$],#N3rB=CCOC[$][$],#SN3a=CN(C)C[$]}"
Ether_link_sat,COCCCCCCCCC,"{[#N3r][#C1][#SC2]}.{#C1=C(CC[$])C[$],#N3r=COCC[$],#SC2=CCC[$]}"
Ether_link_unsat,COCCCCCCC=CC,"{[#N3r][#C1][#SC4]}.{#C1=C(CC[$])C[$],#N3r=COCC[$],#SC4=CC=C[$]}"
ethyl benzoate,CCOC(=O)c1ccccc1,"{[#SN3r][#TN4a][#TC5B]1[#TC5A][#TC5A]1}.{#SN3r=CCO[$],#TC5A=C(=C[$])[$],#TC5B=C(=C[$][$])[$],#TN4a=O=C[$][$]}"
Ethyl-benzene,CCc1ccccc1,"{[#TC3][#TC5B]1[#TC5A][#TC5A]1}.{#TC3=CC[$],#TC5A=C(=C[$])[$],#TC5B=C(=C[$][$])[$]}"
ethylacetate,CCOC(C)=O,"{[#SN3r][#SN4a]}.{#SN3r=CCO[$],#SN4a=CC(=O)[$]}"
Ethylamine,CCN,{[#SN6d]}.{#SN6d=CCN}
Ethylbenzene,CCc1ccccc1,"{[#TC3][#TC5B]1[#TC5A][#TC5A]1}.{#TC3=CC[$],#TC5A=C(=C[$])[$],#TC5B=C(=C[$][$])[$]}"
formamide,NC=O,{[#SP5]}.{#SP5=NC=O}
Fructofuranose,C([C@H]1[C@@H]([C@H]([C@@](O1)(CO)O)O)O)O,"{[#TP1][#TN4a]1[#SP4][#TN6]1[#TP1]}.{#SP4=OC(C(O)[$])[$],#TN4a=O(C[$][$])[$],#TN6=OC[$][$][$],#TP1=OC[$]}"
Furan,c1ccoc1,"{[#TC5]1[#TC5][#TN2a]1}.{#TC5=C(=C[$])[$],#TN2a=O[$][$]}"
glycine,NCC(O)=O,{[#P6]}.{#P6=NCC(=O)O}
hepta-2-one,CCCCCC(=O)C,"{[#C1][#SN5a]}.{#C1=CCCC[$],#SN5a=CC(=O)C[$]}"
heptanal,CCCCCCC=O,"{[#C1][#N6a]}.{#C1=CCCC[$],#N6a=O=CCC[$]}"
heptanol,CCCCCCCO,"{[#C1][#P1]}.{#C1=CCCC[$],#P1=OCCC[$]}"
hexa-2-one,CCCCC(=O)C,"{[#C1][#SN4a]}.{#C1=CCCC[$],#SN4a=CC(=O)[$]}"
"hexa-l,4-diene",CC=CC=CC,{[#SC4][#SC4]}.{#SC4=CC=C[$]}
hexadecane,CCCCCCCCCCCCCCCC,"{[#C1B][#C1A][#C1A][#C1B]}.{#C1A=C(CC[$])C[$],#C1B=CCCC[$]}"
hexanal,CCCCCC=O,"{[#C1][#SN4a]}.{#C1=CCCC[$],#SN4a=O=CC[$]}"
hexane,CCCCCC,{[#SC2][#SC2]}.{#SC2=CCC[$]}
hexanol,CCCCCCO,"{[#C1][#SP1]}.{#C1=CCCC[$],#SP1=OCC[$]}"
hexene,CCCCC=C,"{[#SC2][#SC4]}.{#SC2=CCC[$],#SC4=C=CC[$]}"
hexyne,CCCCC#C,"{[#SC2][#SC6r]}.{#SC2=CCC[$],#SC6r=C#CC[$]}"
Inositol,C1(C(C(C(C(C1O)O)O)O)O)O,{[#SP4]1[#SP4][#SP4]1}.{#SP4=OC(C(O)[$])[$]}
Iodobenzene,c1ccc(cc1)I,"{[#TC5]1[#X1][#TC5]1}.{#TC5=C(=C[$])[$],#X1=IC(=C[$])[$]}"
iodoethane,CCI,{[#X1]}.{#X1=CCI}
iodomethane,CI,{[#SX1]}.{#SX1=CI}
iso-butyl acetate,CC(C)COC(C)=O,"{[#SC2][#N4a]}.{#N4a=CC(=O)OC[$],#SC2=CC(C)[$]}"
isobutanal,CC(C)C=O,{[#N4a]}.{#N4a=CC(C)C=O}
Isobutyramide_Isobutanamide,O=C(N)C(C)C,"{[#SP5][#SC2]}.{#SC2=CC(C)[$],#SP5=NC(=O)[$]}"
isopropanol,CC(C)O,{[#P1]}.{#P1=CC(C)O}
isoquinoline,c1ccc2cnccc2c1,"{[#TC5B]1[#TC5B][#TC5e]12[#TN6a][#TC5A]2}.{#TC5A=C(=C[$])[$],#TC5B=C(C[$])[$],#TC5e=C(C[$][$])[$][$],#TN6a=C(=N[$])[$]}"
KC1_amine,CN(CC1OC(CCCC)(CCCCC)OC1)C,"{[#SN3a][#TC3A][#SN5a][#C1]([#SC2][#TC3B])}.{#C1=CCCC[$],#SC2=C(C[$])C[$],#SN3a=CN(C)C[$],#SN5a=O(C(O[$])[$][$])[$],#TC3A=C(C[$][$])[$],#TC3B=CC[$]}"
KC2_amine,CN(CCC1OC(CCCC)(CCCCC)OC1)C,"{[#N3a][#TC3A][#SN5a][#C1]([#SC2][#TC3B])}.{#C1=CCCC[$],#N3a=CN(C)CC[$],#SC2=C(C[$])C[$],#SN5a=O(C(O[$])[$][$])[$],#TC3A=C(C[$][$])[$],#TC3B=CC[$]}"
L-rhamnose,CC1C(C(C(C(O1)O)O)O)O,"{[#TC4][#SN4a][#SC3][#TN6]([#TN6])([#TN6])([#TN6])}.{#SC3=C(C(C[$][$])[$])[$][$],#SN4a=O(C[$][$])C[$][$],#TC4=C[$],#TN6=O[$]}"
Lactose,C([C@@H]1[C@@H]([C@@H]([C@H]([C@@H](O1)O[C@@H]2[C@H](O[C@H]([C@@H]([C@H]2O)O)O)CO)O)O)O)O,"{[#TP1][#TN4a]1[#SP4A][#SP4B]1[#SN6]2[#TN4a][#SP4A]2([#TP1])}.{#SN6=OC(C[$][$])[$],#SP4A=OC(C(O)[$])[$],#SP4B=OC(C(O[$])[$])[$],#TN4a=O(C[$][$])[$],#TP1=OC[$]}"
m-Xylene,Cc1cccc(c1)C,"{[#SC4]1[#TC5][#SC4]1}.{#SC4=CC(=C[$])[$],#TC5=C(=C[$])[$]}"
MC3_amine,CCCCC(CCCC)OC(=O)CCCN(C)C,"{[#C1][#N4a][#C1]([#SC2][#SN1])}.{#C1=CCCC[$],#N4a=O=C(OC[$][$])[$],#SC2=C(C[$])C[$],#SN1=CN(C)[$]}"
Mesitylene,Cc1cc(cc(c1)C)C,{[#SC4]1[#SC4][#SC4]1}.{#SC4=CC(=C[$])[$]}
methacrylamide,C=C(C)C(=O)N,"{[#SC4][#SP5]}.{#SC4=C=C(C)[$],#SP5=NC(=O)[$]}"
methacrylic acid,C=C(C)C(=O)O,"{[#SC4][#SP2]}.{#SC4=C=C(C)[$],#SP2=O=C(O)[$]}"
methanol,CO,{[#TP1]}.{#TP1=CO}
Methoxybenzene,COc1ccccc1,"{[#TN2a][#TC5B]1[#TC5A][#TC5A]1}.{#TC5A=C(=C[$])[$],#TC5B=C(=C[$][$])[$],#TN2a=CO[$]}"
Methoxyethane,COC,{[#SN3r]}.{#SN3r=COC}
methoxymethane,COC,{[#SN3r]}.{#SN3r=COC}
methyl 2-methylbenzoate,COC(=O)c1ccccc1C,"{[#N4a][#SC4]1[#TC5][#TC5]1}.{#N4a=COC(=O)[$],#SC4=CC(C[$][$])[$],#TC5=C(C[$])[$]}"
methyl 4-bromobenzoate,COC(=O)c1ccc(Br)cc1,"{[#N4a][#TC5B]1[#SX2][#TC5A]1}.{#N4a=COC(=O)[$],#SX2=BrC(=C[$])[$],#TC5A=C(=C[$])[$],#TC5B=C(=C[$][$])[$]}"
methyl acetate,COC(C)=O,{[#N4a]}.{#N4a=COC(C)=O}
Methyl acrylate,O=C(OC)C=C,"{[#N4a][#TC5]}.{#N4a=COC(=O)[$],#TC5=C=C[$]}"
methyl formate,COC=O,{[#N4a]}.{#N4a=COC=O}
Methyl isobutyrate,O=C(OC)C(C)(C),"{[#N4a][#SC2]}.{#N4a=COC(=O)[$],#SC2=CC(C)[$]}"
Methyl methacrylate,O=C(OC)C(=C)(C),"{[#N4a][#SC4]}.{#N4a=COC(=O)[$],#SC4=C=C(C)[$]}"
Methyl propanoate,O=C(OC)CC,"{[#N4a][#TC3]}.{#N4a=COC(=O)[$],#TC3=CC[$]}"
methyl vinyl ketone,C=CC(=O)C,{[#N5a]}.{#N5a=C=CC(C)=O}
Methyl-benzoate,COC(=O)c1ccccc1,"{[#N4a][#TC5B]1[#TC5A][#TC5A]1}.{#N4a=COC(=O)[$],#TC5A=C(=C[$])[$],#TC5B=C(=C[$][$])[$]}"
methylamine,CN,{[#TN6d]}.{#TN6d=CN}
Methylcyclopentane,CC1CCCC1,"{[#SC3B][#SC3A]}.{#SC3A=C(C[$])C[$],#SC3B=CC(C[$])[$]}"
methylhydrazine,CNN,{[#P5d]}.{#P5d=CNN}
"n,n,2-trimethylaniline",CN(C)c1ccccc1C,"{[#SN1][#SC4]1[#TC5][#TC5]1}.{#SC4=CC(C[$][$])[$],#SN1=CN(C)[$],#TC5=C(C[$])[$]}"
"N,N-dimethylaniline",CN(C)c1ccccc1,"{[#SN1][#TC5B]1[#TC5A][#TC5A]1}.{#SN1=CN(C)[$],#TC5A=C(=C[$])[$],#TC5B=C(=C[$][$])[$]}"
"N,N-dimethylformamide",CN(C)C=O,{[#P3a]}.{#P3a=CN(C)C=O}
N-acetylglucosamine,O=C(N[C@@H]1[C@@H](O)[C@H](O)[C@H](O[C@H]1O)CO)C,"{[#SP3][#SN6]1[#SP4][#TN4a]1[#TP1]}.{#SN6=OC(C[$][$])[$],#SP3=CC(=O)N[$],#SP4=OC(C(O)[$])[$],#TN4a=O(C[$][$])[$],#TP1=OC[$]}"
N-acetylneuraminic acid,CC(=O)NC1C(CC(OC1C(C(CO)O)O)(C(=O)O)O)O,"{[#SP3][#SN6B]1[#SN6A][#TN4a]1[#TP1][#P4]([#SP2])}.{#P4=OCC(O)[$],#SN6A=OC(C[$])[$][$],#SN6B=OC(C[$][$])[$],#SP2=O=C(O)[$],#SP3=CC(=O)N[$],#TN4a=O(C[$][$])[$],#TP1=OC[$][$]}"
n-butyl acetate,CCCCOC(C)=O,"{[#C1][#SN4a]}.{#C1=CCCC[$],#SN4a=CC(=O)O[$]}"
n-heptamine,CCCCCCCN,"{[#C1][#N6d]}.{#C1=CCCC[$],#N6d=NCCC[$]}"
n-hexylamine,CCCCCCN,"{[#C1][#SN6d]}.{#C1=CCCC[$],#SN6d=NCC[$]}"
N-hydroxybenzenesulfonamide,ON[S](=O)(=O)c1ccccc1,"{[#P4][#TC5B]1[#TC5A][#TC5A]1}.{#P4=O=S(=O)(NO)[$],#TC5A=C(=C[$])[$],#TC5B=C(=C[$][$])[$]}"
N-octanol,CCCCCCCCO,"{[#SC2B][#SC2A][#SP1]}.{#SC2A=C(C[$])C[$],#SC2B=CCC[$],#SP1=OCC[$]}"
n-octylamine,CCCCCCCCN,"{[#SC2B][#SC2A][#SN6d]}.{#SC2A=C(C[$])C[$],#SC2B=CCC[$],#SN6d=NCC[$]}"
n-pentylamine,CCCCCN,"{[#SC2][#SN6d]}.{#SC2=CCC[$],#SN6d=NCC[$]}"
n-propylamine,CCCN,{[#N6d]}.{#N6d=CCCN}
n4-dimethylbenzenesulfonamide,CN[S](=O)(=O)c1ccc(C)cc1,"{[#P4][#TC5B]1[#SC4][#TC5A]1}.{#P4=CNS(=O)(=O)[$],#SC4=CC(=C[$])[$],#TC5A=C(=C[$])[$],#TC5B=C(=C[$][$])[$]}"
Naphtalene,c1ccc2ccccc2c1,"{[#TC5B]1[#TC5B][#TC5e]12[#TC5A][#TC5A]2}.{#TC5A=C(=C[$])[$],#TC5B=C(C[$])[$],#TC5e=C(C[$][$])[$][$]}"
naphthalen-1-amine,Nc1cccc2ccccc12,"{[#SN6d]1[#TC5A][#TC5e]12[#TC5B][#TC5B]2}.{#SN6d=NC(=C[$])[$],#TC5A=C(=C[$])[$],#TC5B=C(C[$])[$],#TC5e=C(C[$][$])[$][$]}"
naphthalen-1-ol,Oc1cccc2ccccc12,"{[#SN6]1[#TC5A][#TC5e]12[#TC5B][#TC5B]2}.{#SN6=OC(=C[$])[$],#TC5A=C(=C[$])[$],#TC5B=C(C[$])[$],#TC5e=C(C[$][$])[$][$]}"
naphthalen-2-amine,Nc1ccc2ccccc2c1,"{[#SN6d]1[#TC5B][#TC5e]12[#TC5A][#TC5A]2}.{#SN6d=NC(C[$])[$],#TC5A=C(=C[$])[$],#TC5B=C(C[$])[$],#TC5e=C(C[$][$])[$][$]}"
naphthalen-2-ol,Oc1ccc2ccccc2c1,"{[#SN6]1[#TC5B][#TC5e]12[#TC5A][#TC5A]2}.{#SN6=OC(C[$])[$],#TC5A=C(=C[$])[$],#TC5B=C(C[$])[$],#TC5e=C(C[$][$])[$][$]}"
Nitrobenzene,c1ccc(cc1)[N+](=O)[O-],"{[#TC5A]1[#TC5B][#TC5A]1([#SN3a])}.{#SN3a=O=[N+]([O-])[$],#TC5A=C(=C[$])[$],#TC5B=C(=C[$][$])[$]}"
o-Xylene,Cc1c(C)cccc1,"{[#SC4]1[#SC4][#TC5]1}.{#SC4=CC(C[$])[$],#TC5=C(C[$])[$]}"
octan-2-one,CCCCCCC(C)=O,"{[#C1][#N5a]}.{#C1=CCCC[$],#N5a=CC(=O)CC[$]}"
octane,CCCCCCCC,{[#C1][#C1]}.{#C1=CCCC[$]}
octene,CCCCCCC=C,"{[#C1][#C4]}.{#C1=CCCC[$],#C4=C=CCC[$]}"
octyne,CCCCCCC#C,"{[#C1][#C6r]}.{#C1=CCCC[$],#C6r=C#CCC[$]}"
ortho-Methylanisole,COc1ccccc1C,"{[#TN2a][#TC5B]1[#TC5A][#SC4]1}.{#SC4=CC(=C[$])[$],#TC5A=C(=C[$])[$],#TC5B=C(=C[$][$])[$],#TN2a=CO[$]}"
p-Cresol,Cc1ccc(O)cc1,"{[#TC4]1[#TC5B][#TN6][#TC5A]1}.{#TC4=CC[$][$],#TC5A=C(=C[$])[$],#TC5B=C(C[$])[$],#TN6=OC[$][$]}"
p-Cymene,c1cc(ccc1C(C)C)C,"{[#TC5B]1[#SC4][#TC5A]1([#SC2])}.{#SC2=CC(C)[$],#SC4=CC(C[$])[$],#TC5A=C(C[$])[$],#TC5B=C(C[$][$])[$]}"
p-Xylene,Cc1ccc(C)cc1,"{[#TC4]1[#TC5B][#TC4][#TC5A]1}.{#TC4=CC[$][$],#TC5A=C(=C[$])[$],#TC5B=C(C[$])[$]}"
Para-benzoquinone,c1cc(=O)ccc1=O,"{[#TC5]1[#TN6a][#TC5][#TN6a]1}.{#TC5=C(=C[$])[$],#TN6a=O=C[$][$]}"
Phenol,Oc1ccccc1,"{[#SN6]1[#TC5][#TC5]1}.{#SN6=OC(=C[$])[$],#TC5=C(=C[$])[$]}"
Piperazine,C1CN(C)CCN1CCCCC,"{[#TN6d]1[#SN1][#TC3A]1([#SC2][#TC3B])}.{#SC2=C(C[$])C[$],#SN1=CN(C[$])[$],#TC3A=C(C[$])[$],#TC3B=CC[$],#TN6d=C(N[$][$])[$]}"
Piperidine,C1CCNCC1,"{[#SC3][#SN6d]}.{#SC3=C(C[$])C[$],#SN6d=C(NC[$])[$]}"
prop-2-en-1-ol,OCC=C,"{[#TP1d][#TC5]}.{#TC5=C=C[$],#TP1d=OC[$]}"
"propa-1,2-diene",[CH2]=[C]=[CH2],{[#SC5]}.{#SC5=C=C=C}
propanal,CCC=O,{[#N6a]}.{#N6a=CCC=O}
propanamide,CCC(N)=O,{[#P5]}.{#P5=CCC(N)=O}
propane,CCC,{[#SC2]}.{#SC2=CCC}
propane-1-thiol,CCCS,"{[#TC3][#TC6]}.{#TC3=CC[$],#TC6=SC[$]}"
Propane_branched,CC(C)CC(C)CC(C),"{[#SC2A][#SC2B][#SC2C]}.{#SC2A=CC(C)[$],#SC2B=CC(C[$])[$],#SC2C=CCC[$]}"
Propaneamide,CCC(=O)N,{[#P5]}.{#P5=CCC(N)=O}
propanoic,CCC(O)=O,{[#P2]}.{#P2=CCC(=O)O}
propanone,CC(C)=O,{[#SN5a]}.{#SN5a=CC(C)=O}
Propene,C=C-C,{[#SC4]}.{#SC4=C=CC}
propionic acid,CCC(=O)O,{[#P2]}.{#P2=CCC(=O)O}
Propyl-benzene,CCCc1ccccc1,"{[#SC2][#TC5B]1[#TC5A][#TC5A]1}.{#SC2=CCC[$],#TC5A=C(=C[$])[$],#TC5B=C(=C[$][$])[$]}"
Propyl-benzoate,CCCOC(=O)c1ccccc1,"{[#SC2][#SN4a][#TC5B]1[#TC5A][#TC5A]1}.{#SC2=CCC[$],#SN4a=O=C(O[$])[$],#TC5A=C(=C[$])[$],#TC5B=C(=C[$][$])[$]}"
propyne,CC#C,{[#SC6r]}.{#SC6r=C#CC}
Pyridazine,c1ccnnc1,"{[#TC5]1[#TC5][#TN1a]1}.{#TC5=C(C[$])[$],#TN1a=N(N[$])[$]}"
"pyridazine, 3,6-dichloro-",Clc1ccc(Cl)nn1,"{[#TX3]1[#TC5][#TX3][#TN1a]1}.{#TC5=C(C[$])[$],#TN1a=N(=N[$])[$],#TX3=ClC[$][$]}"
Pyridine,c1cccnc1,"{[#TC5]1[#TC5][#TN6a]1}.{#TC5=C(=C[$])[$],#TN6a=C(=N[$])[$]}"
Pyrrole,[nH]1cccc1,"{[#TN6d]1[#TC5][#TC5]1}.{#TC5=C(=C[$])[$],#TN6d=N[$][$]}"
Pyrrolidine,C1CCNC1,"{[#SC3][#TN6d]}.{#SC3=C(C[$])C[$],#TN6d=C(N[$])[$]}"
quinolin-8-ol,Oc1cccc2cccnc12,"{[#SN6]1[#TC5A][#TC5e]12[#TC5B][#TN6a]2}.{#SN6=OC(=C[$])[$],#TC5A=C(=C[$])[$],#TC5B=C(C[$])[$],#TC5e=C(C[$][$])[$][$],#TN6a=C(N[$])[$]}"
quinoline,c1ccc2ncccc2c1,"{[#TC5B]1[#TC5B][#TC5e]12[#TN6a][#TC5A]2}.{#TC5A=C(=C[$])[$],#TC5B=C(C[$])[$],#TC5e=C(C[$][$])[$][$],#TN6a=C(=N[$])[$]}"
SC1_ester_SC1,CCCCC(=O)OCCCC,"{[#C1][#SN4a][#C1]}.{#C1=CCCC[$],#SN4a=O=C(O[$])[$]}"
Squaramide,C1(=C(C(=O)C1=O)N(C))NCCC(N(CCCCC)CCCCC),"{[#TC5][#SP4]([#TN5])([#N5][#SN1][#C1]([#C1]))}.{#C1=CCCC[$],#N5=C(CN[$])C[$],#SN1=C(N(C[$])[$])[$],#SP4=O=C(C(=O)[$])[$],#TC5=C(=C[$][$])[$][$],#TN5=CN[$]}"
Stigmasterol,CCC(C=CC(C)C1CCC2C1(CCC3C2CC=C4C3(CCC(C4)O)C)C)C(C)C,"{[#SC2B][#C4][#TC3B][#SC3]1[#TC3A][#TC5]12[#TC3A]=[#SC4]23[#TC3A][#SN6]3([#SC2A])}.{#C4=CC(C=C[$])[$],#SC2A=CC(C)[$],#SC2B=CCC[$][$],#SC3=CC(C(C[$])[$])[$][$],#SC4=CC(C[$][$])[$][$],#SN6=OC(C[$])[$],#TC3A=C(C[$])[$],#TC3B=C(C[$][$])[$],#TC5=C(C[$][$])[$][$]}"
Styrene,c1ccccc1C=C,"{[#TC5A]1[#TC5A][#TC5B]1[#TC5C]}.{#TC5A=C(=C[$])[$],#TC5B=C(=C[$][$])[$],#TC5C=C=C[$]}"
Succerose,O1[C@H](CO)[C@@H](O)[C@H](O)[C@@H](O)[C@H]1O[C@@]2(O[C@@H]([C@@H](O)[C@@H]2O)CO)CO,"{[#TN4a]1[#TP1]([#SP4A][#SP4B]1[#SN4a][#SP4A]([#TP1])([#TP1]))}.{#SN4a=O(C[$][$])C[$][$][$],#SP4A=OC(C(O)[$])[$],#SP4B=OC(C(O[$])[$])[$],#TN4a=O(C[$][$])[$],#TP1=OC[$]}"
t-butyl acetate,CC(=O)OC(C)(C)C,"{[#SN4a][#SC1]}.{#SC1=CC(C)(C)[$],#SN4a=CC(=O)O[$]}"
tetrachloromethane,C(Cl)(Cl)(Cl)(Cl),{[#X1]}.{#X1=ClC(Cl)(Cl)Cl}
Tetrahydrofuran,C1CCOC1,"{[#SC3][#TN4a]}.{#SC3=C(C[$])C[$],#TN4a=C(O[$])[$]}"
Tetrahydropyran,O1CCCCC1,"{[#SN4a][#SC3]}.{#SC3=C(C[$])C[$],#SN4a=C(OC[$])[$]}"
Tetrahydrothiophene,S1CCCC1,"{[#SC6][#TC3]}.{#SC6=C(SC[$])[$],#TC3=C(C[$])[$]}"
Thiazole,n1ccsc1,"{[#TN6a]1[#TC5][#TC6]1}.{#TC5=C(=C[$])[$],#TC6=S[$][$],#TN6a=C(=N[$])[$]}"
Thiophene,c1ccsc1,"{[#TC5]1[#TC5][#TC6]1}.{#TC5=C(=C[$])[$],#TC6=S[$][$]}"
Thiophenol,Sc1ccccc1,"{[#SC6]1[#TC5][#TC5]1}.{#SC6=SC(=C[$])[$],#TC5=C(=C[$])[$]}"
Threhalose,OC[C@@H]1[C@@H](O)[C@H](O)[C@@H](O)[C@H](O1)O[C@@H]2[C@H](O)[C@@H](O)[C@H](O)[C@H](O2)CO,"{[#TP1][#TN4a]1[#SP4A][#SP4B]1[#SN4a]2[#SP4A][#TN6]2([#TP1])}.{#SN4a=O(C[$][$])C[$][$],#SP4A=OC(C(O)[$])[$],#SP4B=OC(C(O[$])[$])[$],#TN4a=O(C[$][$])[$],#TN6=OC[$][$],#TP1=OC[$]}"
Toluene,Cc1ccccc1,"{[#SC4]1[#TC5][#TC5]1}.{#SC4=CC(=C[$])[$],#TC5=C(=C[$])[$]}"
trichloroethylene,ClC=C(Cl)Cl,{[#X3h]}.{#X3h=ClC=C(Cl)Cl}
trichloromethane,ClC(Cl)Cl,{[#X2]}.{#X2=ClC(Cl)Cl}
trifluoroethanol,OCC(F)(F)(F),"{[#TP1d][#SX4e]}.{#SX4e=FC(F)(F)[$],#TP1d=OC[$]}"
triglyme,COCCOCCOCCOC,"{[#N3r][#P4][#N3r]}.{#N3r=COCC[$],#P4=C(CO[$])O[$]}"
trimethylamine,CN(C)C,{[#SN3a]}.{#SN3a=CN(C)C}
Triple_amine_0_0_0,CN(C)CCCN(C)CCCN(C)(C),"{[#SN1][#SC2][#TN3a][#SC2][#SN1]}.{#SC2=C(C[$])C[$],#SN1=CN(C)[$],#TN3a=CN[$][$]}"
vinylchloride,ClC=C,{[#SX3]}.{#SX3=C=CCl}
C(=CI)Br,C(=CI)Br,"{[#SX2]=[#SX1]}.{#SX1=IC[$],#SX2=BrC[$]}"
C(C(CBr)Cl)Cl,C(C(CBr)Cl)Cl,"{[#TX3A][#TX3B][#SX2]}.{#SX2=BrC[$],#TX3A=ClC[$],#TX3B=ClC[$][$]}"
C(C(CBr)I)Cl,C(C(CBr)I)Cl,"{[#TX3][#SX1][#SX2]}.{#SX1=IC[$][$],#SX2=BrC[$],#TX3=ClC[$]}"
C(C(CBr)S)Br,C(C(CBr)S)Br,"{[#SX2][#TC6][#SX2]}.{#SX2=BrC[$],#TC6=SC[$][$]}"
C(C(CCl)Br)F,C(C(CCl)Br)F,"{[#TX4e][#SX2][#TX3]}.{#SX2=BrC[$][$],#TX3=ClC[$],#TX4e=FC[$]}"
C(C(CCl)CCl)N,C(C(CCl)CCl)N,"{[#TN6d][#SX3][#TX3]}.{#SX3=ClCC[$][$],#TN6d=NC[$],#TX3=ClC[$]}"
C(C(CCl)N)F,C(C(CCl)N)F,"{[#TX4e][#TN6d][#TX3]}.{#TN6d=NC[$][$],#TX3=ClC[$],#TX4e=FC[$]}"
C(C(CCl)O)Cl,C(C(CCl)O)Cl,"{[#TX3][#TP1d][#TX3]}.{#TP1d=OC[$][$],#TX3=ClC[$]}"
C(C(CCl)O)F,C(C(CCl)O)F,"{[#TX4e][#TP1d][#TX3]}.{#TP1d=OC[$][$],#TX3=ClC[$],#TX4e=FC[$]}"
C(C(CCl)S)Cl,C(C(CCl)S)Cl,"{[#TX3][#TC6][#TX3]}.{#TC6=SC[$][$],#TX3=ClC[$]}"
C(C(CF)Cl)F,C(C(CF)Cl)F,"{[#TX4e][#TX3][#TX4e]}.{#TX3=ClC[$][$],#TX4e=FC[$]}"
C(C(CI)Br)O,C(C(CI)Br)O,"{[#TP1][#SX2][#SX1]}.{#SX1=IC[$],#SX2=BrC[$][$],#TP1=OC[$]}"
C(C(CN)CS)N,C(C(CN)CS)N,"{[#TN6d][#SN6d][#TC6]}.{#SN6d=NCC[$][$],#TC6=SC[$],#TN6d=NC[$]}"
C(C(CN)O)N,C(C(CN)O)N,"{[#TN6d][#TP1d][#TN6d]}.{#TN6d=NC[$],#TP1d=OC[$][$]}"
C(C(CO)Br)N,C(C(CO)Br)N,"{[#TN6d][#SX2][#TP1d]}.{#SX2=BrC[$][$],#TN6d=NC[$],#TP1d=OC[$]}"
C(C(CO)N)N,C(C(CO)N)N,"{[#TN6dA][#TN6dB][#TP1d]}.{#TN6dA=NC[$],#TN6dB=NC[$][$],#TP1d=OC[$]}"
C(C(CS)CS)S,C(C(CS)CS)S,"{[#TC6][#SC6][#TC6]}.{#SC6=SCC[$][$],#TC6=SC[$]}"
C(C(CS)O)F,C(C(CS)O)F,"{[#TX4e][#TP1d][#TC6]}.{#TC6=SC[$],#TP1d=OC[$][$],#TX4e=FC[$]}"
C(C(CS)S)O,C(C(CS)S)O,"{[#TP1][#TC6B][#TC6A]}.{#TC6A=SC[$],#TC6B=SC[$][$],#TP1=OC[$]}"
C(C(F)(F)F)F,C(C(F)(F)F)F,"{[#TX4e][#SX4e]}.{#SX4e=FC(F)(F)[$],#TX4e=FC[$]}"
C(C(F)(F)F)N,C(C(F)(F)F)N,"{[#TN6d][#SX4e]}.{#SX4e=FC(F)(F)[$],#TN6d=NC[$]}"
C(C(F)(F)F)O,C(C(F)(F)F)O,"{[#TP1d][#SX4e]}.{#SX4e=FC(F)(F)[$],#TP1d=OC[$]}"
C(C=CBr)N,C(C=CBr)N,"{[#TN6d][#SX1]}.{#SX1=BrC=C[$],#TN6d=NC[$]}"
C(C=CCI)I,C(C=CCI)I,{[#X1]=[#X1]}.{#X1=ICC[$]}
C(CBr)C(Cl)Cl,C(CBr)C(Cl)Cl,"{[#X2][#SX3h]}.{#SX3h=ClC(Cl)[$],#X2=BrCC[$]}"
C(CBr)C=N,C(CBr)C=N,"{[#X2][#TN2]}.{#TN2=N=C[$],#X2=BrCC[$]}"
C(CBr)NCCI,C(CBr)NCCI,"{[#TN6d][#SX2]([#X1])}.{#SX2=BrC[$],#TN6d=C(N[$])[$],#X1=ICC[$]}"
C(CC(Cl)Cl)CF,C(CC(Cl)Cl)CF,"{[#X4e][#SX3h]}.{#SX3h=ClC(Cl)[$],#X4e=FCCC[$]}"
C(CC(Cl)Cl)CO,C(CC(Cl)Cl)CO,"{[#P1][#SX3h]}.{#P1=OCCC[$],#SX3h=ClC(Cl)[$]}"
C(CC(F)F)CI,C(CC(F)F)CI,"{[#X1][#TX4]}.{#TX4=FC(F)[$],#X1=ICCC[$]}"
C(CC(O)O)CI,C(CC(O)O)CI,"{[#X1][#P4]}.{#P4=OC(O)[$],#X1=ICCC[$]}"
C(CC=O)CBr,C(CC=O)CBr,"{[#X2][#SN4a]}.{#SN4a=O=CC[$],#X2=BrCC[$]}"
C(CC=O)CO,C(CC=O)CO,"{[#SP1][#SN4a]}.{#SN4a=O=CC[$],#SP1=OCC[$]}"
C(CCBr)CBr,C(CCBr)CBr,{[#X2][#X2]}.{#X2=BrCC[$]}
C(CCCBr)CCO,C(CCCBr)CCO,"{[#P1][#X2]}.{#P1=OCCC[$],#X2=BrCCC[$]}"
C(CCCCl)CCO,C(CCCCl)CCO,"{[#P1][#X3]}.{#P1=OCCC[$],#X3=ClCCC[$]}"
C(CCCl)CO,C(CCCl)CO,"{[#SP1][#SX3]}.{#SP1=OCC[$],#SX3=ClCC[$]}"
C(CCCS)CCN,C(CCCS)CCN,"{[#N6d][#TC3][#TC6]}.{#N6d=NCCC[$],#TC3=C(C[$])[$],#TC6=SC[$]}"
C(CCF)CF,C(CCF)CF,{[#SX4e][#SX4e]}.{#SX4e=FCC[$]}
C(CCI)CBr,C(CCI)CBr,"{[#X2][#X1]}.{#X1=ICC[$],#X2=BrCC[$]}"
C(CCl)CBr,C(CCl)CBr,"{[#SX3][#SX2]}.{#SX2=BrC[$],#SX3=ClCC[$]}"
C(CCl)CCl,C(CCl)CCl,"{[#SX3][#TX3]}.{#SX3=ClCC[$],#TX3=ClC[$]}"
C(CCN)CCS,C(CCN)CCS,"{[#N6d][#SC6]}.{#N6d=NCCC[$],#SC6=SCC[$]}"
C(CCO)CCBr,C(CCO)CCBr,"{[#P1][#X2]}.{#P1=OCCC[$],#X2=BrCC[$]}"
C(CCO)CN,C(CCO)CN,"{[#SN6d][#SP1]}.{#SN6d=NCC[$],#SP1=OCC[$]}"
C(CCS)CS,C(CCS)CS,{[#SC6][#SC6]}.{#SC6=SCC[$]}
C(CF)NCCI,C(CF)NCCI,"{[#TN6d][#TX4e]([#X1])}.{#TN6d=C(N[$])[$],#TX4e=FC[$],#X1=ICC[$]}"
C(CI)CI,C(CI)CI,"{[#X1][#SX1]}.{#SX1=IC[$],#X1=ICC[$]}"
C(CI)I,C(CI)I,{[#SX1][#SX1]}.{#SX1=IC[$]}
C(CI)S,C(CI)S,"{[#TC6][#SX1]}.{#SX1=IC[$],#TC6=SC[$]}"
C(CN)CBr,C(CN)CBr,"{[#SN6d][#SX2]}.{#SN6d=NCC[$],#SX2=BrC[$]}"
C(CN)CCl,C(CN)CCl,"{[#SN6d][#TX3]}.{#SN6d=NCC[$],#TX3=ClC[$]}"
C(CNCCBr)N,C(CNCCBr)N,"{[#SN6d][#TN6d][#SX2]}.{#SN6d=NCC[$],#SX2=BrC[$],#TN6d=C(N[$])[$]}"
C(CO)NCCO,C(CO)NCCO,"{[#TN6d][#TP1d]([#SP1])}.{#SP1=OCC[$],#TN6d=C(N[$])[$],#TP1d=OC[$]}"
C(COCCBr)N,C(COCCBr)N,"{[#SN6d][#TP1d][#SX2]}.{#SN6d=NCC[$],#SX2=BrC[$],#TP1d=C(O[$])[$]}"
C(COCCF)N,C(COCCF)N,"{[#SN6d][#TP1d][#TX4e]}.{#SN6d=NCC[$],#TP1d=C(O[$])[$],#TX4e=FC[$]}"
C(COCCN)N,C(COCCN)N,"{[#SN6d][#TP1d][#TN6d]}.{#SN6d=NCC[$],#TN6d=NC[$],#TP1d=C(O[$])[$]}"
C(COCCO)O,C(COCCO)O,"{[#SP1][#P4]}.{#P4=OCCO[$],#SP1=OCC[$]}"
C(COCN)CS,C(COCN)CS,"{[#SC6][#TP1d][#TN6d]}.{#SC6=SCC[$],#TN6d=NC[$],#TP1d=C(O[$])[$]}"
C(CS)CBr,C(CS)CBr,"{[#SC6][#SX2]}.{#SC6=SCC[$],#SX2=BrC[$]}"
C(CS)OC=O,C(CS)OC=O,"{[#SC6][#SN4a]}.{#SC6=SCC[$],#SN4a=O=CO[$]}"
C(CS)OCO,C(CS)OCO,"{[#SC6][#SP2]}.{#SC6=SCC[$],#SP2=OCO[$]}"
C(CSCCCl)N,C(CSCCCl)N,"{[#SN6d][#TC6][#TX3]}.{#SN6d=NCC[$],#TC6=C(S[$])[$],#TX3=ClC[$]}"
C(CSCCN)N,C(CSCCN)N,"{[#SN6d][#TC6][#TN6d]}.{#SN6d=NCC[$],#TC6=C(S[$])[$],#TN6d=NC[$]}"
C(F)(Cl)(Cl)Br,C(F)(Cl)(Cl)Br,{[#X1]}.{#X1=FC(Cl)(Cl)Br}
C(I)I,C(I)I,{[#X2]}.{#X2=ICI}
C(NC=O)Cl,C(NC=O)Cl,"{[#TX3][#SP3]}.{#SP3=O=CN[$],#TX3=ClC[$]}"
C(O)OCOCO,C(O)OCOCO,"{[#P2][#SP2]}.{#P2=OCOC[$],#SP2=OCO[$]}"
C(O)OCS,C(O)OCS,"{[#SP2][#TC6]}.{#SP2=OCO[$],#TC6=SC[$]}"
C(O)OOC=O,C(O)OOC=O,"{[#SP2][#SN4a]}.{#SN4a=O=CO[$],#SP2=OCO[$]}"
C(P)(P)(Cl)Cl,C(P)(P)(Cl)Cl,{[#X1]}.{#X1=PC(P)(Cl)Cl}
C1=CN=NC=N1,C1=CN=NC=N1,"{[#TC5]1[#TN1a][#TN6a]1}.{#TC5=C(=C[$])[$],#TN1a=N(=N[$])[$],#TN6a=C(=N[$])[$]}"
C1C(CO1)Cl,C1C(CO1)Cl,"{[#SN4a][#TX3]}.{#SN4a=C(OC[$])[$],#TX3=ClC[$][$]}"
C1CC1CCN,C1CC1CCN,"{[#SC3][#SN6d]}.{#SC3=C1CC1[$],#SN6d=NCC[$]}"
C1CC1CS,C1CC1CS,"{[#SC3][#TC6]}.{#SC3=C1CC1[$],#TC6=SC[$]}"
C1CCNNC1,C1CCNNC1,"{[#SC3A][#SC3B]}.{#SC3A=C(C[$])C[$],#SC3B=C(NN[$])[$]}"
C1CNSSC1,C1CNSSC1,"{[#TC3]1[#TN6d][#TC6]1}.{#TC3=C(C[$])[$],#TC6=S(S[$])[$],#TN6d=C(N[$])[$]}"
C1COC1Br,C1COC1Br,"{[#SX2][#TN4a]}.{#SX2=BrC(C[$])[$],#TN4a=C(O[$])[$]}"
C1CONCO1,C1CONCO1,"{[#SN3aA][#SN3aB]}.{#SN3aA=C(OC[$])[$],#SN3aB=C(ON[$])[$]}"
C1CSSS1,C1CSSS1,"{[#TC3]1[#TC6A][#TC6B]1}.{#TC3=C(C[$])[$],#TC6A=S(S[$])[$],#TC6B=S[$][$]}"
C1NNCNN1,C1NNCNN1,{[#SC3][#SC3]}.{#SC3=C(NN[$])[$]}
C1OOOOO1,C1OOOOO1,"{[#SC3A][#SC3B]}.{#SC3A=C(OO[$])[$],#SC3B=O(O[$])O[$]}"
C=CCCC=C,C=CCCC=C,{[#SC4][#SC4]}.{#SC4=C=CC[$]}
C=CCCCl,C=CCCCl,"{[#SC4][#TX3]}.{#SC4=C=CC[$],#TX3=ClC[$]}"
C=CCCCN,C=CCCCN,"{[#SC4][#SN6d]}.{#SC4=C=CC[$],#SN6d=NCC[$]}"
C=CCCCO,C=CCCCO,"{[#SC4][#SP1]}.{#SC4=C=CC[$],#SP1=OCC[$]}"
C=CCI,C=CCI,"{[#TC5][#SX1]}.{#SX1=IC[$],#TC5=C=C[$]}"
C=CNCCN,C=CNCCN,"{[#SN5][#SN6d]}.{#SN5=C=CN[$],#SN6d=NCC[$]}"
C=NCCCCl,C=NCCCCl,"{[#SN1a][#SX3]}.{#SN1a=C=NC[$],#SX3=ClCC[$]}"
C=NCCCN,C=NCCCN,"{[#SN1a][#SN6d]}.{#SN1a=C=NC[$],#SN6d=NCC[$]}"
C[C@H]([C@@H](C)Cl)Cl,C[C@H]([C@@H](C)Cl)Cl,{[#SX3][#SX3]}.{#SX3=CC(Cl)[$]}
CC(C(C)O)O,CC(C(C)O)O,{[#SP1][#SP1]}.{#SP1=CC(O)[$]}
CC(C(F)Cl)Cl,CC(C(F)Cl)Cl,"{[#SX3][#SX4]}.{#SX3=CC(Cl)[$],#SX4=FC(Cl)[$]}"
CC(C(F)F)Cl,CC(C(F)F)Cl,"{[#SX3][#TX4]}.{#SX3=CC(Cl)[$],#TX4=FC(F)[$]}"
CC(C(F)F)F,CC(C(F)F)F,"{[#SX4e][#TX4]}.{#SX4e=CC(F)[$],#TX4=FC(F)[$]}"
CC(C(F)F)O,CC(C(F)F)O,"{[#SP1][#TX4]}.{#SP1=CC(O)[$],#TX4=FC(F)[$]}"
CC(C(O)O)N,CC(C(O)O)N,"{[#SN6d][#P4]}.{#P4=OC(O)[$],#SN6d=CC(N)[$]}"
CC(C)C(C)N,CC(C)C(C)N,"{[#SC2][#SN6d]}.{#SC2=CC(C)[$],#SN6d=CC(N)[$]}"
CC(C)C(C)O,CC(C)C(C)O,"{[#SC2][#SP1]}.{#SC2=CC(C)[$],#SP1=CC(O)[$]}"
CC(C)C(I)I,CC(C)C(I)I,"{[#SC2][#X2]}.{#SC2=CC(C)[$],#X2=IC(I)[$]}"
CC(C)CCCBr,CC(C)CCCBr,"{[#SC2][#X2]}.{#SC2=CC(C)[$],#X2=BrCCC[$]}"
CC(C)COOC,CC(C)COOC,"{[#SC2][#TP1dA][#TP1dB]}.{#SC2=CC(C)[$],#TP1dA=C(O[$])[$],#TP1dB=CO[$]}"
CC(C)CSCO,CC(C)CSCO,"{[#SC2][#TC6][#TP1d]}.{#SC2=CC(C)[$],#TC6=C(S[$])[$],#TP1d=OC[$]}"
CC(C)CSSC,CC(C)CSSC,"{[#SC2][#TC6A][#TC6B]}.{#SC2=CC(C)[$],#TC6A=C(S[$])[$],#TC6B=CS[$]}"
CC(C)NCCBr,CC(C)NCCBr,"{[#SC2][#TN6d][#SX2]}.{#SC2=CC(C)[$],#SX2=BrC[$],#TN6d=C(N[$])[$]}"
CC(C)OCCS,CC(C)OCCS,"{[#SC2][#TP1d][#TC6]}.{#SC2=CC(C)[$],#TC6=SC[$],#TP1d=C(O[$])[$]}"
CC(C)SCCN,CC(C)SCCN,"{[#SC2][#TC6][#TN6d]}.{#SC2=CC(C)[$],#TC6=C(S[$])[$],#TN6d=NC[$]}"
CC(C)SCOC,CC(C)SCOC,"{[#SC2][#TC6][#TP1d]}.{#SC2=CC(C)[$],#TC6=C(S[$])[$],#TP1d=CO[$]}"
CC(CCCBr)F,CC(CCCBr)F,"{[#SX4e][#X2]}.{#SX4e=CC(F)[$],#X2=BrCCC[$]}"
CC(CCCI)Br,CC(CCCI)Br,"{[#X2][#X1]}.{#X1=ICCC[$],#X2=CC(Br)[$]}"
CC(CCCl)Cl,CC(CCCl)Cl,"{[#SX3A][#SX3B]}.{#SX3A=CC(Cl)[$],#SX3B=ClCC[$]}"
CC(CCCl)N,CC(CCCl)N,"{[#SN6d][#SX3]}.{#SN6d=CC(N)[$],#SX3=ClCC[$]}"
CC(CCCO)N,CC(CCCO)N,"{[#SN6d][#P1]}.{#P1=OCCC[$],#SN6d=CC(N)[$]}"
CC(CCCO)O,CC(CCCO)O,"{[#SP1][#P1]}.{#P1=OCCC[$],#SP1=CC(O)[$]}"
CC(CCCS)N,CC(CCCS)N,"{[#SN6d][#TC3][#TC6]}.{#SN6d=CC(N)[$],#TC3=C(C[$])[$],#TC6=SC[$]}"
CC(CCF)CBr,CC(CCF)CBr,"{[#X2][#SX4e]}.{#SX4e=FCC[$],#X2=CC(CBr)[$]}"
CC(CCF)NC,CC(CCF)NC,"{[#N5][#SX4e]}.{#N5=CNC(C)[$],#SX4e=FCC[$]}"
CC(CCNC)Cl,CC(CCNC)Cl,"{[#SX3][#N5]}.{#N5=CNCC[$],#SX3=CC(Cl)[$]}"
CC(CF)CF,CC(CF)CF,"{[#X4e][#TX4e]}.{#TX4e=FC[$],#X4e=CC(CF)[$]}"
CC(CNN)N,CC(CNN)N,"{[#SN6d][#P5d]}.{#P5d=NNC[$],#SN6d=CC(N)[$]}"
CC(CO)CBr,CC(CO)CBr,"{[#P1][#SX2]}.{#P1=CC(CO)[$],#SX2=BrC[$]}"
CC(CO)OCO,CC(CO)OCO,"{[#P1][#SP2]}.{#P1=CC(CO)[$],#SP2=OCO[$]}"
CC(COC)CF,CC(COC)CF,"{[#X4e][#SN3r]}.{#SN3r=COC[$],#X4e=CC(CF)[$]}"
CC(COC)NC,CC(COC)NC,"{[#N5][#SN3r]}.{#N5=CNC(C)[$],#SN3r=COC[$]}"
CC(COC)SC,CC(COC)SC,"{[#TC3][#SN3r]([#TC6])}.{#SN3r=COC[$],#TC3=CC[$][$],#TC6=CS[$]}"
CC(COCO)O,CC(COCO)O,"{[#SP1][#P2]}.{#P2=OCOC[$],#SP1=CC(O)[$]}"
CC(CS)CBr,CC(CS)CBr,"{[#TC3][#TC6]([#SX2])}.{#SX2=BrC[$],#TC3=CC[$][$],#TC6=SC[$]}"
CC(NC)SC,CC(NC)SC,"{[#N5][#TC6]}.{#N5=CNC(C)[$],#TC6=CS[$]}"
CC1CCC1C,CC1CCC1C,"{[#TC4]1[#TC3][#TC4]1}.{#TC3=C(C[$])[$],#TC4=CC[$][$]}"
CC1COOC1,CC1COOC1,"{[#TC4]1[#TN4a][#TN4a]1}.{#TC4=CC[$][$],#TN4a=C(O[$])[$]}"
CC=CCCBr,CC=CCCBr,"{[#SC4][#X2]}.{#SC4=CC=C[$],#X2=BrCC[$]}"
CC=CCCl,CC=CCCl,"{[#SC4][#TX3]}.{#SC4=CC=C[$],#TX3=ClC[$]}"
CC=CCCS,CC=CCCS,"{[#SC4][#SC6]}.{#SC4=CC=C[$],#SC6=SCC[$]}"
CCC(C)C(C)C,CCC(C)C(C)C,"{[#C1][#SC2]}.{#C1=CCC(C)[$],#SC2=CC(C)[$]}"
CCC(C)CCF,CCC(C)CCF,"{[#C1][#SX4e]}.{#C1=CCC(C)[$],#SX4e=FCC[$]}"
CCC(C)CN,CCC(C)CN,"{[#C1][#TN6d]}.{#C1=CCC(C)[$],#TN6d=NC[$]}"
CCC(C)COC,CCC(C)COC,"{[#C1][#SN3r]}.{#C1=CCC(C)[$],#SN3r=COC[$]}"
CCC(C)OCO,CCC(C)OCO,"{[#C1][#SP2]}.{#C1=CCC(C)[$],#SP2=OCO[$]}"
CCC(C)SC,CCC(C)SC,"{[#C1][#TC6]}.{#C1=CCC(C)[$],#TC6=CS[$]}"
CCC(CBr)NC,CCC(CBr)NC,"{[#SC2][#SX2]([#TN5])}.{#SC2=CCC[$][$],#SX2=BrC[$],#TN5=CN[$]}"
CCC(CC)CCl,CCC(CC)CCl,"{[#SC2][#TC3]([#TX3])}.{#SC2=CCC[$][$],#TC3=CC[$],#TX3=ClC[$]}"
CCC(CC)S,CCC(CC)S,"{[#TC3][#TC6][#TC3]}.{#TC3=CC[$],#TC6=SC[$][$]}"
CCC(CC)SCC,CCC(CC)SCC,"{[#SC2][#TC3]([#SC6])}.{#SC2=CCC[$][$],#SC6=CCS[$],#TC3=CC[$]}"
CCC(CCCl)Br,CCC(CCCl)Br,"{[#X2][#SX3]}.{#SX3=ClCC[$],#X2=CCC(Br)[$]}"
CCC(CCCl)N,CCC(CCCl)N,"{[#N6d][#SX3]}.{#N6d=CCC(N)[$],#SX3=ClCC[$]}"
CCC(CCl)NC,CCC(CCl)NC,"{[#SC2][#TX3]([#TN5])}.{#SC2=CCC[$][$],#TN5=CN[$],#TX3=ClC[$]}"
CCC(CCl)OC,CCC(CCl)OC,"{[#SC2][#TX3]([#TN3r])}.{#SC2=CCC[$][$],#TN3r=CO[$],#TX3=ClC[$]}"
CCC(CCN)S,CCC(CCN)S,"{[#TC3][#TC6][#SN6d]}.{#SN6d=NCC[$],#TC3=CC[$],#TC6=SC[$][$]}"
CCC(CCS)Cl,CCC(CCS)Cl,"{[#X3][#SC6]}.{#SC6=SCC[$],#X3=CCC(Cl)[$]}"
CCC(CCS)S,CCC(CCS)S,"{[#TC3][#TC6][#SC6]}.{#SC6=SCC[$],#TC3=CC[$],#TC6=SC[$][$]}"
CCC(CF)Cl,CCC(CF)Cl,"{[#X3][#TX4e]}.{#TX4e=FC[$],#X3=CCC(Cl)[$]}"
CCC(CF)O,CCC(CF)O,"{[#P1][#TX4e]}.{#P1=CCC(O)[$],#TX4e=FC[$]}"
CCC(CN)CO,CCC(CN)CO,"{[#SC2][#TN6d]([#TP1])}.{#SC2=CCC[$][$],#TN6d=NC[$],#TP1=OC[$]}"
CCC(CN)O,CCC(CN)O,"{[#P1][#TN6d]}.{#P1=CCC(O)[$],#TN6d=NC[$]}"
CCC(CO)Br,CCC(CO)Br,"{[#X2][#TP1]}.{#TP1=OC[$],#X2=CCC(Br)[$]}"
CCC(CO)CS,CCC(CO)CS,"{[#SC2][#TP1]([#TC6])}.{#SC2=CCC[$][$],#TC6=SC[$],#TP1=OC[$]}"
CCC(CO)S,CCC(CO)S,"{[#TC3][#TC6][#TP1]}.{#TC3=CC[$],#TC6=SC[$][$],#TP1=OC[$]}"
CCC(CS)F,CCC(CS)F,"{[#X4e][#TC6]}.{#TC6=SC[$],#X4e=CCC(F)[$]}"
CCC(N)NCC,CCC(N)NCC,"{[#N6d][#SN5]}.{#N6d=CCC(N)[$],#SN5=CCN[$]}"
CCC(NC)Cl,CCC(NC)Cl,"{[#X3][#TN5]}.{#TN5=CN[$],#X3=CCC(Cl)[$]}"
CCC(NCC)O,CCC(NCC)O,"{[#P1][#SN5]}.{#P1=CCC(O)[$],#SN5=CCN[$]}"
CCC(OC)F,CCC(OC)F,"{[#X4e][#TN3r]}.{#TN3r=CO[$],#X4e=CCC(F)[$]}"
CCC=C.CC=CC,CCC=C,{[#C4]}.{#C4=C=CCC}
CCCC(C)(C)C,CCCC(C)(C)C,"{[#SC2][#SC1]}.{#SC1=CC(C)(C)[$],#SC2=CCC[$]}"
CCCC(C)Br,CCCC(C)Br,"{[#SC2][#X2]}.{#SC2=CCC[$],#X2=CC(Br)[$]}"
CCCC(C)CCC,CCCC(C)CCC,"{[#SC2][#TC3][#SC2]}.{#SC2=CCC[$],#TC3=CC[$][$]}"
CCCC(C)CF,CCCC(C)CF,"{[#SC2][#X4e]}.{#SC2=CCC[$],#X4e=CC(CF)[$]}"
CCCC(C)CO,CCCC(C)CO,"{[#SC2][#P1]}.{#P1=CC(CO)[$],#SC2=CCC[$]}"
CCCC(C)S,CCCC(C)S,"{[#SC2][#SC6]}.{#SC2=CCC[$],#SC6=CC(S)[$]}"
CCCC(CBr)Cl,CCCC(CBr)Cl,"{[#SC2][#TX3][#SX2]}.{#SC2=CCC[$],#SX2=BrC[$],#TX3=ClC[$][$]}"
CCCC(CBr)F,CCCC(CBr)F,"{[#SC2][#TX4e][#SX2]}.{#SC2=CCC[$],#SX2=BrC[$],#TX4e=FC[$][$]}"
CCCC(CC)Br,CCCC(CC)Br,"{[#SC2][#X2]}.{#SC2=CCC[$],#X2=CCC(Br)[$]}"
CCCC(CCC)Br,CCCC(CCC)Br,"{[#SC2][#SX2][#SC2]}.{#SC2=CCC[$],#SX2=BrC[$][$]}"
CCCC(CCC)S,CCCC(CCC)S,"{[#SC2][#TC6][#SC2]}.{#SC2=CCC[$],#TC6=SC[$][$]}"
CCCC(CI)O,CCCC(CI)O,"{[#SC2][#TP1d][#SX1]}.{#SC2=CCC[$],#SX1=IC[$],#TP1d=OC[$][$]}"
CCCC(CN)F,CCCC(CN)F,"{[#SC2][#TX4e][#TN6d]}.{#SC2=CCC[$],#TN6d=NC[$],#TX4e=FC[$][$]}"
CCCC(CO)F,CCCC(CO)F,"{[#SC2][#TX4e][#TP1d]}.{#SC2=CCC[$],#TP1d=OC[$],#TX4e=FC[$][$]}"
CCCC(NC)O,CCCC(NC)O,"{[#SC2][#TP1d][#TN6d]}.{#SC2=CCC[$],#TN6d=CN[$],#TP1d=OC[$][$]}"
CCCC(O)O,CCCC(O)O,"{[#SC2][#P4]}.{#P4=OC(O)[$],#SC2=CCC[$]}"
CCCCC(C)I,CCCCC(C)I,"{[#C1][#X1]}.{#C1=CCCC[$],#X1=CC(I)[$]}"
CCCCCCCI,CCCCCCCI,"{[#C1][#X1]}.{#C1=CCCC[$],#X1=ICCC[$]}"
CCCCCCCN,CCCCCCCN,"{[#C1][#N6d]}.{#C1=CCCC[$],#N6d=NCCC[$]}"
CCCCCCOC,CCCCCCOC,"{[#C1][#N3r]}.{#C1=CCCC[$],#N3r=COCC[$]}"
CCCCCl,CCCCCl,"{[#SC2][#TX3]}.{#SC2=CCC[$],#TX3=ClC[$]}"
CCCCCNCBr,CCCCCNCBr,"{[#C1][#TN6d][#SX2]}.{#C1=CCCC[$],#SX2=BrC[$],#TN6d=C(N[$])[$]}"
CCCCCNOC,CCCCCNOC,"{[#C1][#TN6d][#TP1d]}.{#C1=CCCC[$],#TN6d=C(N[$])[$],#TP1d=CO[$]}"
CCCCCOC,CCCCCOC,"{[#C1][#SN3r]}.{#C1=CCCC[$],#SN3r=COC[$]}"
CCCCCOCN,CCCCCOCN,"{[#C1][#TP1d][#TN6d]}.{#C1=CCCC[$],#TN6d=NC[$],#TP1d=C(O[$])[$]}"
CCCCCOCS,CCCCCOCS,"{[#C1][#TP1d][#TC6]}.{#C1=CCCC[$],#TC6=SC[$],#TP1d=C(O[$])[$]}"
CCCCNCCCl,CCCCNCCCl,"{[#C1][#TN6d][#TX3]}.{#C1=CCCC[$],#TN6d=C(N[$])[$],#TX3=ClC[$]}"
CCCCOC,CCCCOC,"{[#SC2][#SN3r]}.{#SC2=CCC[$],#SN3r=COC[$]}"
CCCCOCC,CCCCOCC,"{[#C1][#SN3r]}.{#C1=CCCC[$],#SN3r=CCO[$]}"
CCCCOCCCC,CCCCOCCCC,"{[#SC2][#SN3r][#SC2]}.{#SC2=CCC[$],#SN3r=C(OC[$])[$]}"
CCCCSCCBr,CCCCSCCBr,"{[#C1][#TC6][#SX2]}.{#C1=CCCC[$],#SX2=BrC[$],#TC6=C(S[$])[$]}"
CCCCSCNC,CCCCSCNC,"{[#C1][#TC6][#TN6d]}.{#C1=CCCC[$],#TC6=C(S[$])[$],#TN6d=CN[$]}"
CCCI,CCCI,{[#X1]}.{#X1=CCCI}
CCCN(C)OC,CCCN(C)OC,"{[#SC2][#TN6d][#TP1d]}.{#SC2=CCC[$],#TN6d=CN[$][$],#TP1d=CO[$]}"
CCCNCCBr,CCCNCCBr,"{[#N5][#X2]}.{#N5=CCCN[$],#X2=BrCC[$]}"
CCCNCCI,CCCNCCI,"{[#N5][#X1]}.{#N5=CCCN[$],#X1=ICC[$]}"
CCCNCCNC,CCCNCCNC,"{[#N5A][#N5B]}.{#N5A=CCCN[$],#N5B=CNCC[$]}"
CCCNCCS,CCCNCCS,"{[#N5][#SC6]}.{#N5=CCCN[$],#SC6=SCC[$]}"
CCCNCNC,CCCNCNC,"{[#N5][#SN1]}.{#N5=CCCN[$],#SN1=CNC[$]}"
CCCNSCCC,CCCNSCCC,"{[#N5][#TC6][#TC3]}.{#N5=CCCN[$],#TC3=CC[$],#TC6=C(S[$])[$]}"
CCCOC(C)F,CCCOC(C)F,"{[#N3r][#SX4e]}.{#N3r=CCCO[$],#SX4e=CC(F)[$]}"
CCCOC(C)N,CCCOC(C)N,"{[#N3r][#SN6d]}.{#N3r=CCCO[$],#SN6d=CC(N)[$]}"
CCCOC(O)O,CCCOC(O)O,"{[#N3r][#P4]}.{#N3r=CCCO[$],#P4=OC(O)[$]}"
CCCOCCCN,CCCOCCCN,"{[#N3r][#N6d]}.{#N3r=CCCO[$],#N6d=NCCC[$]}"
CCCOCNCC,CCCOCNCC,"{[#N3r][#N5]}.{#N3r=CCCO[$],#N5=CCNC[$]}"
CCCON(C)C,CCCON(C)C,"{[#N3r][#SN1]}.{#N3r=CCCO[$],#SN1=CN(C)[$]}"
CCCONCC,CCCONCC,"{[#N3r][#SN5]}.{#N3r=CCCO[$],#SN5=CCN[$]}"
CCCONNC,CCCONNC,"{[#N3r][#P5d]}.{#N3r=CCCO[$],#P5d=CNN[$]}"
CCCOSCCC,CCCOSCCC,"{[#N3r][#TC6][#TC3]}.{#N3r=CCCO[$],#TC3=CC[$],#TC6=C(S[$])[$]}"
CCCSCSC,CCCSCSC,"{[#TC3][#TC6][#SC6]}.{#SC6=CSC[$],#TC3=CC[$],#TC6=C(S[$])[$]}"
CCI(C)NC,CCI(C)NC,"{[#TC3][#SX1][#TN5]}.{#SX1=CI[$][$],#TC3=CC[$],#TN5=CN[$]}"
CCN(C)CCF,CCN(C)CCF,"{[#N3a][#SX4e]}.{#N3a=CCN(C)[$],#SX4e=FCC[$]}"
CCN(C)CCO,CCN(C)CCO,"{[#N3a][#SP1]}.{#N3a=CCN(C)[$],#SP1=OCC[$]}"
CCN(C)CSC,CCN(C)CSC,"{[#N3a][#SC6]}.{#N3a=CCN(C)[$],#SC6=CSC[$]}"
CCN(C)SC,CCN(C)SC,"{[#N3a][#TC6]}.{#N3a=CCN(C)[$],#TC6=CS[$]}"
CCN(CC)CN,CCN(CC)CN,"{[#SN3a][#TC3]([#TN6d])}.{#SN3a=CCN[$][$],#TC3=CC[$],#TN6d=NC[$]}"
CCN(CC)SC,CCN(CC)SC,"{[#SN3a][#TC3]([#TC6])}.{#SN3a=CCN[$][$],#TC3=CC[$],#TC6=CS[$]}"
CCN=NCC,CCN=NCC,{[#SN3a]=[#SN3a]}.{#SN3a=CCN[$]}
CCNC(C)CBr,CCNC(C)CBr,"{[#SN5][#X2]}.{#SN5=CCN[$],#X2=CC(CBr)[$]}"
CCNC(C)CCl,CCNC(C)CCl,"{[#SN5][#X3]}.{#SN5=CCN[$],#X3=CC(CCl)[$]}"
CCNC(C)N,CCNC(C)N,"{[#SN5][#SN6d]}.{#SN5=CCN[$],#SN6d=CC(N)[$]}"
CCNC(C)S,CCNC(C)S,"{[#SN5][#SC6]}.{#SC6=CC(S)[$],#SN5=CCN[$]}"
CCNC(Cl)Cl,CCNC(Cl)Cl,"{[#SN5][#SX3h]}.{#SN5=CCN[$],#SX3h=ClC(Cl)[$]}"
CCNC(O)O,CCNC(O)O,"{[#SN5][#P4]}.{#P4=OC(O)[$],#SN5=CCN[$]}"
CCNCC(C)F,CCNCC(C)F,"{[#N5][#SX4e]}.{#N5=CCNC[$],#SX4e=CC(F)[$]}"
CCNCCCCS,CCNCCCCS,"{[#N5][#TC3][#TC6]}.{#N5=CCNC[$],#TC3=C(C[$])[$],#TC6=SC[$]}"
CCNCCCN,CCNCCCN,"{[#N5][#SN6d]}.{#N5=CCNC[$],#SN6d=NCC[$]}"
CCNCI,CCNCI,"{[#SN5][#SX1]}.{#SN5=CCN[$],#SX1=IC[$]}"
CCNCN(C)C,CCNCN(C)C,"{[#N5][#SN1]}.{#N5=CCNC[$],#SN1=CN(C)[$]}"
CCNOCC,CCNOCC,"{[#SN5][#SN3r]}.{#SN3r=CCO[$],#SN5=CCN[$]}"
CCOC(C)Cl,CCOC(C)Cl,"{[#SN3r][#SX3]}.{#SN3r=CCO[$],#SX3=CC(Cl)[$]}"
CCOC(C)CO,CCOC(C)CO,"{[#SN3r][#P1]}.{#P1=CC(CO)[$],#SN3r=CCO[$]}"
CCOC(CO)O,CCOC(CO)O,"{[#SN3r][#P4]}.{#P4=OCC(O)[$],#SN3r=CCO[$]}"
CCOCC(C)F,CCOCC(C)F,"{[#N3r][#SX4e]}.{#N3r=CCOC[$],#SX4e=CC(F)[$]}"
CCOCC(Cl)Cl,CCOCC(Cl)Cl,"{[#N3r][#SX3h]}.{#N3r=CCOC[$],#SX3h=ClC(Cl)[$]}"
CCOCC=O,CCOCC=O,"{[#SN3r][#SN4a]}.{#SN3r=CCO[$],#SN4a=O=CC[$]}"
CCOCCCCCl,CCOCCCCCl,"{[#N3r][#X3]}.{#N3r=CCOC[$],#X3=ClCCC[$]}"
CCOCCCO,CCOCCCO,"{[#N3r][#SP1]}.{#N3r=CCOC[$],#SP1=OCC[$]}"
CCOCCNC,CCOCCNC,"{[#N3r][#SN1]}.{#N3r=CCOC[$],#SN1=CNC[$]}"
CCOCOCC,CCOCOCC,"{[#N3r][#SN3r]}.{#N3r=CCOC[$],#SN3r=CCO[$]}"
CCONC=O,CCONC=O,"{[#SN3r][#SP3]}.{#SN3r=CCO[$],#SP3=O=CN[$]}"
CCSC(C)O,CCSC(C)O,"{[#SC6][#SP1]}.{#SC6=CCS[$],#SP1=CC(O)[$]}"
CCSC=N,CCSC=N,"{[#SC6][#TN2]}.{#SC6=CCS[$],#TN2=N=C[$]}"
CCSCC=O,CCSCC=O,"{[#SC6][#SN4a]}.{#SC6=CCS[$],#SN4a=O=CC[$]}"
CCSCCCCl,CCSCCCCl,"{[#TC3][#TC6][#SX3]}.{#SX3=ClCC[$],#TC3=CC[$],#TC6=C(S[$])[$]}"
CCSCCCCN,CCSCCCCN,"{[#TC3][#TC6][#N6d]}.{#N6d=NCCC[$],#TC3=CC[$],#TC6=C(S[$])[$]}"
CCSCCN,CCSCCN,"{[#SC6][#SN6d]}.{#SC6=CCS[$],#SN6d=NCC[$]}"
CCSCCNC,CCSCCNC,"{[#TC3][#TC6][#SN1]}.{#SN1=CNC[$],#TC3=CC[$],#TC6=C(S[$])[$]}"
CCSCN(C)C,CCSCN(C)C,"{[#TC3][#TC6][#SN1]}.{#SN1=CN(C)[$],#TC3=CC[$],#TC6=C(S[$])[$]}"
CCSCN=C,CCSCN=C,"{[#SC6][#SN1a]}.{#SC6=CCS[$],#SN1a=C=NC[$]}"
CCSN(C)C,CCSN(C)C,"{[#SC6][#SN1]}.{#SC6=CCS[$],#SN1=CN(C)[$]}"
CN(C)CCCBr,CN(C)CCCBr,"{[#SN1][#X2]}.{#SN1=CN(C)[$],#X2=BrCCC[$]}"
CN(C)CCCS,CN(C)CCCS,"{[#SN1][#TC3][#TC6]}.{#SN1=CN(C)[$],#TC3=C(C[$])[$],#TC6=SC[$]}"
CN(C)CNCN,CN(C)CNCN,"{[#SN1][#TN6dA][#TN6dB]}.{#SN1=CN(C)[$],#TN6dA=C(N[$])[$],#TN6dB=NC[$]}"
CN(C)COC,CN(C)COC,"{[#SN1][#SN3r]}.{#SN1=CN(C)[$],#SN3r=COC[$]}"
CN(CI)CI,CN(CI)CI,"{[#TN6d][#SX1]([#SX1])}.{#SX1=IC[$],#TN6d=CN[$][$]}"
CN(CN)CI,CN(CN)CI,"{[#TN6dA][#TN6dB]([#SX1])}.{#SX1=IC[$],#TN6dA=CN[$][$],#TN6dB=NC[$]}"
CN(CO)OC,CN(CO)OC,"{[#TN6d][#TP1d]([#TN3r])}.{#TN3r=CO[$],#TN6d=CN[$][$],#TP1d=OC[$]}"
CN=CI,CN=CI,"{[#TN6d]=[#SX1]}.{#SX1=IC[$],#TN6d=CN[$]}"
CNC(NC)NC,CNC(NC)NC,"{[#SN1][#TN5]([#TN5])}.{#SN1=CNC[$][$],#TN5=CN[$]}"
CNC=CNC,CNC=CNC,{[#SN1]=[#SN1]}.{#SN1=CNC[$]}
CNCCC=O,CNCCC=O,"{[#SN1][#SN4a]}.{#SN1=CNC[$],#SN4a=O=CC[$]}"
CNCCCBr,CNCCCBr,"{[#SN1][#X2]}.{#SN1=CNC[$],#X2=BrCC[$]}"
CNCCCCBr,CNCCCCBr,"{[#N5][#X2]}.{#N5=CNCC[$],#X2=BrCC[$]}"
CNCCCCCCl,CNCCCCCCl,"{[#N5][#X3]}.{#N5=CNCC[$],#X3=ClCCC[$]}"
CNCCCNC,CNCCCNC,"{[#N5][#SN1]}.{#N5=CNCC[$],#SN1=CNC[$]}"
CNCCI,CNCCI,"{[#SN1][#SX1]}.{#SN1=CNC[$],#SX1=IC[$]}"
CNCCN(C)N,CNCCN(C)N,"{[#N5][#P5d]}.{#N5=CNCC[$],#P5d=CN(N)[$]}"
CNCNCCO,CNCNCCO,"{[#TN6dB][#TN6dA][#SP1]}.{#SP1=OCC[$],#TN6dA=C(N[$])[$],#TN6dB=CN[$]}"
CNCNCNCN,CNCNCNCN,"{[#TN6dB][#TN6dA][#TN6dA][#TN6dC]}.{#TN6dA=C(N[$])[$],#TN6dB=CN[$],#TN6dC=NC[$]}"
CNN(C)CCN,CNN(C)CCN,"{[#TN6dA][#TN6dB][#SN6d]}.{#SN6d=NCC[$],#TN6dA=CN[$],#TN6dB=CN[$][$]}"
CNN(C)SC,CNN(C)SC,"{[#TN6dA][#TN6dB][#TC6]}.{#TC6=CS[$],#TN6dA=CN[$],#TN6dB=CN[$][$]}"
CNN(CN)CN,CNN(CN)CN,"{[#P5d][#TN6d]([#TN6d])}.{#P5d=CNN[$][$],#TN6d=NC[$]}"
CNNCCCN,CNNCCCN,"{[#TN6dB][#TN6dA][#SN6d]}.{#SN6d=NCC[$],#TN6dA=C(N[$])[$],#TN6dB=CN[$]}"
COC=CBr,COC=CBr,"{[#SN3r]=[#SX2]}.{#SN3r=COC[$],#SX2=BrC[$]}"
COCC(O)OC,COCC(O)OC,"{[#SN3r][#P2]}.{#P2=COC(O)[$],#SN3r=COC[$]}"
COCCC(Cl)Cl,COCCC(Cl)Cl,"{[#N3r][#SX3h]}.{#N3r=COCC[$],#SX3h=ClC(Cl)[$]}"
COCCC(F)F,COCCC(F)F,"{[#N3r][#TX4]}.{#N3r=COCC[$],#TX4=FC(F)[$]}"
COCCCCO,COCCCCO,"{[#N3r][#SP1]}.{#N3r=COCC[$],#SP1=OCC[$]}"
COCCCCOC,COCCCCOC,{[#N3r][#N3r]}.{#N3r=COCC[$]}
COCCCOOC,COCCCOOC,"{[#N3r][#TP1dA][#TP1dB]}.{#N3r=COCC[$],#TP1dA=C(O[$])[$],#TP1dB=CO[$]}"
COCCCS,COCCCS,"{[#SN3r][#SC6]}.{#SC6=SCC[$],#SN3r=COC[$]}"
COCCl,COCCl,"{[#TP1d][#TX3]}.{#TP1d=CO[$],#TX3=ClC[$]}"
COCSC,COCSC,"{[#SN3r][#TC6]}.{#SN3r=COC[$],#TC6=CS[$]}"
COOCC(F)F,COOCC(F)F,"{[#TP1dB][#TP1dA][#TX4]}.{#TP1dA=C(O[$])[$],#TP1dB=CO[$],#TX4=FC(F)[$]}"
CSC(CN)O,CSC(CN)O,"{[#TC6][#TP1d][#TN6d]}.{#TC6=CS[$],#TN6d=NC[$],#TP1d=OC[$][$]}"
CSC(CO)O,CSC(CO)O,"{[#TC6][#TP1d][#TP1]}.{#TC6=CS[$],#TP1=OC[$],#TP1d=OC[$][$]}"
CSCCC(O)O,CSCCC(O)O,"{[#TC6][#TC3][#P4]}.{#P4=OC(O)[$],#TC3=C(C[$])[$],#TC6=CS[$]}"
CSCCCl,CSCCCl,"{[#SC6][#TX3]}.{#SC6=CSC[$],#TX3=ClC[$]}"
CSCCCS,CSCCCS,"{[#SC6A][#SC6B]}.{#SC6A=CSC[$],#SC6B=SCC[$]}"
CSCCCSSC,CSCCCSSC,"{[#TC6B][#TC3][#TC6A][#TC6B]}.{#TC3=C(C[$])[$],#TC6A=C(S[$])[$],#TC6B=CS[$]}"
CSCCSC,CSCCSC,{[#SC6][#SC6]}.{#SC6=CSC[$]}
CSCOCO,CSCOCO,"{[#SC6][#SP2]}.{#SC6=CSC[$],#SP2=OCO[$]}"
CSCSCSC,CSCSCSC,"{[#TC6B][#TC6A][#SC6]}.{#SC6=CSC[$],#TC6A=C(S[$])[$],#TC6B=CS[$]}"
CSCSSCSC,CSCSSCSC,"{[#TC6B][#TC6A][#TC6A][#TC6B]}.{#TC6A=C(S[$])[$],#TC6B=CS[$]}"
CSSCCCO,CSSCCCO,"{[#TC6B][#TC6A][#SP1]}.{#SP1=OCC[$],#TC6A=C(S[$])[$],#TC6B=CS[$]}"
CSSCCSSC,CSSCCSSC,"{[#TC6B][#TC6A][#TC6A][#TC6B]}.{#TC6A=C(S[$])[$],#TC6B=CS[$]}"
1MIMI,Cn1ccnc1,"{[#TN1]1[#TC5][#TN6a]1}.{#TC5=C(=C[$])[$],#TN1=CN[$][$],#TN6a=C(=N[$])[$]}"
2MPYR,Cc1ccccn1,"{[#SC4]1[#TC5][#TN6a]1}.{#SC4=CC(=C[$])[$],#TC5=C(=C[$])[$],#TN6a=C(=N[$])[$]}"
2NIMX,Cc1c(c(ccc1)C)[N+](=O)[O-],"{[#SC4B]1[#SC4A][#TC5]1([#SN3a])}.{#SC4A=CC(=C[$])[$],#SC4B=CC(=C[$][$])[$],#SN3a=O=[N+]([O-])[$],#TC5=C(=C[$])[$]}"
2NITL,Cc1ccccc1[N+](=O)[O-],"{[#SC4]1[#TC5A][#TC5B]1[#SN3a]}.{#SC4=CC(=C[$])[$],#SN3a=O=[N+]([O-])[$],#TC5A=C(=C[$])[$],#TC5B=C(=C[$][$])[$]}"
2T,c1cc(sc1)c2cccs2,"{[#TC5A]1[#TC5B][#TC6]1([#TC5B]2[#TC5A][#TC6]2)}.{#TC5A=C(=C[$])[$],#TC5B=C(=C[$][$])[$],#TC6=S[$][$]}"
3HT,CCCCCCc1ccsc1,"{[#SC2B][#SC2A][#TC5B]1[#TC5A][#TC6]1}.{#SC2A=C(C[$])C[$],#SC2B=CCC[$],#TC5A=C(=C[$])[$],#TC5B=C(=C[$][$])[$],#TC6=S[$][$]}"
3PT,CCCc1ccsc1,"{[#SC2][#TC5B]1[#TC5A][#TC6]1}.{#SC2=CCC[$],#TC5A=C(=C[$])[$],#TC5B=C(=C[$][$])[$],#TC6=S[$][$]}"
4MIMI,[nH]1cc(nc1)C,"{[#TN6d]1[#SC4][#TN6a]1}.{#SC4=CC(=C[$])[$],#TN6a=C(=N[$])[$],#TN6d=N[$][$]}"
4NIAN,COc1ccc(cc1)[N+](=O)[O-],"{[#TN2a][#TC5B]1[#TC5B][#TC5A]1([#SN3a])}.{#SN3a=O=[N+]([O-])[$],#TC5A=C(=C[$])[$],#TC5B=C(=C[$][$])[$],#TN2a=CO[$]}"
ACPH,CC(=O)c1ccccc1,"{[#SN4a][#TC5B]1[#TC5A][#TC5A]1}.{#SN4a=CC(=O)[$],#TC5A=C(=C[$])[$],#TC5B=C(=C[$][$])[$]}"
ANIL,Nc1ccccc1,"{[#SN6d]1[#TC5][#TC5]1}.{#SN6d=NC(=C[$])[$],#TC5=C(=C[$])[$]}"
ANTH,c1ccc2cc3ccccc3cc2c1,"{[#TC5B]2[#TC5B][#TC5C]3[#TC5D]1[#TC5A][#TC5A]1([#TC5C]23)}.{#TC5A=C(=C[$])[$],#TC5B=C(C[$])[$],#TC5C=C(C[$][$])[$],#TC5D=C(C[$][$])[$][$]}"
BEAL,O=Cc1ccccc1,"{[#TN4a][#TC5B]1[#TC5A][#TC5A]1}.{#TC5A=C(=C[$])[$],#TC5B=C(=C[$][$])[$],#TN4a=O=C[$]}"
BENZ,c1ccccc1,{[#TC5]1[#TC5][#TC5]1}.{#TC5=C(=C[$])[$]}
BRA,COc1ccc(cc1)Br,"{[#TN2a][#TC5B]1[#SX2][#TC5A]1}.{#SX2=BrC(=C[$])[$],#TC5A=C(=C[$])[$],#TC5B=C(=C[$][$])[$],#TN2a=CO[$]}"
BRBZ,c1ccc(cc1)Br,"{[#TC5]1[#SX2][#TC5]1}.{#SX2=BrC(=C[$])[$],#TC5=C(=C[$])[$]}"
BZDOL,Oc1cc(ccc1)O,"{[#SN6]1[#SN6][#TC5]1}.{#SN6=OC(=C[$])[$],#TC5=C(=C[$])[$]}"
BZIM,c1ccc2c(c1)[nH]cn2,"{[#TC5A]1[#TC5A][#TC5B]12[#TN6d][#TN6a]2}.{#TC5A=C(C[$])[$],#TC5B=C(C[$][$])[$][$],#TN6a=C(=N[$])[$],#TN6d=N[$][$]}"
BZNI,N#Cc1ccccc1,"{[#TN4a][#TC5B]1[#TC5A][#TC5A]1}.{#TC5A=C(=C[$])[$],#TC5B=C(=C[$][$])[$],#TN4a=N#C[$]}"
BZQU,c1cc(=O)ccc1=O,"{[#TC5]1[#TN6a][#TC5][#TN6a]1}.{#TC5=C(=C[$])[$],#TN6a=O=C[$][$]}"
BZTA,n1c2ccccc2sc1,"{[#TN6a]2[#TC5B]1[#TC5A][#TC5A]1([#TC6]2)}.{#TC5A=C(C[$])[$],#TC5B=C(C[$][$])[$][$],#TC6=S[$][$],#TN6a=C(=N[$])[$]}"
BZTF,c1ccc(cc1)C(F)(F)F,"{[#TC5A]1[#TC5B][#TC5A]1([#SX4e])}.{#SX4e=FC(F)(F)[$],#TC5A=C(=C[$])[$],#TC5B=C(=C[$][$])[$]}"
BZTH,c1c2ccccc2sc1,"{[#TC5A]2[#TC5C]1[#TC5B][#TC5B]1([#TC6]2)}.{#TC5A=C(=C[$])[$],#TC5B=C(C[$])[$],#TC5C=C(C[$][$])[$][$],#TC6=S[$][$]}"
CAFF,Cn1cnc2n(C)c(=O)n(C)c(=O)c12,"{[#TN1]1[#TN6aA][#TC5]12[#TN1][#TN6aB][#TN1][#TN6aB]2}.{#TC5=C(=C[$][$])[$][$],#TN1=CN[$][$],#TN6aA=C(=N[$])[$],#TN6aB=O=C[$][$]}"
CHEX,C1CCCCC1,{[#SC3][#SC3]}.{#SC3=C(C[$])C[$]}
CHEXE,C1CCccC1,"{[#TC3]1[#TC3][#TC5]1}.{#TC3=C(C[$])[$],#TC5=C(=C[$])[$]}"
CLBZ,Clc1ccccc1,"{[#SX3]1[#TC5][#TC5]1}.{#SX3=ClC(=C[$])[$],#TC5=C(=C[$])[$]}"
CLPR,CC(C)OC(=O)Nc1cc(ccc1)Cl,"{[#SC2][#SP2][#TC5B]1[#SX3][#TC5A]1}.{#SC2=CC(C)[$],#SP2=O=C(N[$])O[$],#SX3=ClC(C[$])[$],#TC5A=C(C[$])[$],#TC5B=C(C[$][$])[$]}"
CLTL,Cc1c(cccc1)Cl,"{[#SC4]1[#SX3][#TC5]1}.{#SC4=CC(C[$])[$],#SX3=ClC(C[$])[$],#TC5=C(C[$])[$]}"
CNAP,Clc2cccc1ccccc12,"{[#SX3]1[#TC5A][#TC5e]12[#TC5B][#TC5B]2}.{#SX3=ClC(=C[$])[$],#TC5A=C(=C[$])[$],#TC5B=C(C[$])[$],#TC5e=C(C[$][$])[$][$]}"
CPR,C1CC1,{[#SC3]}.{#SC3=C1CC1}
CUME,CC(C)c1ccccc1,"{[#SC2][#TC5B]1[#TC5A][#TC5A]1}.{#SC2=CC(C)[$],#TC5A=C(=C[$])[$],#TC5B=C(=C[$][$])[$]}"
CYPE,C1CCCC1,"{[#TC3][#SC3]}.{#SC3=C(C[$])C[$],#TC3=C(C[$])[$]}"
CYPO,C1CCC(=O)C1,"{[#SC3][#TN6a]}.{#SC3=C(C[$])C[$],#TN6a=O=C(C[$])[$]}"
CYPOL,C1CCC(C1)O,"{[#SC3][#SN6]}.{#SC3=C(C[$])C[$],#SN6=OC(C[$])[$]}"
DBRBZ,c1ccc(c(c1)Br)Br,"{[#TC5]1[#SX2][#SX2]1}.{#SX2=BrC(=C[$])[$],#TC5=C(=C[$])[$]}"
DCLBZ,Clc1cccc(Cl)c1,"{[#SX3]1[#TC5][#SX3]1}.{#SX3=ClC(=C[$])[$],#TC5=C(=C[$])[$]}"
DIOX,O1CCOCC1,{[#SN3a][#SN3a]}.{#SN3a=C(OC[$])[$]}
DMAN,CN(C)c1ccccc1,"{[#SN1][#TC5B]1[#TC5A][#TC5A]1}.{#SN1=CN(C)[$],#TC5A=C(=C[$])[$],#TC5B=C(=C[$][$])[$]}"
DMBZQ,Cc1cc(=O)c(cc1=O)C,"{[#SC4]1[#TN6a][#SC4][#TN6a]1}.{#SC4=CC(=C[$])[$],#TN6a=O=C[$][$]}"
DXLA,O1CCOC1,"{[#SN5a][#TC3]}.{#SN5a=C(O[$])O[$],#TC3=C(C[$])[$]}"
EBEN,CCc1ccccc1,"{[#TC3][#TC5B]1[#TC5A][#TC5A]1}.{#TC3=CC[$],#TC5A=C(=C[$])[$],#TC5B=C(=C[$][$])[$]}"
ENAPH,CCc1cccc2ccccc21,"{[#TC3][#TC5B]1[#TC5A][#TC5e]12[#TC5C][#TC5C]2}.{#TC3=CC[$],#TC5A=C(=C[$])[$],#TC5B=C(=C[$][$])[$],#TC5C=C(C[$])[$],#TC5e=C(C[$][$])[$][$]}"
FURA,c1ccoc1,"{[#TC5]1[#TC5][#TN2a]1}.{#TC5=C(=C[$])[$],#TN2a=O[$][$]}"
IMID,c1cnc[nH]1,"{[#TC5]1[#TN6a][#TN6d]1}.{#TC5=C(=C[$])[$],#TN6a=C(=N[$])[$],#TN6d=N[$][$]}"
INDA,c2ccc1[nH]ncc1c2,"{[#TC5A]1[#TC5A][#TC5B]12[#TN6d][#TN6a]2}.{#TC5A=C(C[$])[$],#TC5B=C(C[$][$])[$][$],#TN6a=C(=N[$])[$],#TN6d=N[$][$]}"
INDO,C1=CC=C2C(=C1)C=CN2,"{[#TC5B]1[#TC5B][#TC5C]12[#TC5A][#TN6d]2}.{#TC5A=C(=C[$])[$],#TC5B=C(C[$])[$],#TC5C=C(C[$][$])[$][$],#TN6d=N[$][$]}"
IOBZ,c1ccc(cc1)I,"{[#TC5]1[#X1][#TC5]1}.{#TC5=C(=C[$])[$],#X1=IC(=C[$])[$]}"
IOPHE,c1ccc(c(c1)O)I,"{[#TC5]1[#X1][#SN6]1}.{#SN6=OC(=C[$])[$],#TC5=C(=C[$])[$],#X1=IC(=C[$])[$]}"
MBZOA,COC(=O)c1ccccc1,"{[#N4a][#TC5B]1[#TC5A][#TC5A]1}.{#N4a=COC(=O)[$],#TC5A=C(=C[$])[$],#TC5B=C(=C[$][$])[$]}"
MCYPE,CC1CCCC1,"{[#SC3B][#SC3A]}.{#SC3A=C(C[$])C[$],#SC3B=CC(C[$])[$]}"
MESI,Cc1cc(cc(c1)C)C,{[#SC4]1[#SC4][#SC4]1}.{#SC4=CC(=C[$])[$]}
MIND,c1cccc2c1c(c[nH]2)C,"{[#TC5A]1[#TC5A][#TC5B]12[#SC4][#TN6d]2}.{#SC4=CC(=C[$])[$],#TC5A=C(=C[$])[$],#TC5B=C(=C[$][$])[$][$],#TN6d=N[$][$]}"
MINDA,Cn1c2ccccc2cn1,"{[#TN1]2[#TC5B]1[#TC5A][#TC5A]1([#TN6a]2)}.{#TC5A=C(C[$])[$],#TC5B=C(C[$][$])[$][$],#TN1=CN[$][$],#TN6a=C(=N[$])[$]}"
MNAP,Cc2cccc1ccccc12,"{[#SC4]1[#TC5A][#TC5e]12[#TC5B][#TC5B]2}.{#SC4=CC(=C[$])[$],#TC5A=C(=C[$])[$],#TC5B=C(C[$])[$],#TC5e=C(C[$][$])[$][$]}"
MXYLE,Cc1cccc(c1)C,"{[#SC4]1[#TC5][#SC4]1}.{#SC4=CC(=C[$])[$],#TC5=C(=C[$])[$]}"
NAPH,c1ccc2ccccc2c1,"{[#TC5B]1[#TC5B][#TC5e]12[#TC5A][#TC5A]2}.{#TC5A=C(=C[$])[$],#TC5B=C(C[$])[$],#TC5e=C(C[$][$])[$][$]}"
NAPY,c1ccc2ncccc2n1,"{[#TN6aB]1[#TC5B][#TC5e]12[#TN6aA][#TC5A]2}.{#TC5A=C(=C[$])[$],#TC5B=C(C[$])[$],#TC5e=C(C[$][$])[$][$],#TN6aA=C(=N[$])[$],#TN6aB=C(N[$])[$]}"
NBAPH,Oc1ccccc1NC(=O)OC(C)(C)(C),"{[#SN6]1[#TC5A][#TC5B]1[#SP2][#SC1]}.{#SC1=CC(C)(C)[$],#SN6=OC(=C[$])[$],#SP2=O=C(N[$])O[$],#TC5A=C(=C[$])[$],#TC5B=C(=C[$][$])[$]}"
NDMBI,CN(C)c1ccc(cc1)C2N(C)c3ccccc3N2C,"{[#SN1A][#TC5B]1[#TC5B][#TC5A]1([#SN1B]3[#TC5D]2[#TC5C][#TC5C]2([#TN1]3))}.{#SN1A=CN(C)[$],#SN1B=CN(C[$][$])[$],#TC5A=C(=C[$])[$],#TC5B=C(=C[$][$])[$],#TC5C=C(C[$])[$],#TC5D=C(C[$][$])[$][$],#TN1=CN[$][$]}"
NIBZ,c1ccc(cc1)[N+](=O)[O-],"{[#TC5A]1[#TC5B][#TC5A]1([#SN3a])}.{#SN3a=O=[N+]([O-])[$],#TC5A=C(=C[$])[$],#TC5B=C(=C[$][$])[$]}"
OMA,COc1ccccc1C,"{[#TN2a][#TC5B]1[#TC5A][#SC4]1}.{#SC4=CC(=C[$])[$],#TC5A=C(=C[$])[$],#TC5B=C(=C[$][$])[$],#TN2a=CO[$]}"
OXYLE,Cc1c(C)cccc1,"{[#SC4]1[#SC4][#TC5]1}.{#SC4=CC(C[$])[$],#TC5=C(C[$])[$]}"
PBEN,CCCc1ccccc1,"{[#SC2][#TC5B]1[#TC5A][#TC5A]1}.{#SC2=CCC[$],#TC5A=C(=C[$])[$],#TC5B=C(=C[$][$])[$]}"
PBZOA,CCCOC(=O)c1ccccc1,"{[#SC2][#SN4a][#TC5B]1[#TC5A][#TC5A]1}.{#SC2=CCC[$],#SN4a=O=C(O[$])[$],#TC5A=C(=C[$])[$],#TC5B=C(=C[$][$])[$]}"
PCRE,Cc1ccc(O)cc1,"{[#TC4]1[#TC5B][#TN6][#TC5A]1}.{#TC4=CC[$][$],#TC5A=C(=C[$])[$],#TC5B=C(C[$])[$],#TN6=OC[$][$]}"
PCYM,c1cc(ccc1C(C)C)C,"{[#TC5B]1[#SC4][#TC5A]1([#SC2])}.{#SC2=CC(C)[$],#SC4=CC(C[$])[$],#TC5A=C(C[$])[$],#TC5B=C(C[$][$])[$]}"
PHEN,c1ccc(cc1)O,"{[#TC5]1[#SN6][#TC5]1}.{#SN6=OC(=C[$])[$],#TC5=C(=C[$])[$]}"
PIPER,C1CCNCC1,"{[#SC3][#SN6d]}.{#SC3=C(C[$])C[$],#SN6d=C(NC[$])[$]}"
PXYLE,Cc1ccc(C)cc1,"{[#TC4]1[#TC5B][#TC4][#TC5A]1}.{#TC4=CC[$][$],#TC5A=C(=C[$])[$],#TC5B=C(C[$])[$]}"
PYAZ,c1ccnnc1,"{[#TC5]1[#TC5][#TN1a]1}.{#TC5=C(C[$])[$],#TN1a=N(N[$])[$]}"
PYLI,C1CCNC1,"{[#SC3][#TN6d]}.{#SC3=C(C[$])C[$],#TN6d=C(N[$])[$]}"
PYMI,c1cncnc1,"{[#TC5]1[#TN6a][#TN6a]1}.{#TC5=C(=C[$])[$],#TN6a=C(=N[$])[$]}"
PYRI,c1ccncc1,"{[#TC5]1[#TN6a][#TC5]1}.{#TC5=C(=C[$])[$],#TN6a=C(=N[$])[$]}"
PYRR,[nH]1cccc1,"{[#TN6d]1[#TC5][#TC5]1}.{#TC5=C(=C[$])[$],#TN6d=N[$][$]}"
QUIN,n1cccc2ccccc12,"{[#TN6a]1[#TC5A][#TC5e]12[#TC5B][#TC5B]2}.{#TC5A=C(=C[$])[$],#TC5B=C(C[$])[$],#TC5e=C(C[$][$])[$][$],#TN6a=C(=N[$])[$]}"
STYR,c1ccccc1C=C,"{[#TC5A]1[#TC5A][#TC5B]1[#TC5C]}.{#TC5A=C(=C[$])[$],#TC5B=C(=C[$][$])[$],#TC5C=C=C[$]}"
TCLBZ,Clc1ccc(Cl)c(Cl)c1,{[#SX3]1[#SX3][#SX3]1}.{#SX3=ClC(=C[$])[$]}
TDMBI,CCOCCOCCOCCOc1ccc(cc1)C2N(C)c3ccccc3N2C,"{[#N3rB][#N3rA][#P4][#TC5B]1[#TC5B][#TC5A]1([#SN1]3[#TC5D]2[#TC5C][#TC5C]2([#TN1]3))}.{#N3rA=C(C[$])OC[$],#N3rB=CCOC[$],#P4=C(CO[$])O[$],#SN1=CN(C[$][$])[$],#TC5A=C(=C[$])[$],#TC5B=C(=C[$][$])[$],#TC5C=C(C[$])[$],#TC5D=C(C[$][$])[$][$],#TN1=CN[$][$]}"
TECE,c34cc2cc1ccccc1cc2cc3cccc4,"{[#TC5D]24[#TC5C]3[#TC5C]1[#TC5B][#TC5B][#TC5C]1[#TC5C]23([#TC5A][#TC5A]4)}.{#TC5A=C(=C[$])[$],#TC5B=C(C[$])[$],#TC5C=C(C[$][$])[$],#TC5D=C(C[$][$])[$][$]}"
THAZ,n1ccsc1,"{[#TN6a]1[#TC5][#TC6]1}.{#TC5=C(=C[$])[$],#TC6=S[$][$],#TN6a=C(=N[$])[$]}"
THF,C1CCOC1,"{[#SC3][#TN4a]}.{#SC3=C(C[$])C[$],#TN4a=C(O[$])[$]}"
THIO,c1ccsc1,"{[#TC5]1[#TC5][#TC6]1}.{#TC5=C(=C[$])[$],#TC6=S[$][$]}"
THP,O1CCCCC1,"{[#SN4a][#SC3]}.{#SC3=C(C[$])C[$],#SN4a=C(OC[$])[$]}"
THPH,Sc1ccccc1,"{[#SC6]1[#TC5][#TC5]1}.{#SC6=SC(=C[$])[$],#TC5=C(=C[$])[$]}"
THPY,c1cncc2c1ccs2,"{[#TC5A]1[#TN6a][#TC5B]12[#TC5A][#TC6]2}.{#TC5A=C(=C[$])[$],#TC5B=C(=C[$][$])[$][$],#TC6=S[$][$],#TN6a=C(=N[$])[$]}"
THT,S1CCCC1,"{[#SC6][#TC3]}.{#SC6=C(SC[$])[$],#TC3=C(C[$])[$]}"
TOLU,Cc1ccccc1,"{[#SC4]1[#TC5][#TC5]1}.{#SC4=CC(=C[$])[$],#TC5=C(=C[$])[$]}"
XBZ,COc1ccccc1,"{[#TN2a][#TC5B]1[#TC5A][#TC5A]1}.{#TC5A=C(=C[$])[$],#TC5B=C(=C[$][$])[$],#TN2a=CO[$]}"
XNAPH,COc1cccc2ccccc21,"{[#TN2a][#TC5B]1[#TC5A][#TC5e]12[#TC5C][#TC5C]2}.{#TC5A=C(=C[$])[$],#TC5B=C(=C[$][$])[$],#TC5C=C(C[$])[$],#TC5e=C(C[$][$])[$][$],#TN2a=CO[$]}"
TPCN00001,C=CC1C(OC2OC(CO)C(O)C(O)C2O)OC=C(C(=O)OC5CC3C(C(=O)OC)=COC(OC4OC(CO)C(O)C(O)C4O)C3C5C)C1CC(O)OC,"{[#TC5B][#TC3B]2[#TN4aB][#SP4B]1[#TN4aB][#TP1]([#SP4A]1)([#TC5A]2[#SN4aB][#SC3]3[#TC3A][#N4a](=[#TN4aA][#TN6A]3[#SN4aA]4[#TP1]([#SP4A][#TN6B]4)))([#P2])}.{#N4a=COC(=O)[$],#P2=COC(O)C[$],#SC3=CC(C[$][$])C[$][$],#SN4aA=O(C[$][$])C[$][$],#SN4aB=O=C(O[$])[$],#SP4A=OC(C(O)[$])[$],#SP4B=OC(C(O[$])[$])[$],#TC3A=C(C(C[$][$])[$])[$],#TC3B=C(C[$][$])[$][$],#TC5A=C(=C[$][$])[$],#TC5B=C=C[$],#TN4aA=C(O[$])[$],#TN4aB=O(C[$][$])[$],#TN6A=O(C[$][$])[$],#TN6B=OC[$][$],#TP1=OC[$]}"
TPCN00002,C=CC1C(OC2OC(CO)C(O)C(O)C2O)OC=C(C(=O)OC7CC3C(C(=O)OC)=COC(OC4OC(CO)C(O)C(O)C4O)C3C7C)C1CC5NC(C(=O)O)Cc8c5[nH]c6ccccc86,"{[#TC5E][#TC3B]2[#TN4aB][#SP4B]1[#TN4aB][#TP1]([#SP4A]1)([#TC5A]2[#SN4aB][#SC3]3[#TC3A][#N4a](=[#TN4aA][#TN6A]3[#SN4aA]4[#TP1]([#SP4A][#TN6B]4)))([#TC4]5[#SN6d][#SP2]([#TC5B]56[#TN6d][#TC5D]67[#TC5C][#TC5C]7))}.{#N4a=COC(=O)[$],#SC3=CC(C[$][$])C[$][$],#SN4aA=O(C[$][$])C[$][$],#SN4aB=O=C(O[$])[$],#SN6d=C(C(N[$])[$])[$],#SP2=O=C(O)[$],#SP4A=OC(C(O)[$])[$],#SP4B=OC(C(O[$])[$])[$],#TC3A=C(C(C[$][$])[$])[$],#TC3B=C(C[$][$])[$][$],#TC4=C(C[$][$])[$],#TC5A=C(=C[$][$])[$],#TC5B=C(=C[$][$])[$][$],#TC5C=C(C[$])[$],#TC5D=C(C[$][$])[$][$],#TC5E=C=C[$],#TN4aA=C(O[$])[$],#TN4aB=O(C[$][$])[$],#TN6A=O(C[$][$])[$],#TN6B=OC[$][$],#TN6d=N[$][$],#TP1=OC[$]}"
TPCN00003,CC(C)=CC1OC(=O)C(=CCOC2OC(COC(=O)C=Cc3ccc(O)cc3)C(O)C(O)C2O)C1O,"{[#SC4][#TN4a]1[#TN6a][#SN6B]1=[#SN3r][#SN4a]3[#N4a][#TC5A][#TC5B]2[#SN6A][#TC5A]2([#SP4][#TN6]3)}.{#N4a=O=C(OC[$])[$],#SC4=CC(C)=C[$],#SN3r=C(C[$])O[$],#SN4a=O(C[$][$])C[$][$],#SN6A=OC(=C[$])[$],#SN6B=OC(C[$][$])[$],#SP4=OC(C(O)[$])[$],#TC5A=C(=C[$])[$],#TC5B=C(=C[$][$])[$],#TN4a=O(C[$][$])[$],#TN6=OC[$][$],#TN6a=O=C[$][$]}"
TPCN00004,CC=C1C(OC2OC(CO)C(O)C(O)C2O)OC=C(C(=O)OC)C1CC(=O)OCC4C(C)C(OC(=O)CC5C(C(=O)OC)=COC(OC3OC(CO)C(O)C(O)C3O)C5=CC)CC4C(C)CO,"{[#TC3B]=[#TC3A]2[#TN4a][#SP4B]1[#TN4a][#TP1]([#SP4A]1)([#TC5]2[#N4aA])([#N4aB][#SC4][#SC3][#SN4a][#TC3A]3[#TC5][#N4aA]([#TN4a]3[#SP4B]4[#TN4a][#TP1]([#SP4A]4))(=[#TC3B])([#P1]))}.{#N4aA=COC(=O)[$],#N4aB=O=C(C[$])OC[$],#P1=CC(CO)[$],#SC3=C(C[$][$])C[$][$],#SC4=CC(C[$][$])[$],#SN4a=O=C(C[$])O[$],#SP4A=OC(C(O)[$])[$],#SP4B=OC(C(O[$])[$])[$],#TC3A=C(C[$][$])[$][$],#TC3B=CC[$],#TC5=C(=C[$][$])[$],#TN4a=O(C[$][$])[$],#TP1=OC[$]}"
TPCN00005,CC=C(C)C(=O)OC12CC(C(=O)C=C1C)C2(C)C,"{[#C4][#SN4a][#SC3]1[#TN6a][#SC4A]1([#SC4B])}.{#C4=CC=C(C)[$],#SC3=C(C[$][$])C[$][$][$],#SC4A=CC(=C[$])[$],#SC4B=CC(C)[$][$],#SN4a=O=C(O[$])[$],#TN6a=O=C[$][$]}"
TPCN00006,COC(=O)C1=COC(OC2OC(CO)C(O)C(O)C2O)C3C(CO)=CCC13,"{[#N4a][#TC5]2[#TN4a][#SP4B]1[#TN4a][#TP1]([#SP4A]1)([#SC3]2[#TC5][#TN2a])}.{#N4a=COC(=O)[$],#SC3=C(C(C[$][$])[$])[$],#SP4A=OC(C(O)[$])[$],#SP4B=OC(C(O[$])[$])[$],#TC5=C(=C[$][$])[$],#TN2a=OC[$],#TN4a=O(C[$][$])[$],#TP1=OC[$]}"
TPCN00007,CC(C)=CC1OC(=O)C(=CCOC2OC(COC(=O)C=Cc3ccc(O)cc3)C(O)C(O)C2O)C1O,"{[#SC4][#TN4a]1[#TN6a][#SN6B]1=[#SN3r][#SN4a]3[#N4a][#TC5A][#TC5B]2[#SN6A][#TC5A]2([#SP4][#TN6]3)}.{#N4a=O=C(OC[$])[$],#SC4=CC(C)=C[$],#SN3r=C(C[$])O[$],#SN4a=O(C[$][$])C[$][$],#SN6A=OC(=C[$])[$],#SN6B=OC(C[$][$])[$],#SP4=OC(C(O)[$])[$],#TC5A=C(=C[$])[$],#TC5B=C(=C[$][$])[$],#TN4a=O(C[$][$])[$],#TN6=OC[$][$],#TN6a=O=C[$][$]}"
TPCN00008,C=CC1C(OC2OC(CO)C(O)C(O)C2O)OC=C(C(=O)O)C1CC3NCCc4cc(OC)c(O)cc43,"{[#TC5D][#TC3]2[#TN4a][#SP4B]1[#TN4a][#TP1]([#SP4A]1)([#TC5A]2[#SP2])([#TC4]3[#SN6d][#TC5C]34[#TC5B][#TN2a]([#SN6]4))}.{#SN6=OC(C[$])[$],#SN6d=C(C[$])N[$],#SP2=O=C(O)[$],#SP4A=OC(C(O)[$])[$],#SP4B=OC(C(O[$])[$])[$],#TC3=C(C[$][$])[$][$],#TC4=C(C[$][$])[$],#TC5A=C(=C[$][$])[$],#TC5B=C(C[$][$])[$],#TC5C=C(C[$][$])[$][$],#TC5D=C=C[$],#TN2a=CO[$],#TN4a=O(C[$][$])[$],#TP1=OC[$]}"
TPCN00009,C=CC1C(OC2OC(CO)C(O)C(O)C2O)OC=C(C(=O)O)C1CC3NCCc4cc(OC)c(OC)cc43,"{[#TC5D][#TC3]2[#TN4a][#SP4B]1[#TN4a][#TP1]([#SP4A]1)([#TC5A]2[#SP2])([#TC4]3[#SN6d][#TC5C]34[#TC5B][#TN2a]([#TC5B]4[#TN2a]))}.{#SN6d=C(C[$])N[$],#SP2=O=C(O)[$],#SP4A=OC(C(O)[$])[$],#SP4B=OC(C(O[$])[$])[$],#TC3=C(C[$][$])[$][$],#TC4=C(C[$][$])[$],#TC5A=C(=C[$][$])[$],#TC5B=C(C[$][$])[$],#TC5C=C(C[$][$])[$][$],#TC5D=C=C[$],#TN2a=CO[$],#TN4a=O(C[$][$])[$],#TP1=OC[$]}"
TPCN00010,CC1C(OC(=O)c2cccc(OC(=O)c3cccc(OC4OC(CO)C(O)C(O)C4O)c3)c2)CC5C(C(=O)O)=COC(OC6OC(CO)C(O)C(O)C6O)C51,"{[#SC3B][#SN4aB][#TC5B]1[#TC5A][#TC5B]1[#SN4aB][#TC5D]2[#TC5C][#SN6]2[#SN4aA]3[#TP1]([#SP4A][#TN6]3)([#SC3A]4[#TC5B][#SP2]([#TN4a]4[#SP4B]5[#TN4a][#TP1]([#SP4A]5)))}.{#SC3A=C(C(C[$][$])[$])[$],#SC3B=CC(C[$][$])[$],#SN4aA=O(C[$][$])C[$][$],#SN4aB=O=C(O[$])[$],#SN6=C(C(O[$])[$])[$],#SP2=O=C(O)[$],#SP4A=OC(C(O)[$])[$],#SP4B=OC(C(O[$])[$])[$],#TC5A=C(=C[$])[$],#TC5B=C(=C[$][$])[$],#TC5C=C(C[$])[$],#TC5D=C(C[$][$])[$],#TN4a=O(C[$][$])[$],#TN6=OC[$][$],#TP1=OC[$]}"
TPCN00011,CC12CC3(O)OC(O1)C5(COC(=O)c4ccccc4)C3CC25OC6OC(CO)C(O)C(O)C6O,"{[#TC4]14[#SN6]2[#SN5a]1[#SC5]2[#N4a][#TC5B]3[#TC5A][#TC5A]3([#TN6A]4[#SN4a]5[#TP1]([#SP4][#TN6B]5))}.{#N4a=O=C(OC[$])[$],#SC5=C(C(C[$][$][$])[$])[$],#SN4a=O(C[$][$])C[$][$],#SN5a=O(C(O[$])[$])[$],#SN6=OC(C[$])[$][$],#SP4=OC(C(O)[$])[$],#TC4=CC[$][$][$],#TC5A=C(=C[$])[$],#TC5B=C(=C[$][$])[$],#TN6A=O(C[$][$][$])[$],#TN6B=OC[$][$],#TP1=OC[$]}"
TPCN00012,Cc1cc(OC2OC(CO)C(O)C(O)C2O)c(C(C)C)c(O)c1OC3OC(CO)C(O)C(O)C3O,"{[#SC4]2[#SN6][#SN4a]1[#TP1]([#SP4B][#TN6]1)([#SC2])([#SP4A]2[#SN4a]3[#TP1]([#SP4B][#TN6]3))}.{#SC2=CC(C)[$],#SC4=CC(=C[$])[$],#SN4a=O(C[$][$])C[$][$],#SN6=O(C(=C[$][$])[$])[$],#SP4A=OC(=C(O[$])[$])[$],#SP4B=OC(C(O)[$])[$],#TN6=OC[$][$],#TP1=OC[$]}"
TPCN00014,CC(C)=CC1OC(=O)C(=CCOC2OC(COC(=O)C=Cc3ccc(O)cc3)C(O)C(O)C2O)C1O,"{[#SC4][#TN4a]1[#TN6a][#SN6B]1=[#SN3r][#SN4a]3[#N4a][#TC5A][#TC5B]2[#SN6A][#TC5A]2([#SP4][#TN6]3)}.{#N4a=O=C(OC[$])[$],#SC4=CC(C)=C[$],#SN3r=C(C[$])O[$],#SN4a=O(C[$][$])C[$][$],#SN6A=OC(=C[$])[$],#SN6B=OC(C[$][$])[$],#SP4=OC(C(O)[$])[$],#TC5A=C(=C[$])[$],#TC5B=C(=C[$][$])[$],#TN4a=O(C[$][$])[$],#TN6=OC[$][$],#TN6a=O=C[$][$]}"
TPCN00015,C=CC1C(OC2OC(CO)C(O)C(O)C2O)OC=C6C(=O)N3CCc4c([nH]c5ccccc45)C3CC61,"{[#TC5D][#SN6]2[#SN4a]1[#TP1]([#SP4][#TN6]1)([#TN4a]=[#TC5C]23[#TN6a][#SN6d]34[#TC3][#TC5A]45[#TN6d][#TC5C]56[#TC5B][#TC5B]6)}.{#SN4a=O(C[$][$])C[$][$],#SN6=O(C(C[$][$])[$])[$],#SN6d=C(C(N[$][$])[$])[$],#SP4=OC(C(O)[$])[$],#TC3=C(C[$])[$],#TC5A=C(=C[$][$])[$][$],#TC5B=C(C[$])[$],#TC5C=C(C[$][$])[$][$],#TC5D=C=C[$],#TN4a=C(O[$])[$],#TN6=OC[$][$],#TN6a=O=C[$][$],#TN6d=N[$][$],#TP1=OC[$]}"
TPCN00016,CC=C1CN2CCC34c5ccccc5NC23C(O)CC1C4(CO)C(=O)OC,"{[#C4]3[#SN1]24[#SC4]1[#TC5][#TC5]1([#TN6d]2)([#SC3]3[#TN6]4([#TP1])([#N4a]))}.{#C4=CC=C(C[$])[$],#N4a=COC(=O)[$],#SC3=C(C(C[$][$][$])[$])[$],#SC4=C(C[$][$])(C[$][$][$])[$],#SN1=C(C[$])N(C[$][$][$])[$],#TC5=C(C[$])[$],#TN6=OC[$][$],#TN6d=N[$][$],#TP1=OC[$]}"
TPCN00018,CC12CC3(O)OC(O1)C5(COC(=O)c4ccccc4)C3CC25OC6OC(COC(=O)c7cc(O)c(O)c(O)c7)C(O)C(O)C6O,"{[#TC4]14[#SN6B]2[#SN5a]1[#SC5]2[#N4a][#TC5B]3[#TC5A][#TC5A]3([#TN6A]4[#SN4a]6[#N4a][#TC5B]5[#SP4A][#SN6A]5([#SP4B][#TN6B]6))}.{#N4a=O=C(OC[$])[$],#SC5=C(C(C[$][$][$])[$])[$],#SN4a=O(C[$][$])C[$][$],#SN5a=O(C(O[$])[$])[$],#SN6A=OC(=C[$])[$],#SN6B=OC(C[$])[$][$],#SP4A=OC(=C(O)[$])[$],#SP4B=OC(C(O)[$])[$],#TC4=CC[$][$][$],#TC5A=C(=C[$])[$],#TC5B=C(=C[$][$])[$],#TN6A=O(C[$][$][$])[$],#TN6B=OC[$][$]}"
TPCN00019,COC(=O)C12CC3CC(C(C)O)C1N(CCc4c2[nH]c5ccc(OC)cc45)C3,"{[#N4a][#TC5E]123[#TC3B][#TC3B]1[#SP1]([#TN6dA]2[#TC3A][#TC5A]34[#TN6dB][#TC5D]45[#TC5B][#TC5C]5[#TN2a])}.{#N4a=COC(=O)[$],#SP1=CC(O)[$],#TC3A=C(C[$])[$],#TC3B=C(C[$][$])[$],#TC5A=C(=C[$][$])[$][$],#TC5B=C(C[$])[$],#TC5C=C(C[$][$])[$],#TC5D=C(C[$][$])[$][$],#TC5E=C(C[$][$][$])[$][$],#TN2a=CO[$],#TN6dA=C(N[$][$])[$],#TN6dB=N[$][$]}"
TPCN00020,CC=C1C[N+]2(C)CCC34c5ccccc5NC32C(O)CC1C4(CO)C(=O)[O-],"{[#C4]3[#SN1]24[#SC4]1[#TC5][#TC5]1([#TN6d]2)([#SC3]3[#TN6]4([#TP1])([#SN4a]))}.{#C4=CC=C(C[$])[$],#SC3=C(C(C[$][$][$])[$])[$],#SC4=C(C[$][$])(C[$][$][$])[$],#SN1=C[N+](CC[$])(C[$][$][$])[$],#SN4a=O=C([O-])[$],#TC5=C(C[$])[$],#TN6=OC[$][$],#TN6d=N[$][$],#TP1=OC[$]}"
TPCN00021,CC(C)=CC1OC(=O)C(=CCOC2OC(COC(=O)C=Cc3ccc(O)cc3)C(O)C(O)C2O)C1O,"{[#SC4][#TN4a]1[#TN6a][#SN6B]1=[#SN3r][#SN4a]3[#N4a][#TC5A][#TC5B]2[#SN6A][#TC5A]2([#SP4][#TN6]3)}.{#N4a=O=C(OC[$])[$],#SC4=CC(C)=C[$],#SN3r=C(C[$])O[$],#SN4a=O(C[$][$])C[$][$],#SN6A=OC(=C[$])[$],#SN6B=OC(C[$][$])[$],#SP4=OC(C(O)[$])[$],#TC5A=C(=C[$])[$],#TC5B=C(=C[$][$])[$],#TN4a=O(C[$][$])[$],#TN6=OC[$][$],#TN6a=O=C[$][$]}"
TPCN00022,CCC1CC2CN3CCc4c([nH]c5ccc(OC)cc45)C(C(=O)OC)(C2)C13,"{[#TC3C][#TC3B]3[#TC3B]4[#TN6dA]5[#TC3A][#TC5A]1[#TN6dB][#TC5D]12[#TC5B][#TC5C]2[#TN2a]([#TC5E]345[#N4a])}.{#N4a=COC(=O)[$],#TC3A=C(C[$])[$],#TC3B=C(C[$][$])[$],#TC3C=CC[$],#TC5A=C(=C[$][$])[$][$],#TC5B=C(C[$])[$],#TC5C=C(C[$][$])[$],#TC5D=C(C[$][$])[$][$],#TC5E=C(C[$][$][$])[$][$],#TN2a=CO[$],#TN6dA=C(N[$][$])[$],#TN6dB=N[$][$]}"
TPCN00023,C=CC(C)(CCC=C(C)C)OC1OC(COC2OC(C)C(OC(=O)C=Cc3ccc(O)cc3)C(OC4OC(C)C(O)C(O)C4O)C2O)C(O)C(O)C1O,"{[#TC5C][#SN3r][#SC2A]=[#SC2B]([#SN4a]4[#TN3r][#TN4a]3[#TC4][#SN6A][#N4a][#TC5B]1[#SN6B][#TC5A]1([#TN4a]2[#TC4][#SP4][#TN6]2)([#TN6]3)([#SP4][#TN6]4))}.{#N4a=O=C(C=C[$])O[$],#SC2A=C(C[$])C[$],#SC2B=CC(C)[$],#SN3r=CC(O[$])[$][$],#SN4a=O(C[$][$])C[$][$],#SN6A=O(C(C[$][$])[$])[$],#SN6B=OC(=C[$])[$],#SP4=OC(C(O)[$])[$],#TC4=CC[$][$],#TC5A=C(=C[$])[$],#TC5B=C(=C[$][$])[$],#TC5C=C=C[$],#TN3r=C(O[$])[$],#TN4a=O(C[$][$])[$],#TN6=OC[$][$]}"
TPCN00024,CC=C1C(OC2OC(CO)C(O)C(O)C2O)OC=C(C(=O)OC)C1CC(=O)OC5CC(C)C6COC(=O)CC3C(=COC(OC4OC(CO)C(O)C(O)C4O)C3=CC)C(=O)OCC(C)C56,"{[#TC3C]=[#TC3B]2[#TN4a][#SP4B]1[#TN4a][#TP1]([#SP4A]1)([#TC5]2[#N4aA])([#SN4aA][#TC3A][#SC3]5[#N4aB][#TC3B]3[#TC5][#TN4a]3[#SP4B]4[#TN4a][#TP1]([#SP4A]4)([#SN4aB][#SC2]5)(=[#TC3C]))}.{#N4aA=COC(=O)[$],#N4aB=O=C(C[$])OC[$],#SC2=CC(C[$])[$],#SC3=CC(C(C[$][$])[$])[$],#SN4aA=O=C(C[$])O[$],#SN4aB=O=C(O[$])[$],#SP4A=OC(C(O)[$])[$],#SP4B=OC(C(O[$])[$])[$],#TC3A=C(C[$][$])[$],#TC3B=C(C[$][$])[$][$],#TC3C=CC[$],#TC5=C(=C[$][$])[$],#TN4a=O(C[$][$])[$],#TP1=OC[$]}"
TPCN00025,CC12CC3(O)OC(O1)C5(COC(=O)c4ccc(O)cc4)C3CC25OC6OC(CO)C(O)C(O)C6O,"{[#TC4]14[#SN6B]2[#SN5a]1[#SC5]2[#N4a][#TC5B]3[#SN6A][#TC5A]3([#TN6A]4[#SN4a]5[#TP1]([#SP4][#TN6B]5))}.{#N4a=O=C(OC[$])[$],#SC5=C(C(C[$][$][$])[$])[$],#SN4a=O(C[$][$])C[$][$],#SN5a=O(C(O[$])[$])[$],#SN6A=OC(=C[$])[$],#SN6B=OC(C[$])[$][$],#SP4=OC(C(O)[$])[$],#TC4=CC[$][$][$],#TC5A=C(=C[$])[$],#TC5B=C(=C[$][$])[$],#TN6A=O(C[$][$][$])[$],#TN6B=OC[$][$],#TP1=OC[$]}"
TPCN00026,CC1(C)C(=O)C2=C(OC3(CCC4CC3C4(C)C)CC2c5ccccc5)C(C)(C)C1=O,"{[#SC4]5[#TN6a][#TC5C]3[#SN4a]1[#TC3]2[#TC3]1[#SC4]2([#TC3]3[#TC5B]4[#TC5A][#TC5A]4)([#SC4][#TN6a]5)}.{#SC4=CC(C)[$][$],#SN4a=C(C(O[$])[$][$])[$],#TC3=C(C[$][$])[$],#TC5A=C(=C[$])[$],#TC5B=C(=C[$][$])[$],#TC5C=C(=C[$][$])[$][$],#TN6a=O=C[$][$]}"
TPCN00028,CC(C)=CC1OC(=O)C(=CCOC2OC(COC(=O)C=Cc3ccc(O)c(O)c3)C(O)C(O)C2O)C1O,"{[#SC4][#TN4a]1[#TN6a][#SN6B]1=[#SN3r][#SN4a]3[#N4a][#TC5A][#TC5B]2[#SN6A][#SN6A]2([#SP4][#TN6]3)}.{#N4a=O=C(OC[$])[$],#SC4=CC(C)=C[$],#SN3r=C(C[$])O[$],#SN4a=O(C[$][$])C[$][$],#SN6A=OC(=C[$])[$],#SN6B=OC(C[$][$])[$],#SP4=OC(C(O)[$])[$],#TC5A=C(=C[$])[$],#TC5B=C(=C[$][$])[$],#TN4a=O(C[$][$])[$],#TN6=OC[$][$],#TN6a=O=C[$][$]}"
TPCN00029,Cc1cc(OC2OC(CO)C(O)C(O)C2O)c(C(C)C)c(O)c1O,"{[#SC4]2[#SN6][#SN4a]1[#TP1]([#SP4B][#TN6]1)([#SC2])([#SP4A]2)}.{#SC2=CC(C)[$],#SC4=CC(=C[$])[$],#SN4a=O(C[$][$])C[$][$],#SN6=O(C(=C[$][$])[$])[$],#SP4A=OC(=C(O)[$])[$],#SP4B=OC(C(O)[$])[$],#TN6=OC[$][$],#TP1=OC[$]}"
TPCN00030,CC(=CCC(O)C(C)=CCO)C(=O)OCC=C(C)C(O)CC=C(C)C(=O)OC1OC(CO)C(O)C(O)C1O,"{[#N6a]=[#P1B][#SC4][#TP1]([#SN3r]=[#P1A][#C4][#SN4aB][#SN4aA]1[#TP1]([#SP4][#TN6]1))}.{#C4=CC(=CC[$])[$],#N6a=CC(C(=O)[$])[$],#P1A=CC(C(O)[$])[$],#P1B=OC(CC[$])[$],#SC4=CC(=C[$])[$],#SN3r=C(C[$])O[$],#SN4aA=O(C[$][$])C[$][$],#SN4aB=O=C(O[$])[$],#SP4=OC(C(O)[$])[$],#TN6=OC[$][$],#TP1=OC[$]}"
TPCN00032,C=CC(C)(CCC=C(C)C)OC1OC(COC2OC(C)C(OC(=O)C=Cc3ccc(O)cc3)C(OC4OC(C)C(O)C(O)C4O)C2O)C(O)C(O)C1O,"{[#TC5C][#SN3r][#SC2A]=[#SC2B]([#SN4a]4[#TN3r][#TN4a]3[#TC4][#SN6A][#N4a][#TC5B]1[#SN6B][#TC5A]1([#TN4a]2[#TC4][#SP4][#TN6]2)([#TN6]3)([#SP4][#TN6]4))}.{#N4a=O=C(C=C[$])O[$],#SC2A=C(C[$])C[$],#SC2B=CC(C)[$],#SN3r=CC(O[$])[$][$],#SN4a=O(C[$][$])C[$][$],#SN6A=O(C(C[$][$])[$])[$],#SN6B=OC(=C[$])[$],#SP4=OC(C(O)[$])[$],#TC4=CC[$][$],#TC5A=C(=C[$])[$],#TC5B=C(=C[$][$])[$],#TC5C=C=C[$],#TN3r=C(O[$])[$],#TN4a=O(C[$][$])[$],#TN6=OC[$][$]}"
TPCN00033,CC=C1CN2C3CC45c6ccccc6NC4(O3)C2CC1C5C(=O)OC,"{[#TC3B]=[#TC3A]5[#TN6dA]16[#TC3A]4[#TC5C]13[#TC5B]2[#TC5A][#TC5A]2([#TN6dB]3)([#TN2a]4)([#SC3]56[#N4a])}.{#N4a=COC(=O)[$],#SC3=C(C(C[$][$])[$])[$],#TC3A=C(C[$][$])[$],#TC3B=CC[$],#TC5A=C(C[$])[$],#TC5B=C(C[$][$])[$][$],#TC5C=C(C[$][$][$])[$][$][$],#TN2a=O[$][$],#TN6dA=C(N[$][$])[$][$],#TN6dB=N[$][$]}"
TPCN00034,COC(=O)C1CC23CCCN4CCC5(c6ccccc6NC15CC2)C43,"{[#N4a][#TC3B]2[#TC5C]136[#TC3A][#TN6dA]1[#TC3A][#TC5D]235[#TC5B]4[#TC5A][#TC5A]4([#TN6dB]5)([#TC3A]6)}.{#N4a=COC(=O)[$],#TC3A=C(C[$])[$],#TC3B=C(C[$][$])[$],#TC5A=C(C[$])[$],#TC5B=C(C[$][$])[$][$],#TC5C=C(C[$][$][$])[$][$],#TC5D=C(C[$][$][$])[$][$][$],#TN6dA=C(N[$][$])[$],#TN6dB=N[$][$]}"
TPCN00035,CC(C)=CC1OC(=O)C(=CCOC2OC(COC(=O)C=Cc3ccc(O)c(O)c3)C(O)C(O)C2O)C1O,"{[#SC4][#TN4a]1[#TN6a][#SN6B]1=[#SN3r][#SN4a]3[#N4a][#TC5A][#TC5B]2[#SN6A][#SN6A]2([#SP4][#TN6]3)}.{#N4a=O=C(OC[$])[$],#SC4=CC(C)=C[$],#SN3r=C(C[$])O[$],#SN4a=O(C[$][$])C[$][$],#SN6A=OC(=C[$])[$],#SN6B=OC(C[$][$])[$],#SP4=OC(C(O)[$])[$],#TC5A=C(=C[$])[$],#TC5B=C(=C[$][$])[$],#TN4a=O(C[$][$])[$],#TN6=OC[$][$],#TN6a=O=C[$][$]}"
TPCN00036,CC12CC3(O)OC(O1)C5(COC(=O)c4ccccc4)C3CC25OC6OC(COC(=O)c7ccccc7)C(O)C(O)C6O,"{[#TC4]14[#SN6]2[#SN5a]1[#SC5]2[#N4a][#TC5B]3[#TC5A][#TC5A]3([#TN6A]4[#SN4a]6[#N4a][#TC5B]5[#TC5A][#TC5A]5([#SP4][#TN6B]6))}.{#N4a=O=C(OC[$])[$],#SC5=C(C(C[$][$][$])[$])[$],#SN4a=O(C[$][$])C[$][$],#SN5a=O(C(O[$])[$])[$],#SN6=OC(C[$])[$][$],#SP4=OC(C(O)[$])[$],#TC4=CC[$][$][$],#TC5A=C(=C[$])[$],#TC5B=C(=C[$][$])[$],#TN6A=O(C[$][$][$])[$],#TN6B=OC[$][$]}"
TPCN00038,C=CC1C(OC2OC(CO)C(O)C(O)C2O)OC=C(C(=O)O)C1CC3NCCc4cc(OC)c(O)cc43,"{[#TC5D][#TC3]2[#TN4a][#SP4B]1[#TN4a][#TP1]([#SP4A]1)([#TC5A]2[#SP2])([#TC4]3[#SN6d][#TC5C]34[#TC5B][#TN2a]([#SN6]4))}.{#SN6=OC(C[$])[$],#SN6d=C(C[$])N[$],#SP2=O=C(O)[$],#SP4A=OC(C(O)[$])[$],#SP4B=OC(C(O[$])[$])[$],#TC3=C(C[$][$])[$][$],#TC4=C(C[$][$])[$],#TC5A=C(=C[$][$])[$],#TC5B=C(C[$][$])[$],#TC5C=C(C[$][$])[$][$],#TC5D=C=C[$],#TN2a=CO[$],#TN4a=O(C[$][$])[$],#TP1=OC[$]}"
TPCN00039,CC(C)(O)C(O)CC1OC(=O)CC1(C)O,"{[#P1][#SP1][#TN4a]1[#SN6a][#SN6]1}.{#P1=CC(C)(O)[$],#SN6=CC(O)[$][$],#SN6a=O=C(C[$])[$],#SP1=OC(C[$])[$],#TN4a=O(C[$][$])[$]}"
TPCN00040,O=C(O)C1CC23CCCN4CCC5(c6ccccc6NC15CC2)C43,"{[#SP2][#TC3B]2[#TC5C]136[#TC3A][#TN6dA]1[#TC3A][#TC5D]235[#TC5B]4[#TC5A][#TC5A]4([#TN6dB]5)([#TC3A]6)}.{#SP2=O=C(O)[$],#TC3A=C(C[$])[$],#TC3B=C(C[$][$])[$],#TC5A=C(C[$])[$],#TC5B=C(C[$][$])[$][$],#TC5C=C(C[$][$][$])[$][$],#TC5D=C(C[$][$][$])[$][$][$],#TN6dA=C(N[$][$])[$],#TN6dB=N[$][$]}"
TPCN00041,C=CC1C(OC2OC(CO)C(O)C(O)C2O)OC=C5C(=O)N3CCc4cc(OC)c(O)cc4C3CC51,"{[#TC5C][#SN6A]2[#SN4a]1[#TP1]([#SP4][#TN6]1)([#TN4a]=[#TC5B]23[#TN6a][#SN6d]34[#TC3][#TC5B]45[#TC5A][#TN2a]([#SN6B]5))}.{#SN4a=O(C[$][$])C[$][$],#SN6A=O(C(C[$][$])[$])[$],#SN6B=OC(C[$])[$],#SN6d=C(C(N[$][$])[$])[$],#SP4=OC(C(O)[$])[$],#TC3=C(C[$])[$],#TC5A=C(C[$][$])[$],#TC5B=C(C[$][$])[$][$],#TC5C=C=C[$],#TN2a=CO[$],#TN4a=C(O[$])[$],#TN6=OC[$][$],#TN6a=O=C[$][$],#TP1=OC[$]}"
TPCN00042,CC(C)=CCC(O)C(C)=CCOC1OC(CO)C(O)C(O)C1O,"{[#SC2]=[#P1][#SC4][#TN3r][#SN4a]1[#TP1]([#SP4][#TN6]1)}.{#P1=OC(CC[$])[$],#SC2=CC(C)[$],#SC4=CC(=C[$])[$],#SN4a=O(C[$][$])C[$][$],#SP4=OC(C(O)[$])[$],#TN3r=C(O[$])[$],#TN6=OC[$][$],#TP1=OC[$]}"
TPCN00043,CC1C(O)CC2C(C(=O)O)=COC(OC3OC(CO)C(O)C(O)C3O)C21,"{[#TC4]1[#SN6][#TC5B]12[#TC5A][#SP2]([#TN4a]2[#SP4B]3[#TN4a][#TP1]([#SP4A]3))}.{#SN6=OC(C[$])[$],#SP2=O=C(O)[$],#SP4A=OC(C(O)[$])[$],#SP4B=OC(C(O[$])[$])[$],#TC4=CC[$][$],#TC5A=C(=C[$][$])[$],#TC5B=C(C[$][$])[$][$],#TN4a=O(C[$][$])[$],#TP1=OC[$]}"
TPCN00044,C=CC(C)(CCC=C(C)C(=O)O)OC1OCC(O)C(O)C1O,"{[#TC5][#SN3r][#SC2]=[#TC3][#SP2]([#SN4a]1[#SP4][#TN6]1)}.{#SC2=C(C[$])C[$],#SN3r=CC(O[$])[$][$],#SN4a=C(OC[$][$])[$],#SP2=O=C(O)[$],#SP4=OC(C(O)[$])[$],#TC3=CC[$][$],#TC5=C=C[$],#TN6=OC[$][$]}"
TPCN00045,CC1=CC(=O)OC12CC(O)C(C)(C)O2,"{[#SC4]1[#TN6a][#TN4a]12[#SP1][#N3r]2}.{#N3r=CC(C)(O[$])[$],#SC4=CC(=C[$])[$],#SP1=OC(C[$])[$],#TN4a=O(C[$][$][$])[$],#TN6a=O=C[$][$]}"
TPCN00046,CC1=CC(=O)OC1CC(O)C(C)(C)O,"{[#SC4]1[#TN6a][#TN4a]1[#SP1][#P1]}.{#P1=CC(C)(O)[$],#SC4=CC(=C[$])[$],#SP1=OC(C[$])[$],#TN4a=O(C[$][$])[$],#TN6a=O=C[$][$]}"
TPCN00047,CC=C1C(OC2OC(CO)C(O)C(O)C2O)OC=C(C(=O)OC)C1CC(=O)OCC4C(C)CC(OC(=O)CC5C(C(=O)OC)=COC(OC3OC(CO)C(O)C(O)C3O)C5=CC)C4C(C)CO,"{[#TC3B]=[#TC3A]2[#TN4a][#SP4B]1[#TN4a][#TP1]([#SP4A]1)([#TC5]2[#N4aA])([#N4aB][#SC4][#SC3][#SN4a][#TC3A]3[#TC5][#N4aA]([#TN4a]3[#SP4B]4[#TN4a][#TP1]([#SP4A]4))(=[#TC3B])([#P1]))}.{#N4aA=COC(=O)[$],#N4aB=O=C(C[$])OC[$],#P1=CC(CO)[$],#SC3=C(C(C[$][$])[$])[$],#SC4=CC(C[$][$])[$],#SN4a=O=C(C[$])O[$],#SP4A=OC(C(O)[$])[$],#SP4B=OC(C(O[$])[$])[$],#TC3A=C(C[$][$])[$][$],#TC3B=CC[$],#TC5=C(=C[$][$])[$],#TN4a=O(C[$][$])[$],#TP1=OC[$]}"
TPCN00048,CC(C)C1C=CC2(CC1)CC(C(=O)CC(O)CC3CC=CC(=O)O3)C2C=Cc4ccccc4,"{[#SC2][#TC3A]1[#TC5A][#TC3B]1[#SC3][#SN4a][#SP1][#TN4a]2[#SC5][#TN6a]2([#TC5A][#TC5B]3[#TC5A][#TC5A]3)}.{#SC2=CC(C)[$],#SC3=C(C(C[$][$])[$])[$],#SC5=C(=C[$])C[$],#SN4a=O=C(C[$])[$],#SP1=OC(C[$])[$],#TC3A=C(C[$][$])[$],#TC3B=C(C[$][$][$])[$],#TC5A=C(=C[$])[$],#TC5B=C(=C[$][$])[$],#TN4a=O(C[$][$])[$],#TN6a=O=C[$][$]}"
TPCN00049,CC=C1CN2C3CC45c6ccccc6NC4(O3)C2CC1C5(C=O)C(=O)OC,"{[#TC3B]=[#TC3A]5[#TN6dA]16[#TC3A]4[#TC5C]13[#TC5B]2[#TC5A][#TC5A]2([#TN6dB]3)([#TN2a]4)([#SC3]56[#TN4a]([#N4a]))}.{#N4a=COC(=O)[$],#SC3=C(C(C[$][$][$])[$])[$],#TC3A=C(C[$][$])[$],#TC3B=CC[$],#TC5A=C(C[$])[$],#TC5B=C(C[$][$])[$][$],#TC5C=C(C[$][$][$])[$][$][$],#TN2a=O[$][$],#TN4a=O=C[$],#TN6dA=C(N[$][$])[$][$],#TN6dB=N[$][$]}"
TPCN00050,CCC1C2CC3C4N(C)c5ccccc5C46CC(C2C6O)N3C1O,"{[#TC3C][#SN6]1[#TC3A]4[#TN6d]15[#SC5]26[#TN1][#TC5B]23[#TC5A][#TC5A]3([#TC3B]45[#TP1]6)}.{#SC5=C(C(C[$][$])[$][$])[$],#SN6=OC(C[$][$])[$],#TC3A=C(C[$][$])[$],#TC3B=C(C[$][$])[$][$],#TC3C=CC[$],#TC5A=C(C[$])[$],#TC5B=C(C[$][$])[$][$],#TN1=CN[$][$],#TN6d=C(N[$][$])[$][$],#TP1=OC[$][$]}"
TPCN00051,C=CC(C)(CCC=C(C)C(=O)O)OC1OC(CO)C(OC(C)(C=C)CCC=C(C)C(=O)O)C(O)C1O,"{[#TC5][#SN3r][#SC2]=[#TC3B][#SP2]([#TN4a]1[#TC3A][#TP1]([#SN3r][#TC5]([#SC2]=[#TC3B][#SP2]))([#SP4]1))}.{#SC2=C(C[$])C[$],#SN3r=CC(O[$])[$][$],#SP2=O=C(O)[$],#SP4=OC(C(O)[$])[$],#TC3A=C(C[$][$])[$][$],#TC3B=CC[$][$],#TC5=C=C[$],#TN4a=O(C[$][$])[$],#TP1=OC[$]}"
TPCN00052,CC=C1C(OC2OC(CO)C(O)C(O)C2O)OC=C(C(=O)OC)C1CC(=O)OCC(C)C4CC(OC(=O)CC5C(C(=O)OC)=COC(OC3OC(CO)C(O)C(O)C3O)C5=CC)C(C)C4CO,"{[#TC3C]=[#TC3B]2[#TN4a][#SP4B]1[#TN4a][#TP1]([#SP4A]1)([#TC5]2[#N4a])([#SN4aB][#N3r][#TC3A][#SC3][#SN4aA][#TC3B]3[#TC5][#N4a]([#TN4a]3[#SP4B]4[#TN4a][#TP1]([#SP4A]4))(=[#TC3C])([#TP1]))}.{#N3r=CC(CO[$])[$],#N4a=COC(=O)[$],#SC3=CC(C[$][$])C[$][$],#SN4aA=O=C(C[$])O[$],#SN4aB=O=C(C[$])[$],#SP4A=OC(C(O)[$])[$],#SP4B=OC(C(O[$])[$])[$],#TC3A=C(C[$][$])[$],#TC3B=C(C[$][$])[$][$],#TC3C=CC[$],#TC5=C(=C[$][$])[$],#TN4a=O(C[$][$])[$],#TP1=OC[$]}"
TPCN00053,CC(C)C1C=CC2(CC1)CC(C(=O)CC(O)CC3CC=CC(=O)O3)C2C=Cc4ccccc4,"{[#SC2][#TC3A]1[#TC5A][#TC3B]1[#SC3][#SN4a][#SP1][#TN4a]2[#SC5][#TN6a]2([#TC5A][#TC5B]3[#TC5A][#TC5A]3)}.{#SC2=CC(C)[$],#SC3=C(C(C[$][$])[$])[$],#SC5=C(=C[$])C[$],#SN4a=O=C(C[$])[$],#SP1=OC(C[$])[$],#TC3A=C(C[$][$])[$],#TC3B=C(C[$][$][$])[$],#TC5A=C(=C[$])[$],#TC5B=C(=C[$][$])[$],#TN4a=O(C[$][$])[$],#TN6a=O=C[$][$]}"
TPCN00054,CCC1CN(C)C2Cc3c([nH]c4ccccc34)C(=O)CC1C2C(=O)OC,"{[#TC3C][#TC3A]3[#TN1][#TC4]4[#SC4]1[#TN6d][#TC5B]12[#TC5A][#TC5A]2([#SN4a][#TC3B]34[#N4a])}.{#N4a=COC(=O)[$],#SC4=C(C(=C[$][$])[$])[$],#SN4a=O=C(C[$])[$],#TC3A=C(C[$][$])[$],#TC3B=C(C[$][$])[$][$],#TC3C=CC[$],#TC4=C[$][$][$],#TC5A=C(C[$])[$],#TC5B=C(C[$][$])[$][$],#TN1=CN[$][$],#TN6d=N[$][$]}"
TPCN00055,CC(C)C1C=CC2(CC1)CC(C(=O)CC4CC3CC(CC(=O)O3)O4)C2C=Cc5ccccc5,"{[#SC2][#TC3A]1[#TC5A][#TC3B]1[#SC3B][#SN4aC][#SN4aB]2[#SC3C][#SN4aA][#SC3A]2(=[#SN6a])([#TC5A][#TC5B]3[#TC5A][#TC5A]3)}.{#SC2=CC(C)[$],#SC3A=C(C(C[$])[$])[$],#SC3B=C(C(C[$][$])[$])[$],#SC3C=C[$][$],#SN4aA=O(C[$][$])C[$][$],#SN4aB=O(C[$][$])[$],#SN4aC=O=C(C[$])[$],#SN6a=O[$],#TC3A=C(C[$][$])[$],#TC3B=C(C[$][$][$])[$],#TC5A=C(=C[$])[$],#TC5B=C(=C[$][$])[$]}"
TPCN00056,CC=C1C[N+]2(C)CCC34c5ccccc5NC32C(O)CC1C4(CO)C(=O)OC,"{[#C4]3[#SN1]24[#SC4]1[#TC5][#TC5]1([#TN6d]2)([#SC3]3[#TN6]4([#TP1])([#N4a]))}.{#C4=CC=C(C[$])[$],#N4a=COC(=O)[$],#SC3=C(C(C[$][$][$])[$])[$],#SC4=C(C[$][$])(C[$][$][$])[$],#SN1=C[N+](CC[$])(C[$][$][$])[$],#TC5=C(C[$])[$],#TN6=OC[$][$],#TN6d=N[$][$],#TP1=OC[$]}"
TPCN00057,COC(=O)c1cncc2c1CC(O)C2C,"{[#N4a][#TC5A]1[#TN6a][#TC5B]12[#SN6][#TC4]2}.{#N4a=COC(=O)[$],#SN6=OC(C[$])[$],#TC4=CC[$][$],#TC5A=C(=C[$][$])[$],#TC5B=C(=C[$][$])[$][$],#TN6a=C(=N[$])[$]}"
TPCN00058,C=CC(C)(CCC=C(C)C(=O)O)OC1OC(C)C(OC(C)(C=C)CCC=C(C)C(=O)O)C(O)C1O,"{[#TC5][#SN3r][#SC2]=[#TC3][#SP2]([#TN4a]1[#TC4][#SN6][#SN3r][#TC5]([#SC2]=[#TC3][#SP2])([#TN6]1))}.{#SC2=C(C[$])C[$],#SN3r=CC(O[$])[$][$],#SN6=OC(C[$][$])[$],#SP2=O=C(O)[$],#TC3=CC[$][$],#TC4=CC[$][$],#TC5=C=C[$],#TN4a=O(C[$][$])[$],#TN6=OC[$][$]}"
TPCN00059,CC(C)C1C(C(=O)O)CC(C)C(O)C1O,"{[#SC2][#SC3]1[#SP2]([#TC4][#SP4]1)}.{#SC2=CC(C)[$],#SC3=C(C(C[$][$])[$])[$],#SP2=O=C(O)[$],#SP4=OC(C(O)[$])[$],#TC4=CC[$][$]}"
TPCN00060,CC12CC3(O)OC(O1)C5(COC(=O)c4ccccc4)C3CC25OC6OC(CO)C(O)C(O)C6O,"{[#TC4]14[#SN6]2[#SN5a]1[#SC5]2[#N4a][#TC5B]3[#TC5A][#TC5A]3([#TN6A]4[#SN4a]5[#TP1]([#SP4][#TN6B]5))}.{#N4a=O=C(OC[$])[$],#SC5=C(C(C[$][$][$])[$])[$],#SN4a=O(C[$][$])C[$][$],#SN5a=O(C(O[$])[$])[$],#SN6=OC(C[$])[$][$],#SP4=OC(C(O)[$])[$],#TC4=CC[$][$][$],#TC5A=C(=C[$])[$],#TC5B=C(=C[$][$])[$],#TN6A=O(C[$][$][$])[$],#TN6B=OC[$][$],#TP1=OC[$]}"
TPCN00062,C=CC1C(OC2OC(CO)C(O)C(O)C2O)OC=C(C(=O)OC)C1CC3c4cc(O)c(O)cc4CCN3C(C)=O,"{[#TC5C][#TC3]2[#TN4a][#SP4B]1[#TN4a][#TP1]([#SP4A]1)([#TC5A]2[#N4a])([#TC4]4[#TC5B]3[#SN6][#SN6]3([#SN6d]4[#SN4a]))}.{#N4a=COC(=O)[$],#SN4a=CC(=O)[$],#SN6=OC(C[$])[$],#SN6d=C(C[$])N[$][$],#SP4A=OC(C(O)[$])[$],#SP4B=OC(C(O[$])[$])[$],#TC3=C(C[$][$])[$][$],#TC4=C(C[$][$])[$],#TC5A=C(=C[$][$])[$],#TC5B=C(C[$][$])[$][$],#TC5C=C=C[$],#TN4a=O(C[$][$])[$],#TP1=OC[$]}"
TPCN00063,CC(C)C1C=CC2(CC1)CC(C(=O)CC4CC3CC(CC(=O)O3)O4)C2C=Cc5ccccc5,"{[#SC2][#TC3A]1[#TC5A][#TC3B]1[#SC3B][#SN4aC][#SN4aB]2[#SC3C][#SN4aA][#SC3A]2(=[#SN6a])([#TC5A][#TC5B]3[#TC5A][#TC5A]3)}.{#SC2=CC(C)[$],#SC3A=C(C(C[$])[$])[$],#SC3B=C(C(C[$][$])[$])[$],#SC3C=C[$][$],#SN4aA=O(C[$][$])C[$][$],#SN4aB=O(C[$][$])[$],#SN4aC=O=C(C[$])[$],#SN6a=O[$],#TC3A=C(C[$][$])[$],#TC3B=C(C[$][$][$])[$],#TC5A=C(=C[$])[$],#TC5B=C(=C[$][$])[$]}"
TPCN00064,C=CC1C(OC2OC(CO)C(O)C(O)C2O)OC=C(C(=O)OC)C1CCN4CCc6c([nH]c3ccccc63)C4CC5C(C(=O)OC)=COC(OC7OC(CO)C(O)C(O)C7O)C5C=C,"{[#TC5E][#TC3B]2[#TN4a][#SP4B]1[#TN4a][#TP1]([#SP4A]1)([#TC5A]2[#N4a])([#TC3A][#SN6d]5[#TC5B]3[#TN6d][#TC5D]34[#TC5C][#TC5C]4([#TC4]5[#TC3B]6[#TC5A][#N4a]([#TN4a]6[#SP4B]7[#TN4a][#TP1]([#SP4A]7))([#TC5E])))}.{#N4a=COC(=O)[$],#SN6d=C(C[$])N[$][$],#SP4A=OC(C(O)[$])[$],#SP4B=OC(C(O[$])[$])[$],#TC3A=C(C[$])[$],#TC3B=C(C[$][$])[$][$],#TC4=C(C[$][$])[$],#TC5A=C(=C[$][$])[$],#TC5B=C(=C[$][$])[$][$],#TC5C=C(C[$])[$],#TC5D=C(C[$][$])[$][$],#TC5E=C=C[$],#TN4a=O(C[$][$])[$],#TN6d=N[$][$],#TP1=OC[$]}"
TPCN00065,CC(CO)c1ccc(COC2OC(CO)C(O)C(O)C2O)cc1,"{[#P1][#TC5B]2[#TC5B][#TN2a][#SN4a]1[#TP1]([#SP4][#TN6]1)([#TC5A]2)}.{#P1=CC(CO)[$],#SN4a=O(C[$][$])C[$][$],#SP4=OC(C(O)[$])[$],#TC5A=C(=C[$])[$],#TC5B=C(=C[$][$])[$],#TN2a=C(O[$])[$],#TN6=OC[$][$],#TP1=OC[$]}"
TPCN00066,CCC12CC(C(=O)OC)=C3Nc4cc(O)ccc4C36CCN(C(=O)C5OC51)C62,"{[#TC3C][#TC5C]145[#TC3B][#N4a](=[#TC5C]12[#TN6dB][#TC5B]23[#SN6][#TC5A]3([#TC3A][#TN6dA]4=[#TN6a]([#TC5B]5[#P4])))}.{#N4a=COC(=O)[$],#P4=O[$][$],#SN6=OC(C[$])[$],#TC3A=C(C[$])[$],#TC3B=C(C[$][$])[$],#TC3C=CC[$],#TC5A=C(C[$])[$],#TC5B=C(C[$][$])[$][$],#TC5C=C(C[$][$][$])[$][$],#TN6a=O[$],#TN6dA=C(N[$][$])[$][$],#TN6dB=N[$][$]}"
TPCN00068,C=CC1C(OC2OC(CO)C(O)C(O)C2O)OC=C5C(=O)N3CCc4cc(O)c(O)cc4C3CC51,"{[#TC5B][#SN6A]2[#SN4a]1[#TP1]([#SP4][#TN6]1)([#TN4a]=[#TC5A]23[#TN6a][#SN6d]34[#TC3][#TC5A]45[#SN6B][#SN6B]5)}.{#SN4a=O(C[$][$])C[$][$],#SN6A=O(C(C[$][$])[$])[$],#SN6B=OC(C[$])[$],#SN6d=C(C(N[$][$])[$])[$],#SP4=OC(C(O)[$])[$],#TC3=C(C[$])[$],#TC5A=C(C[$][$])[$][$],#TC5B=C=C[$],#TN4a=C(O[$])[$],#TN6=OC[$][$],#TN6a=O=C[$][$],#TP1=OC[$]}"
TPCN00069,CC1(C)C(=O)C2=C(OC3(CCC4CC3C4(C)C)CC2c5ccccc5)C(C)(C)C1=O,"{[#SC4]5[#TN6a][#TC5C]3[#SN4a]1[#TC3]2[#TC3]1[#SC4]2([#TC3]3[#TC5B]4[#TC5A][#TC5A]4)([#SC4][#TN6a]5)}.{#SC4=CC(C)[$][$],#SN4a=C(C(O[$])[$][$])[$],#TC3=C(C[$][$])[$],#TC5A=C(=C[$])[$],#TC5B=C(=C[$][$])[$],#TC5C=C(=C[$][$])[$][$],#TN6a=O=C[$][$]}"
TPCN00070,COC(=O)N1c2ccccc2C63C4CN5CCCC(CCC16C(=O)OC)(CC4=O)C53,"{[#N4a][#TN1B]2[#TC5B]1[#TC5A][#TC5A]1([#TC3C]24[#SC3]35[#TN1A][#TC3A][#TC3B]3[#TC3A]4([#TN6a]5)([#N4a]))}.{#N4a=COC(=O)[$],#SC3=C(C[$][$])[$].C[$][$][$],#TC3A=C(C[$])[$],#TC3B=C(C[$][$][$])[$],#TC3C=C(C[$][$][$])[$][$][$],#TC5A=C(C[$])[$],#TC5B=C(C[$][$])[$][$],#TN1A=C(N[$][$])[$],#TN1B=N[$][$][$],#TN6a=O=C[$][$]}"
TPCN00071,CC(C)C1C=CC2(CC1)CC(C(=O)CC(O)CC3CC=CC(=O)O3)C2C=Cc4ccccc4,"{[#SC2][#TC3A]1[#TC5A][#TC3B]1[#SC3][#SN4a][#SP1][#TN4a]2[#SC5][#TN6a]2([#TC5A][#TC5B]3[#TC5A][#TC5A]3)}.{#SC2=CC(C)[$],#SC3=C(C(C[$][$])[$])[$],#SC5=C(=C[$])C[$],#SN4a=O=C(C[$])[$],#SP1=OC(C[$])[$],#TC3A=C(C[$][$])[$],#TC3B=C(C[$][$][$])[$],#TC5A=C(=C[$])[$],#TC5B=C(=C[$][$])[$],#TN4a=O(C[$][$])[$],#TN6a=O=C[$][$]}"
TPCN00072,CC(C)C1C=CC2(CC1)CC(C(=O)CC4CC3CC(CC(=O)O3)O4)C2C=Cc5ccccc5,"{[#SC2][#TC3A]1[#TC5A][#TC3B]1[#SC3B][#SN4aC][#SN4aB]2[#SC3C][#SN4aA][#SC3A]2(=[#SN6a])([#TC5A][#TC5B]3[#TC5A][#TC5A]3)}.{#SC2=CC(C)[$],#SC3A=C(C(C[$])[$])[$],#SC3B=C(C(C[$][$])[$])[$],#SC3C=C[$][$],#SN4aA=O(C[$][$])C[$][$],#SN4aB=O(C[$][$])[$],#SN4aC=O=C(C[$])[$],#SN6a=O[$],#TC3A=C(C[$][$])[$],#TC3B=C(C[$][$][$])[$],#TC5A=C(=C[$])[$],#TC5B=C(=C[$][$])[$]}"
TPCN00073,COC(=O)C1=C2Nc3c(O)cccc3C25CCN4CC(C(C)O)C1CC45,"{[#N4a][#TC3C]34=[#TC5C]15[#TN6d][#TC5B]12[#SN6][#TC5A]2([#TC3A][#SN1]3[#SP1]([#TC3B]45))}.{#N4a=COC(=O)[$],#SN1=C(C[$][$])N[$][$],#SN6=OC(C[$])[$],#SP1=CC(O)[$],#TC3A=C(C[$])[$],#TC3B=C(C[$][$])[$],#TC3C=C(C[$][$])[$][$],#TC5A=C(C[$])[$],#TC5B=C(C[$][$])[$][$],#TC5C=C(C[$][$][$])[$][$],#TN6d=N[$][$]}"
TPCN00074,CC1(C)C(=O)C2=C(OC3(CCC4CC3C4(C)C)CC2c5ccccc5)C(C)(C)C1=O,"{[#SC4]5[#TN6a][#TC5C]3[#SN4a]1[#TC3]2[#TC3]1[#SC4]2([#TC3]3[#TC5B]4[#TC5A][#TC5A]4)([#SC4][#TN6a]5)}.{#SC4=CC(C)[$][$],#SN4a=C(C(O[$])[$][$])[$],#TC3=C(C[$][$])[$],#TC5A=C(=C[$])[$],#TC5B=C(=C[$][$])[$],#TC5C=C(=C[$][$])[$][$],#TN6a=O=C[$][$]}"
TPCN00076,CC=C1C(OC2OC(CO)C(O)C(O)C2O)OC=C4C(=O)OCC(C)C3C(O)CC(C)C3COC(=O)CC41,"{[#TC3B]=[#TC3A]23[#TN4a][#SP4B]1[#TN4a][#TP1]([#SP4A]1)([#TC5]2[#SN4a][#SC2][#SN6][#SC3][#N4a]3)}.{#N4a=O=C(C[$])OC[$],#SC2=CC(C[$])[$],#SC3=CC(C[$])C[$][$],#SN4a=O=C(O[$])[$],#SN6=OC(C[$][$])[$],#SP4A=OC(C(O)[$])[$],#SP4B=OC(C(O[$])[$])[$],#TC3A=C(C[$][$])[$][$],#TC3B=CC[$],#TC5=C(=C[$][$])[$],#TN4a=O(C[$][$])[$],#TP1=OC[$]}"
TPCN00077,CC=C1C[N+]2(C)CCc3c4n(c5ccccc35)C(C(=O)OC)C1CC42,"{[#TC3D]=[#TC3C]14[#SN1]5[#TC3A][#TC5A]2[#TN1]1[#TC5C]23[#TC5B][#TC5B]3([#N4a])([#TC3B]45)}.{#N4a=COC(=O)[$],#SN1=C[N+](C[$])[$][$],#TC3A=C(C[$])[$],#TC3B=C(C[$][$])[$],#TC3C=C(C[$][$])[$][$],#TC3D=CC[$],#TC5A=C(=C[$][$])[$][$],#TC5B=C(C[$])[$],#TC5C=C(C[$][$])[$][$],#TN1=C(N[$][$])[$][$]}"
TPCN00081,C=CC1CN2CCc3c([nH]c4cccc(OC)c34)C2CC1C(=COC)C(=O)OC,"{[#TC5F][#TC3B]4[#TN6dA]1[#TC3A][#TC5B]12[#TN6dB][#TC5E]23[#TC5C][#TC5D]3[#TN2a]([#TC3B]4[#TC5A][#TP1d]([#N4a]))}.{#N4a=COC(=O)[$],#TC3A=C(C[$])[$],#TC3B=C(C[$][$])[$],#TC5A=C(=C[$][$])[$],#TC5B=C(=C[$][$])[$][$],#TC5C=C(C[$])[$],#TC5D=C(C[$][$])[$],#TC5E=C(C[$][$])[$][$],#TC5F=C=C[$],#TN2a=CO[$],#TN6dA=C(N[$][$])[$][$],#TN6dB=N[$][$],#TP1d=CO[$]}"
TPCN00082,C=C(COC1OC(CO)C(O)C(O)C1OC2OC(COC(=O)CC(=O)O)C(O)C(O)C2O)C3CC=C(C)CC3,"{[#TC5][#TP1d][#SN4a]1[#TP1]([#SP4][#TN6A]1[#SN4a]2[#N4a][#SP2]([#SP4][#TN6B]2))([#TC3B]3[#SC4][#TC3A]3)}.{#N4a=O=C(C[$])OC[$],#SC4=CC(=C[$])[$],#SN4a=O(C[$][$])C[$][$],#SP2=O=C(O)[$],#SP4=OC(C(O)[$])[$],#TC3A=C(C[$])[$],#TC3B=C(C[$][$])[$],#TC5=C=C[$][$],#TN6A=O(C[$][$])[$],#TN6B=OC[$][$],#TP1=OC[$],#TP1d=C(O[$])[$]}"
TPCN00083,C=CC1C(OC2OC(CO)C(O)C(O)C2O)OC=C6C(=O)N3CCc4c([nH]c5ccc(O)cc45)C3CC61,"{[#TC5D][#SN6A]2[#SN4a]1[#TP1]([#SP4][#TN6]1)([#TN4a]=[#TC5C]23[#TN6a][#SN6d]34[#TC3][#TC5A]45[#TN6d][#TC5C]56[#TC5B][#SN6B]6)}.{#SN4a=O(C[$][$])C[$][$],#SN6A=O(C(C[$][$])[$])[$],#SN6B=OC(C[$])[$],#SN6d=C(C(N[$][$])[$])[$],#SP4=OC(C(O)[$])[$],#TC3=C(C[$])[$],#TC5A=C(=C[$][$])[$][$],#TC5B=C(C[$])[$],#TC5C=C(C[$][$])[$][$],#TC5D=C=C[$],#TN4a=C(O[$])[$],#TN6=OC[$][$],#TN6a=O=C[$][$],#TN6d=N[$][$],#TP1=OC[$]}"
TPCN00085,O=CC1(C=COC2OC(CO)C(O)C(O)C2O)CCC(COC(=O)C=Cc3ccc(O)c(O)c3)CC1O,"{[#TN4a][#SN6B]2[#SP2][#SN4a]1[#TP1]([#SP4][#TN6]1)([#TC3A][#TC3B]2[#N4a][#TC5A][#TC5B]3[#SN6A][#SN6A]3)}.{#N4a=O=C(OC[$])[$],#SN4a=O(C[$][$])C[$][$],#SN6A=OC(=C[$])[$],#SN6B=OC(C[$][$][$])[$],#SP2=C(=C[$])O[$],#SP4=OC(C(O)[$])[$],#TC3A=C(C[$])[$],#TC3B=C(C[$][$])[$],#TC5A=C(=C[$])[$],#TC5B=C(=C[$][$])[$],#TN4a=O=C[$],#TN6=OC[$][$],#TP1=OC[$]}"
TPCN00086,C=C(CCCC(C)CO)C1COC2OC(CO)C(O)C(=O)C21O,"{[#C4][#P1]([#SN6]1[#TN4aA]([#TN4aB][#TP1]([#TN6][#TN6a]1)))}.{#C4=C=C(CC[$])[$],#P1=CC(CO)C[$],#SN6=OC(C[$][$])(C[$][$])[$],#TN4aA=C(O[$])[$],#TN4aB=O(C[$][$])[$],#TN6=OC[$][$],#TN6a=O=C[$][$],#TP1=OC[$]}"
TPCN00087,C=CC1C(OC2OC(CO)C(O)C(O)C2O)OC=C(C(=O)O)C1CC3NCCc4cc(O)c(OC)cc43,"{[#TC5D][#TC3]2[#TN4a][#SP4B]1[#TN4a][#TP1]([#SP4A]1)([#TC5A]2[#SP2])([#TC4]3[#SN6d][#TC5C]34[#SN6][#TC5B]4[#TN2a])}.{#SN6=OC(C[$])[$],#SN6d=C(C[$])N[$],#SP2=O=C(O)[$],#SP4A=OC(C(O)[$])[$],#SP4B=OC(C(O[$])[$])[$],#TC3=C(C[$][$])[$][$],#TC4=C(C[$][$])[$],#TC5A=C(=C[$][$])[$],#TC5B=C(C[$][$])[$],#TC5C=C(C[$][$])[$][$],#TC5D=C=C[$],#TN2a=CO[$],#TN4a=O(C[$][$])[$],#TP1=OC[$]}"
TPCN00088,C=C(C)C1CCC2(C(=O)O)CCC3(C)C(CCC4C5(C)CCC(O)C(C)(C)C5CCC43C)C12,"{[#SC4A][#TC3B][#SC3]1[#SP2]([#TC3A][#SC4C]12[#TC3A][#SC4C]24[#SC4C]3[#TC3A][#TN6][#SC4B]3([#TC3A]4))}.{#SC3=C(C(C[$][$])[$][$])[$],#SC4A=C=C(C)[$],#SC4B=CC(C)[$][$],#SC4C=CC(C[$][$])[$][$],#SP2=O=C(O)[$],#TC3A=C(C[$])[$],#TC3B=C(C[$][$])[$],#TN6=OC[$][$]}"
TPCN00089,CC=C1C(OC2OC(CO)C(O)C(O)C2O)OC=C(C(=O)OC)C1CC(=O)OCC(C)C3CC(O)C(C)C3COC(=O)CC4C(C(=O)OC)=COC(OC5OC(CO)C(O)C(O)C5O)C4=CC,"{[#TC3B]=[#TC3A]2[#TN4a][#SP4B]1[#TN4a][#TP1]([#SP4A]1)([#TC5]2[#N4aA])([#SN4a][#N3r][#SC3]3[#TN6][#TC4]3([#N4aB][#TC3A]4[#TC5][#N4aA]([#TN4a]4[#SP4B]5[#TN4a][#TP1]([#SP4A]5))(=[#TC3B])))}.{#N3r=CC(CO[$])[$],#N4aA=COC(=O)[$],#N4aB=O=C(C[$])OC[$],#SC3=C(C(C[$][$])[$])[$],#SN4a=O=C(C[$])[$],#SP4A=OC(C(O)[$])[$],#SP4B=OC(C(O[$])[$])[$],#TC3A=C(C[$][$])[$][$],#TC3B=CC[$],#TC4=CC[$][$],#TC5=C(=C[$][$])[$],#TN4a=O(C[$][$])[$],#TN6=OC[$][$],#TP1=OC[$]}"
TPCN00090,COC(=O)N1c2c(ccc3c2OCO3)C67CCN4CCCC5(CCC16C(O)(C(=O)OC)C5)C47,"{[#N4a][#TN1B]2[#TC5B]1[#TC5A][#TC5B]1[#SN5a]([#TC3B]245[#SC3B]3[#TN1A][#SC3A]3[#TC3A]4([#SN6]5[#N4a]))}.{#N4a=COC(=O)[$],#SC3A=C(C[$])C[$][$][$],#SC3B=C(C[$])[$].C[$][$][$],#SN5a=C(O[$])O[$],#SN6=OC(C[$])[$][$],#TC3A=C(C[$])[$],#TC3B=C(C[$][$][$])[$][$][$],#TC5A=C(=C[$])[$],#TC5B=C(=C[$][$])[$][$],#TN1A=C(N[$][$])[$],#TN1B=N[$][$][$]}"
TPCN00092,CC12CC3(O)OC(O1)C5(COC(=O)c4ccc(O)cc4)C3CC25OC6OC(COC(=O)c7ccccc7)C(O)C(O)C6O,"{[#TC4]14[#SN6B]2[#SN5a]1[#SC5]2[#N4a][#TC5B]3[#SN6A][#TC5A]3([#TN6A]4[#SN4a]6[#N4a][#TC5B]5[#TC5A][#TC5A]5([#SP4][#TN6B]6))}.{#N4a=O=C(OC[$])[$],#SC5=C(C(C[$][$][$])[$])[$],#SN4a=O(C[$][$])C[$][$],#SN5a=O(C(O[$])[$])[$],#SN6A=OC(=C[$])[$],#SN6B=OC(C[$])[$][$],#SP4=OC(C(O)[$])[$],#TC4=CC[$][$][$],#TC5A=C(=C[$])[$],#TC5B=C(=C[$][$])[$],#TN6A=O(C[$][$][$])[$],#TN6B=OC[$][$]}"
TPCN00093,CCC1CC2CN3CCc4c([nH]c5ccccc45)C(C(=O)OC)(C2)C13,"{[#TC3C][#TC3B]3[#TC3B]4[#TN6dA]5[#TC3A][#TC5A]1[#TN6dB][#TC5C]12[#TC5B][#TC5B]2([#TC5D]345[#N4a])}.{#N4a=COC(=O)[$],#TC3A=C(C[$])[$],#TC3B=C(C[$][$])[$],#TC3C=CC[$],#TC5A=C(=C[$][$])[$][$],#TC5B=C(C[$])[$],#TC5C=C(C[$][$])[$][$],#TC5D=C(C[$][$][$])[$][$],#TN6dA=C(N[$][$])[$],#TN6dB=N[$][$]}"
TPCN00095,CC(=CCO)CCC=C(C)C(=O)OC1C(OC2C(O)C(C)OC(OCC=C(C)CCC=C(C)COC3OC(C)C(O)C(O)C3O)C2O)OC(C)C(O)C1OC4OC(C)C(O)C(O)C4O,"{[#SC2B]=[#SP1]([#C4][#SN4a][#SN6]3[#TN4a][#SP4B]1[#TN6][#TC4][#TN4a]1[#SN3r]=[#TC3][#SC2A]=[#N3r][#TN4a]2[#TC4][#SP4A][#TN6]2([#TC4][#TN6]3)([#TN4a]4[#TC4][#SP4A][#TN6]4))}.{#C4=CC(=CC[$])[$],#N3r=CC(CO[$])[$],#SC2A=C(C[$])C[$],#SC2B=CC(C[$])[$],#SN3r=C(C[$])O[$],#SN4a=O=C(O[$])[$],#SN6=O(C(C[$][$])[$])[$],#SP1=OCC[$],#SP4A=OC(C(O)[$])[$],#SP4B=OC(C(O[$])[$])[$],#TC3=CC[$][$],#TC4=CC[$][$],#TN4a=O(C[$][$])[$],#TN6=OC[$][$]}"
TPCN00097,COC(=O)C1=COC(OC2OC(CO)C(O)C(O)C2O)C5C(C3NCCc4c3[nH]c6ccccc46)=CCC15,"{[#N4a][#TC5A]2[#TN4a][#SP4B]1[#TN4a][#TP1]([#SP4A]1)([#SC3]2[#TC5A][#TC5C]34[#TN6dA][#TC3]3[#TC5C]5[#TN6dB]4([#TC5B][#TC5B]5))}.{#N4a=COC(=O)[$],#SC3=C(C(C[$][$])[$])[$],#SP4A=OC(C(O)[$])[$],#SP4B=OC(C(O[$])[$])[$],#TC3=C(C[$][$])[$],#TC5A=C(=C[$][$])[$],#TC5B=C(C[$])[$],#TC5C=C(C[$][$])[$][$],#TN4a=O(C[$][$])[$],#TN6dA=C(N[$])[$],#TN6dB=N[$][$],#TP1=OC[$]}"
TPCN00098,CC1OC=C(C(=O)[O-])C2Cc3c4[nH]c5ccccc5c4cc[n+]3CC12,"{[#TC4][#TN4a]1[#TC5A][#SN4a]([#TC5D]14[#SC5][#TC5B]35[#TN6d][#TC5D]2[#TC5C][#TC5C]2([#TC5A]3[#SN6a]45))}.{#SC5=C[$][$],#SN4a=O=C([O-])[$],#SN6a=C(=[N+](C[$])[$])[$],#TC4=C[$],#TC5A=C(=C[$][$])[$],#TC5B=C(=C[$][$])[$][$],#TC5C=C(C[$])[$],#TC5D=C(C[$][$])[$][$],#TN4a=O(C[$][$])[$],#TN6d=N[$][$]}"
TPCN00099,C=CC(C)(CCC=C(C)C(=O)O)OC1OCC(OC(=O)C(C)CC)C(OC2OC(CO)C(O)C(O)C2O)C1O,"{[#TC5][#SN3r][#SC2]=[#TC3B][#SP2]([#TN4a]1[#TC3A][#SN4aB][#C1]([#SP4B]1[#SN4aA]2[#TP1]([#SP4A][#TN6]2)))}.{#C1=CCC(C)[$],#SC2=C(C[$])C[$],#SN3r=CC(O[$])[$][$],#SN4aA=O(C[$][$])C[$][$],#SN4aB=O=C(O[$])[$],#SP2=O=C(O)[$],#SP4A=OC(C(O)[$])[$],#SP4B=OC(C(O[$])[$])[$],#TC3A=C(C[$][$])[$],#TC3B=CC[$][$],#TC5=C=C[$],#TN4a=O(C[$][$])[$],#TN6=OC[$][$],#TP1=OC[$]}"
TPCN00100,CC(=O)OC1C2C3CC4C5=Nc6ccccc6C51CC2N4C(C)C3C=O,"{[#SN4a][#TC3B]2[#TC3A]4[#SN6d]3=[#TN6d][#TC5B]1[#TC5A][#TC5A]1([#SC3]23)([#SC4]4[#TN4a])}.{#SC3=C(C[$][$])C[$][$][$],#SC4=CC(C[$][$])[$],#SN4a=CC(=O)O[$],#SN6d=C(C[$][$])(N[$][$])[$],#TC3A=C(C[$][$])[$],#TC3B=C(C[$][$])[$][$],#TC5A=C(C[$])[$],#TC5B=C(C[$][$])[$][$],#TN4a=O=C[$],#TN6d=N[$][$]}"
TPCN00101,CC(C)(OC1OC(CO)C(O)C(O)C1O)C2CC=C(C(=O)O)CC2,"{[#N3r][#SN4a]1[#TP1]([#SP4][#TN6]1)([#TC3B]2[#TC5][#SP2]([#TC3A]2))}.{#N3r=CC(C)(O[$])[$],#SN4a=O(C[$][$])C[$][$],#SP2=O=C(O)[$],#SP4=OC(C(O)[$])[$],#TC3A=C(C[$])[$],#TC3B=C(C[$][$])[$],#TC5=C(=C[$][$])[$],#TN6=OC[$][$],#TP1=OC[$]}"
TPCN00102,C=CC1C(OC2OC(CO)C(O)C(O)C2O)OC=C(C(=O)OC)C1Cc4c5[nH]c3ccccc3c5cc[n+]4C,"{[#TC5E][#TC3]2[#TN4a][#SP4B]1[#TN4a][#TP1]([#SP4A]1)([#TC5A]2[#N4a])([#TC4][#TC5B]45[#TN6d][#TC5D]3[#TC5C][#TC5C]3([#TC5A]4[#TN6a]5[#SC4]))}.{#N4a=COC(=O)[$],#SC4=C[$],#SP4A=OC(C(O)[$])[$],#SP4B=OC(C(O[$])[$])[$],#TC3=C(C[$][$])[$][$],#TC4=C[$][$],#TC5A=C(=C[$][$])[$],#TC5B=C(=C[$][$])[$][$],#TC5C=C(C[$])[$],#TC5D=C(C[$][$])[$][$],#TC5E=C=C[$],#TN4a=O(C[$][$])[$],#TN6a=C(=[N+][$][$])[$],#TN6d=N[$][$],#TP1=OC[$]}"
TPCN00105,COC(=O)C1=C2Nc3ccccc3C25CCN4CC(C(C)O)C1CC45,"{[#N4a][#TC3C]34=[#TC5C]15[#TN6d][#TC5B]12[#TC5A][#TC5A]2([#TC3A][#SN1]3[#SP1]([#TC3B]45))}.{#N4a=COC(=O)[$],#SN1=C(C[$][$])N[$][$],#SP1=CC(O)[$],#TC3A=C(C[$])[$],#TC3B=C(C[$][$])[$],#TC3C=C(C[$][$])[$][$],#TC5A=C(C[$])[$],#TC5B=C(C[$][$])[$][$],#TC5C=C(C[$][$][$])[$][$],#TN6d=N[$][$]}"
TPCN00106,CC(=O)OC1C(C)OC(OCC=C(C)CCC=C(C)COC2OC(C)C(O)C(O)C2O)C(O)C1OC3OC(C)C(O)C(OC4OC(C)C(O)C(O)C4O)C3OC(=O)C(C)=CCCC(C)=CCO,"{[#SN4aA][#SN6]2[#TC4][#TN4a][#SN3r]=[#TC3][#SC2A]=[#N3r][#TN4a]1[#TC4][#SP4][#TN6]1([#TN6]2)([#TN4a]3[#TC4][#TN6][#SN6]3[#TN4a]4[#TC4][#SP4][#TN6]4([#SN4aB][#C4][#SC2B]=[#SP1]))}.{#C4=CC(=CC[$])[$],#N3r=CC(CO[$])[$],#SC2A=C(C[$])C[$],#SC2B=CC(C[$])[$],#SN3r=C(C[$])O[$],#SN4aA=CC(=O)O[$],#SN4aB=O=C(O[$])[$],#SN6=O(C(C[$][$])[$])[$],#SP1=OCC[$],#SP4=OC(C(O)[$])[$],#TC3=CC[$][$],#TC4=CC[$][$],#TN4a=O(C[$][$])[$],#TN6=OC[$][$]}"
TPCN00107,Cc1cc(O)c(C(C)C)cc1OC2OC(CO)C(O)C(O)C2O,"{[#SC4]1[#SN6B][#SC2]([#SN6A]1[#SN4a]2[#TP1]([#SP4][#TN6]2))}.{#SC2=CC(C)[$],#SC4=CC(=C[$])[$],#SN4a=O(C[$][$])C[$][$],#SN6A=C(=C(O[$])[$])[$],#SN6B=OC(=C[$][$])[$],#SP4=OC(C(O)[$])[$],#TN6=OC[$][$],#TP1=OC[$]}"
TPCN00108,C=CC1C(OC2OC(CO)C(O)C(O)C2O)OC=C(C(=O)O)C1CCO,"{[#TC5B][#TC3]2[#TN4a][#SP4B]1[#TN4a][#TP1]([#SP4A]1)([#TC5A]2[#SP2])([#SP1])}.{#SP1=OCC[$],#SP2=O=C(O)[$],#SP4A=OC(C(O)[$])[$],#SP4B=OC(C(O[$])[$])[$],#TC3=C(C[$][$])[$][$],#TC5A=C(=C[$][$])[$],#TC5B=C=C[$],#TN4a=O(C[$][$])[$],#TP1=OC[$]}"
TPCN00109,C=C(COC1OC(COC(=O)CC(=O)O)C(O)C(O)C1OC2OC(CO)C(O)C(O)C2O)C3CC=C(C)CC3,"{[#TC5][#TP1d][#SN4a]1[#N4a][#SP2]([#SP4][#TN6A]1[#SN4a]2[#TP1]([#SP4][#TN6B]2))([#TC3B]3[#SC4][#TC3A]3)}.{#N4a=O=C(C[$])OC[$],#SC4=CC(=C[$])[$],#SN4a=O(C[$][$])C[$][$],#SP2=O=C(O)[$],#SP4=OC(C(O)[$])[$],#TC3A=C(C[$])[$],#TC3B=C(C[$][$])[$],#TC5=C=C[$][$],#TN6A=O(C[$][$])[$],#TN6B=OC[$][$],#TP1=OC[$],#TP1d=C(O[$])[$]}"
TPCN00110,C=CC1C(OC2OC(CO)C(O)C(O)C2O)OC=C(C(=O)O)C1CC3NCCc5c3[nH]c4ccccc54,"{[#TC5E][#TC3]2[#TN4a][#SP4B]1[#TN4a][#TP1]([#SP4A]1)([#TC5A]2[#SP2])([#TC4]3[#SN6d][#TC5B]34[#TN6d][#TC5D]45[#TC5C][#TC5C]5)}.{#SN6d=C(C[$])N[$],#SP2=O=C(O)[$],#SP4A=OC(C(O)[$])[$],#SP4B=OC(C(O[$])[$])[$],#TC3=C(C[$][$])[$][$],#TC4=C(C[$][$])[$],#TC5A=C(=C[$][$])[$],#TC5B=C(=C[$][$])[$][$],#TC5C=C(C[$])[$],#TC5D=C(C[$][$])[$][$],#TC5E=C=C[$],#TN4a=O(C[$][$])[$],#TN6d=N[$][$],#TP1=OC[$]}"
TPCN00111,OCC1OC(OC2OC=CC3CC4OC4(CO)C32)C(O)C(O)C1O,"{[#TP1][#TN4aA]3[#SP4B][#TN4aA]1[#TC5A][#TC5B]12[#TC3][#TN4aB]2[#TP1]([#SP4A]3)}.{#SP4A=OC(C(O)[$])[$],#SP4B=OC(C(O[$])[$])[$],#TC3=C(C[$][$])[$],#TC5A=C(=C[$])[$],#TC5B=C(C[$][$])[$][$],#TN4aA=O(C[$][$])[$],#TN4aB=O(C[$][$][$])[$],#TP1=OC[$]}"
TPCN00113,CC12CC3(O)OC(O1)C4(CO)C3CC24OC5OC(CO)C(O)C(O)C5O,"{[#TC4]13[#SN6]2[#SN5a]1[#SC5]2[#TP1]([#TN6A]3[#SN4a]4[#TP1]([#SP4][#TN6B]4))}.{#SC5=C(C(C[$][$][$])[$])[$],#SN4a=O(C[$][$])C[$][$],#SN5a=O(C(O[$])[$])[$],#SN6=OC(C[$])[$][$],#SP4=OC(C(O)[$])[$],#TC4=CC[$][$][$],#TN6A=O(C[$][$][$])[$],#TN6B=OC[$][$],#TP1=OC[$]}"
TPCN00115,C=CC1C(OC2OC(CO)C(O)C(O)C2O)OC=C(C(=O)OC)C1CC3NC(C(=O)O)Cc5c3[nH]c4ccccc54,"{[#TC5E][#TC3]2[#TN4a][#SP4B]1[#TN4a][#TP1]([#SP4A]1)([#TC5A]2[#N4a])([#TC4]3[#SN6d][#SP2]([#TC5B]34[#TN6d][#TC5D]45[#TC5C][#TC5C]5))}.{#N4a=COC(=O)[$],#SN6d=C(C(N[$])[$])[$],#SP2=O=C(O)[$],#SP4A=OC(C(O)[$])[$],#SP4B=OC(C(O[$])[$])[$],#TC3=C(C[$][$])[$][$],#TC4=C(C[$][$])[$],#TC5A=C(=C[$][$])[$],#TC5B=C(=C[$][$])[$][$],#TC5C=C(C[$])[$],#TC5D=C(C[$][$])[$][$],#TC5E=C=C[$],#TN4a=O(C[$][$])[$],#TN6d=N[$][$],#TP1=OC[$]}"
TPCN00116,C=CC1C(OC2OC(CO)C(O)C(O)C2O)OC=C(C(=O)OC)C1CC3=[N+](C)CCc5c3[nH]c4ccccc54,"{[#TC5E][#TC3]2[#TN4a][#SP4B]1[#TN4a][#TP1]([#SP4A]1)([#TC5A]2[#N4a])([#TC4][#TN6a]3[#SC4]([#TC5C][#TC5B]34[#TN6d][#TC5D]45[#TC5C][#TC5C]5))}.{#N4a=COC(=O)[$],#SC4=C[$],#SP4A=OC(C(O)[$])[$],#SP4B=OC(C(O[$])[$])[$],#TC3=C(C[$][$])[$][$],#TC4=C[$][$],#TC5A=C(=C[$][$])[$],#TC5B=C(=C[$][$])[$][$],#TC5C=C(C[$])[$],#TC5D=C(C[$][$])[$][$],#TC5E=C=C[$],#TN4a=O(C[$][$])[$],#TN6a=C(=[N+][$][$])[$][$],#TN6d=N[$][$],#TP1=OC[$]}"
TPCN00117,O=C(C=Cc1ccc(O)c(O)c1)OC(Cc2ccc(O)c(O)c2)C(=O)O,"{[#TN4a][#TC5A][#TC5B]1[#SN6][#SN6]1([#SN3r][#TC5B]2[#SN6][#SN6]2([#SP2]))}.{#SN3r=C(C(O[$])[$])[$],#SN6=OC(=C[$])[$],#SP2=O=C(O)[$],#TC5A=C(=C[$])[$],#TC5B=C(=C[$][$])[$],#TN4a=O=C[$][$]}"
TPCN00118,C=CC(C)(C)C(C=C(C)C)OC1OC(CO)C(O)C(O)C1O,"{[#TC5][#SC2B][#SN3r]=[#SC2A]([#SN4a]1[#TP1]([#SP4][#TN6]1))}.{#SC2A=CC(C)[$],#SC2B=CC(C)[$][$],#SN3r=C(C(O[$])[$])[$],#SN4a=O(C[$][$])C[$][$],#SP4=OC(C(O)[$])[$],#TC5=C=C[$],#TN6=OC[$][$],#TP1=OC[$]}"
TPCN00120,CC1C(O)CC2C(C(=O)O)=COC(OC3OC(CO)C(O)C(O)C3O)C21,"{[#TC4]1[#SN6][#TC5B]12[#TC5A][#SP2]([#TN4a]2[#SP4B]3[#TN4a][#TP1]([#SP4A]3))}.{#SN6=OC(C[$])[$],#SP2=O=C(O)[$],#SP4A=OC(C(O)[$])[$],#SP4B=OC(C(O[$])[$])[$],#TC4=CC[$][$],#TC5A=C(=C[$][$])[$],#TC5B=C(C[$][$])[$][$],#TN4a=O(C[$][$])[$],#TP1=OC[$]}"
TPCN00121,CC1(C)C2CCC1(C)C(OC(=O)C=CC=Cc4ccc3c(c4)OCO3)C2,"{[#SC3A]1[#SC3B][#TC3]1[#SN4a][#SC5][#TC5B]2[#TC5A][#TC5C]2[#SN5a]}.{#SC3A=CC(C)(C[$][$])[$],#SC3B=CC(CC[$])[$][$],#SC5=C(C=C[$])=C[$],#SN4a=O=C(O[$])[$],#SN5a=C(O[$])O[$],#TC3=C(C[$][$])[$],#TC5A=C(=C[$])[$],#TC5B=C(=C[$][$])[$],#TC5C=C(=C[$][$])[$][$]}"
TPCN00123,C=C(COC1OC(COC(=O)CC(=O)O)C(O)C(O)C1OC2OC(COC(=O)CC(=O)O)C(O)C(O)C2O)C3CC=C(C)CC3,"{[#TC5][#TP1d][#SN4a]1[#N4a][#SP2]([#SP4][#TN6A]1[#SN4a]2[#N4a][#SP2]([#SP4][#TN6B]2))([#TC3B]3[#SC4][#TC3A]3)}.{#N4a=O=C(C[$])OC[$],#SC4=CC(=C[$])[$],#SN4a=O(C[$][$])C[$][$],#SP2=O=C(O)[$],#SP4=OC(C(O)[$])[$],#TC3A=C(C[$])[$],#TC3B=C(C[$][$])[$],#TC5=C=C[$][$],#TN6A=O(C[$][$])[$],#TN6B=OC[$][$],#TP1d=C(O[$])[$]}"
TPCN00124,CCC1CN(C)C2Cc3c([nH]c4ccccc34)C(c6c(OC)ccc8c5c([nH]c68)C7(C(=O)OC)CC9CC(CC)C7N(CC5)C9)CC1C2C(=O)OC,"{[#TC3D][#TC3B]8[#TN1][#TC4]9[#SC4]1[#TN6dB][#TC5C]12[#TC5B][#TC5B]2([#TC3B][#TC5C]3[#TN2a]([#TC5B][#TC5C]34[#TC5A]7[#TN6dB]4([#TC5D]56[#N4a]([#TC3B][#TC3B]5[#TC3D]([#TN6dA]6[#TC3A]7))))([#TC3C]89[#N4a]))}.{#N4a=COC(=O)[$],#SC4=C(C(=C[$][$])[$])[$],#TC3A=C(C[$])[$],#TC3B=C(C[$][$])[$],#TC3C=C(C[$][$])[$][$],#TC3D=CC[$],#TC4=C[$][$][$],#TC5A=C(=C[$][$])[$][$],#TC5B=C(C[$])[$],#TC5C=C(C[$][$])[$][$],#TC5D=C(C[$][$][$])[$][$],#TN1=CN[$][$],#TN2a=CO[$],#TN6dA=C(N[$][$])[$],#TN6dB=N[$][$]}"
TPCN00125,CC=C1CN2C3CC1C(CO)C2Cc4c3[nH]c5ccc(OC)cc45,"{[#TC3B]=[#TC3A]1[#TN6dA]23[#SC3]1[#TP1]([#TC3A]2[#TC5A]34[#TN6dB][#TC5D]45[#TC5B][#TC5C]5[#TN2a])}.{#SC3=C(C(C[$][$])[$])[$],#TC3A=C(C[$][$])[$],#TC3B=CC[$],#TC5A=C(=C[$][$])[$][$],#TC5B=C(C[$])[$],#TC5C=C(C[$][$])[$],#TC5D=C(C[$][$])[$][$],#TN2a=CO[$],#TN6dA=C(N[$][$])[$][$],#TN6dB=N[$][$],#TP1=OC[$]}"
TPCN00126,CCC1CN(C)C2Cc3c([nH]c4ccccc34)C(c6ccc8[nH]c5c(c8c6)CCN7CC9CC(CC)C7C5(C(=O)OC)C9)CC1C2C(=O)OC,"{[#TC3D][#TC3B]8[#TN1][#TC4]9[#SC4]1[#TN6dB][#TC5D]12[#TC5B][#TC5B]2([#TC3B][#TC5C]3[#TC5B][#TC5D]34[#TN6dB][#TC5A]45[#TC3A][#TN6dA]6[#TC3B]7[#TC3B][#TC3D]([#TC5E]567[#N4a])([#TC3C]89[#N4a]))}.{#N4a=COC(=O)[$],#SC4=C(C(=C[$][$])[$])[$],#TC3A=C(C[$])[$],#TC3B=C(C[$][$])[$],#TC3C=C(C[$][$])[$][$],#TC3D=CC[$],#TC4=C[$][$][$],#TC5A=C(=C[$][$])[$][$],#TC5B=C(C[$])[$],#TC5C=C(C[$][$])[$],#TC5D=C(C[$][$])[$][$],#TC5E=C(C[$][$][$])[$][$],#TN1=CN[$][$],#TN6dA=C(N[$][$])[$],#TN6dB=N[$][$]}"
TPCN00127,CC12CC3(O)OC(O1)C5(COC(=O)c4ccccc4)C3CC25OC6OC(COC(=O)c7ccc(O)cc7)C(O)C(O)C6O,"{[#TC4]14[#SN6B]2[#SN5a]1[#SC5]2[#N4a][#TC5B]3[#TC5A][#TC5A]3([#TN6A]4[#SN4a]6[#N4a][#TC5B]5[#SN6A][#TC5A]5([#SP4][#TN6B]6))}.{#N4a=O=C(OC[$])[$],#SC5=C(C(C[$][$][$])[$])[$],#SN4a=O(C[$][$])C[$][$],#SN5a=O(C(O[$])[$])[$],#SN6A=OC(=C[$])[$],#SN6B=OC(C[$])[$][$],#SP4=OC(C(O)[$])[$],#TC4=CC[$][$][$],#TC5A=C(=C[$])[$],#TC5B=C(=C[$][$])[$],#TN6A=O(C[$][$][$])[$],#TN6B=OC[$][$]}"
TPCN00128,CCC12CCCN3CCC4(C(=Nc5ccccc54)CC1)C32,"{[#TC3B][#TC5C]125[#TC3A][#TN6dA]1[#TC3A][#TC5C]23=[#TN6dB][#TC5B]34[#TC5A][#TC5A]4([#TC3A]5)}.{#TC3A=C(C[$])[$],#TC3B=CC[$],#TC5A=C(C[$])[$],#TC5B=C(C[$][$])[$][$],#TC5C=C(C[$][$][$])[$][$],#TN6dA=C(N[$][$])[$],#TN6dB=N[$][$]}"
TPCN00129,CC12CC3(O)OC(O1)C5(COC(=O)c4ccc(O)cc4)C3CC25OC6OC(COC(=O)c7cc(O)c(O)c(O)c7)C(O)C(O)C6O,"{[#TC4]14[#SN6B]2[#SN5a]1[#SC5]2[#N4a][#TC5B]3[#SN6A][#TC5A]3([#TN6A]4[#SN4a]6[#N4a][#TC5B]5[#SP4A][#SN6A]5([#SP4B][#TN6B]6))}.{#N4a=O=C(OC[$])[$],#SC5=C(C(C[$][$][$])[$])[$],#SN4a=O(C[$][$])C[$][$],#SN5a=O(C(O[$])[$])[$],#SN6A=OC(=C[$])[$],#SN6B=OC(C[$])[$][$],#SP4A=OC(=C(O)[$])[$],#SP4B=OC(C(O)[$])[$],#TC4=CC[$][$][$],#TC5A=C(=C[$])[$],#TC5B=C(=C[$][$])[$],#TN6A=O(C[$][$][$])[$],#TN6B=OC[$][$]}"
TPCN00130,OCC1=CCC2C=COC(OC3OC(CO)C(O)C(O)C3O)C12,"{[#TN2a][#TC5B][#SC3]1[#TC5A][#TN4a]1[#SP4B]2[#TN4a][#TP1]([#SP4A]2)}.{#SC3=C(C(C[$][$])[$])[$],#SP4A=OC(C(O)[$])[$],#SP4B=OC(C(O[$])[$])[$],#TC5A=C(=C[$])[$],#TC5B=C(=C[$][$])[$],#TN2a=OC[$],#TN4a=O(C[$][$])[$],#TP1=OC[$]}"
TPCN00131,C=CC(C)(O)CCC=C(C)C(=O)OC1OC(CO)C(O)C(O)C1O,"{[#TC5][#SP1][#SC2]=[#TC3][#SN4aB][#SN4aA]1[#TP1]([#SP4][#TN6]1)}.{#SC2=C(C[$])C[$],#SN4aA=O(C[$][$])C[$][$],#SN4aB=O=C(O[$])[$],#SP1=CC(O)[$][$],#SP4=OC(C(O)[$])[$],#TC3=CC[$][$],#TC5=C=C[$],#TN6=OC[$][$],#TP1=OC[$]}"
TPCN00132,CC(=CCCC(C)CCOC1OC(CO)C(O)C(O)C1O)C(=O)O,"{[#C4][#SC2][#SN3r][#SN4a]1[#TP1]([#SP4][#TN6]1)([#SP2])}.{#C4=CC(=CC[$])[$],#SC2=CC(C[$])[$],#SN3r=C(C[$])O[$],#SN4a=O(C[$][$])C[$][$],#SP2=O=C(O)[$],#SP4=OC(C(O)[$])[$],#TN6=OC[$][$],#TP1=OC[$]}"
TPCN00133,CCC12C=CCN3CCc4c(n(c5ccccc45)C(O)(C(=O)OC)C1)C32,"{[#TC3][#TC5D]125[#TC5A][#TN6d]1[#SC3]3[#TN6a]2[#TC5C]34[#TC5B][#TC5B]4([#SN6]5[#N4a])}.{#N4a=COC(=O)[$],#SC3=C(C[$])C[$][$],#SN6=OC(C[$])[$][$],#TC3=CC[$],#TC5A=C(=C[$])[$],#TC5B=C(C[$])[$],#TC5C=C(C[$][$])[$][$],#TC5D=C(C[$][$][$])[$][$],#TN6a=C(N[$][$])[$][$],#TN6d=C(N[$][$])[$]}"
TPCN00134,C=CC12C=CCN3CCC4(c5ccccc5NC(=O)C4(C(=O)OC)C1)C32,"{[#TC5F][#TC5D]125[#TC5A][#TN6dA]1[#TC3][#TC5E]24[#TC5C]3[#TC5B][#TC5B]3([#TN6dB]4=[#TN6a])([#N4a])([#SC3]5)}.{#N4a=COC(=O)[$],#SC3=C[$][$],#TC3=C(C[$])[$],#TC5A=C(=C[$])[$],#TC5B=C(C[$])[$],#TC5C=C(C[$][$])[$][$],#TC5D=C(C[$][$][$])[$][$],#TC5E=C(C[$][$][$])[$][$][$],#TC5F=C=C[$],#TN6a=O[$],#TN6dA=C(N[$][$])[$],#TN6dB=N(C[$][$])[$]}"
TPCN00135,C=CC1(C)CCC=C(C)C(=O)OC2C(C)OC(O1)C(O)C2O,"{[#TC5][#SN3r]1[#SC2]=[#TC3][#SN4a][#SN6]2[#TC4][#TN4a]1[#TN6]2}.{#SC2=C(C[$])C[$],#SN3r=CC(O[$])[$][$],#SN4a=O=C(O[$])[$],#SN6=OC(C[$][$])[$],#TC3=CC[$][$],#TC4=CC[$][$],#TC5=C=C[$],#TN4a=O(C[$][$])[$],#TN6=OC[$][$]}"
TPCN00136,CCC1CN(C)C2Cc3c([nH]c4ccccc34)C(=O)CC1C2C(=O)OC,"{[#TC3C][#TC3A]3[#TN1][#TC4]4[#SC4]1[#TN6d][#TC5B]12[#TC5A][#TC5A]2([#SN4a][#TC3B]34[#N4a])}.{#N4a=COC(=O)[$],#SC4=C(C(=C[$][$])[$])[$],#SN4a=O=C(C[$])[$],#TC3A=C(C[$][$])[$],#TC3B=C(C[$][$])[$][$],#TC3C=CC[$],#TC4=C[$][$][$],#TC5A=C(C[$])[$],#TC5B=C(C[$][$])[$][$],#TN1=CN[$][$],#TN6d=N[$][$]}"
TPCN00137,CC12CC3(O)OC(O1)C5(COC(=O)c4ccc(O)cc4)C3CC25OC6OC(COC(=O)c7ccc(O)cc7)C(O)C(O)C6O,"{[#TC4]14[#SN6B]2[#SN5a]1[#SC5]2[#N4a][#TC5B]3[#SN6A][#TC5A]3([#TN6A]4[#SN4a]6[#N4a][#TC5B]5[#SN6A][#TC5A]5([#SP4][#TN6B]6))}.{#N4a=O=C(OC[$])[$],#SC5=C(C(C[$][$][$])[$])[$],#SN4a=O(C[$][$])C[$][$],#SN5a=O(C(O[$])[$])[$],#SN6A=OC(=C[$])[$],#SN6B=OC(C[$])[$][$],#SP4=OC(C(O)[$])[$],#TC4=CC[$][$][$],#TC5A=C(=C[$])[$],#TC5B=C(=C[$][$])[$],#TN6A=O(C[$][$][$])[$],#TN6B=OC[$][$]}"
TPCN00138,Cc1cc(OC2OC(CO)C(O)C(O)C2O)c(C(C)C)cc1OC3OC(CO)C(O)C(O)C3O,"{[#SC4]2[#SN6B][#SN4a]1[#TP1]([#SP4][#TN6]1)([#SC2])([#SN6A]2[#SN4a]3[#TP1]([#SP4][#TN6]3))}.{#SC2=CC(C)[$],#SC4=CC(=C[$])[$],#SN4a=O(C[$][$])C[$][$],#SN6A=C(=C(O[$])[$])[$],#SN6B=O(C(=C[$][$])[$])[$],#SP4=OC(C(O)[$])[$],#TN6=OC[$][$],#TP1=OC[$]}"
TPCN00139,CC=C1CN2CCC34c5ccccc5NC6OC3(O)C2CC1C64C(=O)OC,"{[#TC3C]=[#TC3B]5[#TN6dA]36[#TC3A][#TC5C]24[#TC5B]1[#TC5A][#TC5A]1([#TN6dB]2[#TN2a][#SN6]34)([#TC3B]56)([#N4a])}.{#N4a=COC(=O)[$],#SN6=OC[$][$][$],#TC3A=C(C[$])[$],#TC3B=C(C[$][$])[$],#TC3C=CC[$],#TC5A=C(C[$])[$],#TC5B=C(C[$][$])[$][$],#TC5C=C(C[$][$][$])[$][$][$],#TN2a=O[$][$],#TN6dA=C(N[$][$])[$][$],#TN6dB=N(C[$][$])[$]}"
TPCN00144,CC1=C(COC2OC(COC3OC(CO)C(O)C(O)C3O)C(O)C(O)C2O)C(C)(C)CCC1,"{[#SC4A]3[#TN3r][#SN4a]2[#TN3r][#SN4a]1[#TP1]([#SP4][#TN6]1)([#SP4][#TN6]2)([#SC4B][#SC3]3)}.{#SC3=C(C[$])C[$],#SC4A=CC(=C[$][$])[$],#SC4B=CC(C)[$][$],#SN4a=O(C[$][$])C[$][$],#SP4=OC(C(O)[$])[$],#TN3r=C(O[$])[$],#TN6=OC[$][$],#TP1=OC[$]}"
TPCN00146,CCC1CC2CC3(C(=O)OC)c4[nH]c5ccccc5c4CCN(C2CC(C)=O)C13,"{[#TC3C][#TC3B]1[#TC3B]4[#TC5D]15[#N4a]([#TC5A]2[#TN6dB][#TC5C]23[#TC5B][#TC5B]3([#TC3A][#TN6dA]45[#SN5a]))}.{#N4a=COC(=O)[$],#SN5a=CC(=O)C[$],#TC3A=C(C[$])[$],#TC3B=C(C[$][$])[$],#TC3C=CC[$],#TC5A=C(=C[$][$])[$][$],#TC5B=C(C[$])[$],#TC5C=C(C[$][$])[$][$],#TC5D=C(C[$][$][$])[$][$],#TN6dA=C(N[$][$])[$][$],#TN6dB=N[$][$]}"
TPCN00147,CC(=O)OCC=C(C)CCC=C(C)C(=O)OC1C(OC2C(O)C(C)OC(OCC=C(C)CCC=C(C)COC3OC(C)C(O)C(O)C3O)C2O)OC(C)C(O)C1OC4OC(C)C(O)C(O)C4O,"{[#SN4aA][#SN3r]=[#SC2B][#C4][#SN4aB][#SN6]3[#TN4a][#SP4B]1[#TN6][#TC4][#TN4a]1[#SN3r]=[#TC3][#SC2A]=[#N3r][#TN4a]2[#TC4][#SP4A][#TN6]2([#TC4][#TN6]3)([#TN4a]4[#TC4][#SP4A][#TN6]4)}.{#C4=CC(=CC[$])[$],#N3r=CC(CO[$])[$],#SC2A=C(C[$])C[$],#SC2B=CC(C[$])[$],#SN3r=C(C[$])O[$],#SN4aA=CC(=O)[$],#SN4aB=O=C(O[$])[$],#SN6=O(C(C[$][$])[$])[$],#SP4A=OC(C(O)[$])[$],#SP4B=OC(C(O[$])[$])[$],#TC3=CC[$][$],#TC4=CC[$][$],#TN4a=O(C[$][$])[$],#TN6=OC[$][$]}"
TPCN00148,O=CC1(C=COC2OC(CO)C(O)C(O)C2O)CCC(COC(=O)C=Cc3ccccc3)CC1O,"{[#TN4a][#SN6]2[#SP2][#SN4a]1[#TP1]([#SP4][#TN6]1)([#TC3A][#TC3B]2[#N4a][#TC5A][#TC5B]3[#TC5A][#TC5A]3)}.{#N4a=O=C(OC[$])[$],#SN4a=O(C[$][$])C[$][$],#SN6=OC(C[$][$][$])[$],#SP2=C(=C[$])O[$],#SP4=OC(C(O)[$])[$],#TC3A=C(C[$])[$],#TC3B=C(C[$][$])[$],#TC5A=C(=C[$])[$],#TC5B=C(=C[$][$])[$],#TN4a=O=C[$],#TN6=OC[$][$],#TP1=OC[$]}"
TPCN00151,CC(C)C1=CC(OC2OC(CO)C(O)C(O)C2O)C(C)(O)CC1,"{[#SC2][#TC5]2[#TN6A][#SN4a]1[#TP1]([#SP4][#TN6B]1)([#SN6][#TC3]2)}.{#SC2=CC(C)[$],#SN4a=O(C[$][$])C[$][$],#SN6=CC(O)[$][$],#SP4=OC(C(O)[$])[$],#TC3=C(C[$])[$],#TC5=C(=C[$][$])[$],#TN6A=O(C[$][$])[$],#TN6B=OC[$][$],#TP1=OC[$]}"
TPCN00152,CCC12CCCN3CCc4c(n(c5ccccc45)C(=O)C1)C32,"{[#TC3B][#TC5C]125[#TC3A][#TN6d]1[#SC3]3[#TN6a]2[#TC5B]34[#TC5A][#TC5A]4([#SN6a]5)}.{#SC3=C(C[$])C[$][$],#SN6a=O=C(C[$])[$],#TC3A=C(C[$])[$],#TC3B=CC[$],#TC5A=C(C[$])[$],#TC5B=C(C[$][$])[$][$],#TC5C=C(C[$][$][$])[$][$],#TN6a=C(N[$][$])[$][$],#TN6d=C(N[$][$])[$]}"
TPCN00153,CC1(O)CCC2C(C(=O)O)=COC(OC3OC(CO)C(O)C(O)C3O)C21,"{[#SN6]1[#TC3][#TC5B]12[#TC5A][#SP2]([#TN4a]2[#SP4B]3[#TN4a][#TP1]([#SP4A]3))}.{#SN6=CC(O)[$][$],#SP2=O=C(O)[$],#SP4A=OC(C(O)[$])[$],#SP4B=OC(C(O[$])[$])[$],#TC3=C(C[$])[$],#TC5A=C(=C[$][$])[$],#TC5B=C(C[$][$])[$][$],#TN4a=O(C[$][$])[$],#TP1=OC[$]}"
